date,official_outlet_m3s,official_et_mm,official_surq_gen_mm,official_perc_mm,official_latq_mm,official_snopack_mm,official_soil_layer2_C,existing_ft_outlet_m3s,existing_ft_et_mm,existing_ft_surq_gen_mm,existing_ft_perc_mm,existing_ft_latq_mm,existing_ft_snopack_mm,existing_ft_soil_layer2_C,shaw_outlet_m3s,shaw_et_mm,shaw_surq_gen_mm,shaw_perc_mm,shaw_latq_mm,shaw_snopack_mm,shaw_soil_layer2_C
2021-01-01,8.514e-07,0.144,0.0,0.051,0.008,3.042,-3.969,8.117e-07,0.144,0.0,0.059,0.024,3.042,-1.409,0.02692,0.495,0.0,0.216,0.0,9.534,-1.212
2021-01-02,4.441e-05,0.0,0.0,0.051,0.008,13.18,-3.887,4.443e-05,0.0,0.0,0.066,0.026,13.18,0.003,0.02605,-0.027,0.0,0.205,0.0,19.674,-0.919
2021-01-03,1.615e-06,0.0,0.0,0.051,0.008,23.518,-3.817,1.672e-06,0.0,0.0,0.066,0.028,23.518,-0.003,0.02512,-0.02,0.0,0.195,0.0,30.012,-0.738
2021-01-04,7.135e-07,0.0,0.0,0.05,0.008,24.018,-3.593,8.367e-07,0.0,0.0,0.078,0.04,24.018,0.22,0.02425,-0.048,0.0,0.185,0.0,30.618,-0.62
2021-01-05,7.314e-06,0.0,0.0,0.05,0.008,25.818,-3.522,7.482e-06,0.0,0.0,0.079,0.049,25.818,0.056,0.02342,0.014,0.0,0.177,0.0,32.462,-0.588
2021-01-06,1.139e-06,0.0,0.0,0.05,0.008,27.718,-3.755,1.294e-06,0.0,0.0,0.067,0.045,27.718,-0.188,0.0226,0.05,0.0,0.169,0.0,34.386,-0.573
2021-01-07,1.356e-06,0.045,0.0,0.05,0.008,28.268,-4.022,0.0001302,0.045,0.0,0.067,0.043,28.268,-0.2,0.02182,0.205,0.0,0.162,0.0,35.002,-0.547
2021-01-08,3.287e-08,0.462,0.0,0.05,0.008,28.568,-4.451,0.0002513,0.459,0.0,0.067,0.041,28.568,-0.525,0.02106,0.307,0.0,0.155,0.0,35.344,-0.586
2021-01-09,1.575e-06,0.0,0.0,0.05,0.008,28.854,-4.78,0.0003692,0.0,0.0,0.067,0.039,28.854,-0.364,0.02032,-0.03,0.0,0.149,0.0,35.72,-0.583
2021-01-10,3.179e-08,0.233,0.0,0.049,0.008,29.14,-4.954,0.0004784,0.232,0.0,0.067,0.038,29.14,-0.345,0.01961,0.119,0.0,0.143,0.0,36.121,-0.599
2021-01-11,0.0001011,0.0,0.0,0.049,0.008,29.977,-5.029,0.0005877,0.0,0.0,0.067,0.037,29.977,-0.052,0.01892,0.05,0.0,0.138,0.0,36.98,-0.54
2021-01-12,0.0001945,0.0,0.0,0.05,0.008,31.964,-4.64,0.0007105,0.0,0.0,0.078,0.046,31.964,0.399,0.01826,-0.034,0.0,0.133,0.0,38.849,-0.462
2021-01-13,0.0002818,0.0,0.0,0.05,0.008,34.164,-4.321,0.0008267,0.0,0.0,0.078,0.053,34.164,0.493,0.01762,-0.003,0.0,0.128,0.0,40.977,-0.411
2021-01-14,0.0003619,0.243,0.0,0.05,0.008,35.514,-3.848,0.0009349,0.242,0.0,0.079,0.059,35.514,0.68,0.01699,0.411,0.0,0.123,0.0,42.346,-0.362
2021-01-15,0.000442,0.0,0.485,0.05,0.008,34.753,-3.635,0.001042,0.0,0.011,0.08,0.064,34.753,0.654,0.0164,-0.004,0.011,0.119,0.0,42.692,-0.331
2021-01-16,0.0005559,0.0,2.145,0.051,0.008,39.434,-3.235,0.00118,0.0,0.015,0.081,0.069,39.434,0.78,0.01586,-0.07,1.541,0.116,0.0,47.733,-0.232
2021-01-17,0.0005925,0.0,0.147,0.051,0.008,45.926,-3.193,0.001254,0.0,0.0,0.082,0.073,45.926,0.496,0.01527,0.069,0.527,0.112,0.0,53.218,-0.181
2021-01-18,0.000658,0.024,0.014,0.051,0.008,46.676,-3.873,0.001318,0.024,0.0,0.067,0.063,46.676,-0.138,0.01474,0.139,0.035,0.109,0.0,53.788,-0.216
2021-01-19,0.0007245,0.151,0.002,0.051,0.008,46.914,-4.678,0.001384,0.151,0.0,0.067,0.055,46.914,-0.353,0.01422,0.241,0.004,0.106,0.0,54.128,-0.279
2021-01-20,0.0006881,0.714,0.0,0.0,0.006,47.152,-5.446,0.001443,0.714,0.0,0.066,0.05,47.152,-0.419,0.01373,0.229,0.0,0.103,0.0,54.332,-0.345
2021-01-21,0.0006545,0.362,0.0,0.0,0.004,47.152,-6.094,0.001501,0.361,0.0,0.066,0.046,47.152,-0.302,0.01325,0.047,0.0,0.1,0.0,54.291,-0.389
2021-01-22,0.0006267,0.0,0.0,0.0,0.003,48.038,-6.088,0.001588,0.0,0.0,0.081,0.055,48.038,0.092,0.0128,-0.029,0.0,0.098,0.0,55.167,-0.363
2021-01-23,0.0005922,0.228,0.0,0.0,0.002,48.925,-6.724,0.001635,0.228,0.0,0.067,0.05,48.925,-0.514,0.01236,0.263,0.0,0.096,0.0,56.069,-0.398
2021-01-24,0.0005633,0.341,0.0,0.0,0.002,48.925,-7.48,0.001684,0.34,0.0,0.067,0.046,48.925,-0.801,0.01194,0.085,0.0,0.094,0.0,56.125,-0.466
2021-01-25,0.0005358,0.413,0.0,0.0,0.001,48.925,-8.033,0.00173,0.41,0.0,0.066,0.043,48.925,-0.6,0.01154,0.112,0.0,0.092,0.0,56.126,-0.486
2021-01-26,0.000515,0.0,0.0,0.0,0.001,50.061,-7.876,0.001782,0.0,0.0,0.069,0.042,50.061,-0.009,0.01116,-0.006,0.0,0.091,0.0,57.166,-0.432
2021-01-27,0.0004881,0.183,0.0,0.0,0.001,51.947,-7.468,0.001845,0.182,0.0,0.079,0.05,51.947,0.272,0.01079,0.271,0.0,0.09,0.0,58.89,-0.382
2021-01-28,0.0004618,0.0,0.0,0.0,0.001,52.784,-7.964,0.001881,0.0,0.0,0.067,0.046,52.784,-0.244,0.01043,0.025,0.0,0.089,0.0,59.743,-0.402
2021-01-29,0.0004387,0.229,0.0,0.0,0.0,52.872,-8.685,0.001917,0.227,0.0,0.066,0.043,52.872,-0.825,0.0101,0.29,0.0,0.089,0.0,59.967,-0.475
2021-01-30,0.0004173,0.058,0.0,0.0,0.0,52.872,-9.428,0.001937,0.058,0.0,0.059,0.036,52.872,-1.003,8.002e-11,0.004,0.0,0.089,0.0,60.064,-0.544
2021-01-31,0.0003969,0.172,0.0,0.0,0.0,52.872,-10.26,0.001956,0.17,0.0,0.059,0.031,52.872,-1.124,4.229e-11,0.03,0.0,0.088,0.0,60.155,-0.596
2021-02-01,5.894e-10,0.368,0.0,0.0,0.0,52.872,-10.697,0.001989,0.364,0.0,0.066,0.032,52.872,-0.744,0.0001727,0.143,0.0,0.089,0.0,60.171,-0.567
2021-02-02,2.005e-05,0.185,0.0,0.0,0.0,57.358,-9.97,0.002058,0.183,0.0,0.076,0.041,57.358,0.052,0.0003576,0.442,0.0,0.089,0.0,64.326,-0.471
2021-02-03,5.95e-06,0.0,0.0,0.0,0.0,63.131,-9.145,0.00209,0.0,0.0,0.075,0.047,63.131,0.42,0.000501,0.11,0.0,0.089,0.0,69.793,-0.384
2021-02-04,1.3e-05,0.0,0.0,0.0,0.0,67.369,-8.731,0.002141,0.0,0.0,0.076,0.051,67.369,0.394,0.0006591,0.095,0.0,0.09,0.0,74.013,-0.343
2021-02-05,5.289e-06,0.153,0.0,0.0,0.0,71.519,-8.342,0.002176,0.152,0.0,0.076,0.055,71.519,0.52,0.0007965,0.465,0.0,0.09,0.0,78.034,-0.282
2021-02-06,1.378e-10,0.451,0.0,0.0,0.0,72.719,-8.065,0.002212,0.447,0.0,0.076,0.058,72.719,0.381,0.0009312,0.223,0.0,0.091,0.0,79.109,-0.216
2021-02-07,2.865e-06,0.0,0.0,0.0,0.0,73.305,-8.006,0.002254,0.0,0.0,0.076,0.06,73.305,0.304,0.00107,0.129,0.0,0.093,0.0,79.66,-0.189
2021-02-08,8.374e-11,0.132,0.0,0.0,0.0,73.891,-8.451,0.002269,0.132,0.0,0.067,0.053,73.891,-0.142,0.001198,0.077,0.0,0.094,0.0,80.257,-0.183
2021-02-09,6.695e-11,0.446,0.0,0.0,0.0,73.891,-8.612,0.002287,0.443,0.0,0.067,0.048,73.891,-0.12,0.001326,0.103,0.0,0.095,0.0,80.272,-0.179
2021-02-10,5.455e-11,0.455,0.0,0.0,0.0,73.891,-8.824,0.002304,0.452,0.0,0.066,0.045,73.891,-0.175,0.001451,0.097,0.0,0.097,0.0,80.241,-0.179
2021-02-11,4.536e-11,0.025,0.0,0.0,0.0,73.891,-9.341,0.00232,0.025,0.0,0.066,0.042,73.891,-0.395,0.001574,-0.008,0.0,0.099,0.0,80.266,-0.19
2021-02-12,3.852e-11,0.115,0.0,0.0,0.0,73.891,-10.175,0.002335,0.114,0.0,0.066,0.04,73.891,-0.848,0.001694,0.039,0.0,0.101,0.0,80.326,-0.22
2021-02-13,3.341e-11,0.073,0.0,0.0,0.0,73.891,-10.919,0.002335,0.072,0.0,0.059,0.034,73.891,-0.923,0.001814,0.035,0.0,0.103,0.0,80.376,-0.25
2021-02-14,8.815e-07,0.151,0.0,0.0,0.0,74.027,-10.818,0.00235,0.15,0.0,0.066,0.034,74.027,-0.414,0.001933,0.055,0.0,0.105,0.0,80.613,-0.233
2021-02-15,6.611e-07,0.0,0.0,0.0,0.0,74.251,-10.603,0.002363,0.0,0.0,0.066,0.034,74.251,-0.176,0.002051,0.002,0.0,0.108,0.0,80.979,-0.21
2021-02-16,1.895e-05,0.0,0.0,0.0,0.0,78.638,-10.225,0.002407,0.0,0.0,0.073,0.04,78.638,0.182,0.002187,0.055,0.0,0.111,0.0,85.288,-0.182
2021-02-17,2.267e-11,0.274,0.0,0.0,0.0,82.938,-10.496,0.0024,0.272,0.0,0.067,0.038,82.938,-0.247,0.002285,0.349,0.0,0.114,0.0,89.455,-0.172
2021-02-18,1.864e-11,0.29,0.0,0.0,0.0,82.938,-10.572,0.002411,0.287,0.0,0.067,0.037,82.938,-0.194,0.002402,0.043,0.0,0.116,0.0,89.474,-0.174
2021-02-19,1.826e-11,0.443,0.0,0.0,0.0,82.938,-10.163,0.002433,0.439,0.0,0.072,0.042,82.938,0.102,0.002519,0.087,0.0,0.119,0.0,89.46,-0.159
2021-02-20,4.628e-06,0.089,0.0,0.0,0.0,83.924,-9.851,0.002459,0.088,0.0,0.072,0.045,83.924,0.117,0.00264,0.204,0.0,0.122,0.0,90.353,-0.148
2021-02-21,1.753e-11,0.272,0.0,0.0,0.0,84.91,-9.749,0.002474,0.27,0.0,0.072,0.047,84.91,0.085,0.00275,0.146,0.0,0.124,0.0,91.274,-0.145
2021-02-22,6.17e-06,0.039,0.0,0.0,0.0,86.247,-9.437,0.002499,0.039,0.0,0.072,0.048,86.247,0.267,0.002871,0.247,0.0,0.127,0.0,92.5,-0.134
2021-02-23,5.485e-06,0.262,0.804,0.0,0.0,86.665,-8.385,0.002514,0.262,0.018,0.073,0.05,86.665,0.8,0.00298,0.285,0.018,0.129,0.0,94.129,0.001
2021-02-24,5.38e-05,0.0,10.434,0.0,0.0,81.191,-7.333,0.002555,0.0,0.248,0.08,0.058,81.191,1.072,0.003102,0.089,0.248,0.131,0.0,96.058,0.092
2021-02-25,4.87e-06,0.0,0.688,0.0,0.0,77.184,-7.219,0.002578,0.0,0.0,0.081,0.064,77.184,0.583,0.003206,0.173,0.002,0.134,0.0,97.858,0.15
2021-02-26,1.24e-06,0.59,0.067,0.0,0.0,77.734,-7.489,0.002606,0.59,0.0,0.081,0.069,77.734,0.245,0.003316,0.442,0.0,0.137,0.0,98.081,0.168
2021-02-27,1.099e-05,0.0,0.007,0.0,0.0,80.021,-7.076,0.002646,0.0,0.0,0.081,0.072,80.021,0.622,0.00344,0.191,0.0,0.141,0.0,100.112,0.188
2021-02-28,4.296e-05,0.451,10.282,0.0,0.0,76.34,-6.322,0.002677,0.451,0.227,0.087,0.08,76.34,0.968,0.003558,0.421,0.218,0.149,0.0,102.37,0.211
2021-03-01,2.247e-05,0.27,0.669,0.0,0.0,74.86,-6.603,0.002734,0.27,0.001,0.088,0.086,74.86,0.531,0.003696,0.65,0.053,0.149,0.0,106.533,0.213
2021-03-02,1.226e-06,0.248,0.065,0.0,0.0,79.346,-7.349,0.00271,0.248,0.0,0.067,0.073,79.346,-0.115,0.003798,0.364,0.004,0.154,0.0,110.467,0.209
2021-03-03,3.708e-06,0.0,0.007,0.0,0.0,79.982,-7.279,0.002751,0.0,0.0,0.088,0.081,79.982,0.191,0.003929,0.101,0.0,0.159,0.0,111.017,0.398
2021-03-04,3.161e-07,0.426,0.001,0.0,0.0,80.619,-7.328,0.002784,0.426,0.0,0.088,0.087,80.619,0.177,0.004058,0.181,0.0,0.165,0.0,111.603,0.446
2021-03-05,1.605e-07,0.475,0.0,0.0,0.0,80.619,-7.65,0.002776,0.475,0.0,0.067,0.073,80.619,-0.056,0.004194,0.122,0.0,0.17,0.0,111.54,0.469
2021-03-06,8.149e-08,0.139,0.0,0.0,0.0,80.619,-7.777,0.002807,0.139,0.0,0.087,0.081,80.619,0.004,0.004337,0.006,0.0,0.177,0.0,111.527,0.483
2021-03-07,4.138e-08,0.293,0.0,0.0,0.0,80.619,-7.992,0.002827,0.293,0.0,0.079,0.078,80.619,0.0,0.004487,0.097,0.0,0.184,0.0,111.526,0.493
2021-03-08,2.102e-08,0.362,0.0,0.0,0.0,80.619,-8.14,0.002857,0.362,0.0,0.087,0.084,80.619,0.129,0.004647,0.097,0.0,0.193,0.0,111.481,0.503
2021-03-09,3.757e-06,0.0,0.0,0.0,0.0,81.348,-7.429,0.00289,0.0,0.0,0.087,0.089,81.348,0.644,0.004822,0.085,0.0,0.202,0.0,112.102,0.688
2021-03-10,9.158e-05,0.0,22.449,0.0,0.0,69.141,-6.707,0.002997,0.0,17.875,0.094,0.099,69.141,1.061,0.005003,-0.314,0.508,0.213,0.0,107.8,0.713
2021-03-11,0.0002052,0.007,50.09,0.051,0.002,30.441,-5.171,0.003177,0.007,51.482,0.093,0.105,30.441,3.83,0.005203,-0.75,1.098,0.225,0.0,89.241,0.7
2021-03-12,3.86e-05,0.329,8.911,0.051,0.003,2.339,-4.688,0.003072,0.339,15.794,0.095,0.112,2.339,1.56,0.005419,0.267,0.123,0.238,0.0,69.965,0.736
2021-03-13,8.444e-06,0.291,0.679,0.051,0.005,0.008,-4.665,0.002992,0.302,3.585,0.059,0.087,0.008,-2.453,0.005988,0.326,0.0,0.58,0.0,62.728,0.753
2021-03-14,5.73e-06,0.004,0.071,0.051,0.005,0.302,-4.941,0.002931,0.004,0.284,0.051,0.066,0.302,-3.868,0.01434,0.185,0.0,4.473,0.0,61.301,0.675
2021-03-15,2.131e-06,0.043,0.008,0.0,0.004,0.588,-5.788,0.002882,0.043,0.03,0.051,0.05,0.588,-6.849,0.02476,0.187,0.0,5.57,0.0,61.444,0.551
2021-03-16,1.086e-06,0.614,0.001,0.0,0.003,0.588,-6.127,0.002838,0.614,0.003,0.051,0.039,0.588,-3.745,0.03217,0.338,0.0,4.331,0.0,61.318,0.52
2021-03-17,5.54e-07,0.9,0.002,0.001,0.002,0.294,-5.577,0.002844,0.942,0.001,0.075,0.046,0.294,1.104,0.03728,0.363,0.0,3.37,0.0,59.216,0.54
2021-03-18,2.857e-06,0.614,0.039,0.049,0.004,0.0,-5.19,0.002821,0.639,0.001,0.059,0.038,0.0,-1.008,0.04088,0.377,0.001,2.743,0.0,55.64,0.554
2021-03-19,1.603e-07,0.725,0.002,0.001,0.003,0.0,-5.282,0.002779,0.76,0.0,0.051,0.03,0.0,-4.207,0.04361,0.588,0.0,2.404,0.0,53.623,0.569
2021-03-20,9.226e-08,0.712,0.0,0.051,0.004,0.0,-4.682,0.002782,0.746,0.0,0.072,0.036,0.0,0.474,0.04599,0.306,0.0,2.306,0.0,50.074,0.581
2021-03-21,4.997e-07,0.611,0.0,0.051,0.005,0.0,-3.584,0.002785,0.637,0.0,0.072,0.04,0.0,4.393,0.04824,0.187,0.0,2.299,0.0,39.369,0.604
2021-03-22,4.297e-08,1.203,0.0,0.051,0.006,0.0,-2.367,0.002793,1.263,0.0,0.075,0.046,0.0,6.379,0.05087,0.69,0.0,2.589,0.0,22.888,0.864
2021-03-23,3.55e-08,1.323,0.0,0.053,0.006,0.0,-1.142,0.002809,1.391,0.0,0.079,0.054,0.0,7.521,0.0656,0.875,0.0,9.042,0.0,9.831,4.57
2021-03-24,5.067e-06,0.465,0.207,0.07,0.016,0.0,-0.064,0.00284,0.484,0.007,0.085,0.065,0.0,7.352,0.08619,0.408,0.007,12.502,0.0,3.891,7.191
2021-03-25,6.675e-07,0.611,0.017,0.089,0.04,0.0,1.298,0.002879,0.637,0.857,0.091,0.078,0.0,9.754,0.1008,0.452,0.0,10.164,0.0,1.052,10.776
2021-03-26,0.0001015,0.424,13.392,0.092,0.061,0.0,1.825,0.0001874,0.441,33.856,0.1,0.096,0.0,5.923,0.1096,1.046,0.369,7.357,0.0,0.0,8.682
2021-03-27,3.839e-06,1.261,0.92,0.09,0.075,0.0,1.819,0.0002291,1.323,10.824,0.095,0.105,0.0,2.255,0.1159,2.534,0.0,6.304,0.0,0.0,3.849
2021-03-28,7.005e-05,0.345,9.812,0.092,0.086,0.0,2.041,0.0004465,0.357,14.688,0.093,0.11,0.0,3.413,0.1229,0.875,0.209,6.613,0.0,0.0,5.769
2021-03-29,1.406e-05,0.475,2.016,0.091,0.094,0.0,1.897,0.0005484,0.494,5.21,0.093,0.113,0.0,1.474,0.1284,1.306,0.01,5.969,0.0,0.0,4.006
2021-03-30,7.064e-06,0.574,0.587,0.091,0.099,0.0,2.106,0.0006776,0.597,0.927,0.091,0.113,0.0,4.095,0.1336,1.267,0.084,5.93,0.0,0.0,6.276
2021-03-31,1.459e-05,0.438,1.784,0.091,0.104,0.0,2.689,0.00083,0.454,2.303,0.092,0.114,0.0,6.137,0.137,0.737,0.017,5.133,0.0,0.0,8.578
2021-04-01,1.515e-05,0.0,0.122,0.091,0.106,3.034,2.254,0.0009658,0.0,0.588,0.091,0.114,3.034,3.252,0.1385,1.264,0.0,4.244,0.0,0.439,3.37
2021-04-02,9.843e-07,0.442,0.012,0.09,0.108,6.067,1.518,0.001076,0.442,0.043,0.089,0.113,6.067,1.603,0.1387,1.395,0.0,3.618,0.0,0.64,2.146
2021-04-03,1.846e-05,0.807,4.237,0.091,0.11,3.034,1.077,0.001214,0.845,4.557,0.089,0.112,3.034,1.164,0.1382,0.981,0.078,3.236,0.0,0.201,2.702
2021-04-04,1.696e-06,0.986,0.287,0.09,0.111,0.0,1.387,0.001312,1.031,0.31,0.09,0.112,0.0,3.17,0.1371,1.482,0.0,2.915,0.0,0.0,4.573
2021-04-05,1.091e-06,1.089,0.028,0.09,0.111,0.0,1.874,0.001421,1.138,0.03,0.09,0.112,0.0,5.086,0.1354,1.717,0.0,2.58,0.0,0.0,6.143
2021-04-06,0.0001731,0.949,0.003,0.089,0.11,0.0,2.335,0.001523,0.991,0.003,0.089,0.111,0.0,6.022,0.1332,1.672,0.0,2.283,0.0,0.0,6.914
2021-04-07,0.0003362,0.971,0.0,0.089,0.11,0.0,3.088,0.00162,1.014,0.0,0.089,0.11,0.0,8.152,0.1306,1.548,0.0,2.022,0.0,0.0,9.162
2021-04-08,0.0004903,1.83,0.0,0.088,0.109,0.0,4.012,0.001712,1.91,0.0,0.088,0.109,0.0,10.556,0.1277,2.466,0.0,1.791,0.0,0.0,10.517
2021-04-09,0.0006356,1.911,0.0,0.087,0.107,0.0,5.058,0.001797,1.996,0.0,0.087,0.108,0.0,12.7,0.1245,2.484,0.0,1.591,0.0,0.0,12.254
2021-04-10,0.0007721,2.421,0.0,0.087,0.106,0.0,6.089,0.001877,2.546,0.0,0.086,0.106,0.0,13.962,0.1212,2.85,0.0,1.418,0.0,0.0,12.67
2021-04-11,4.488e-07,1.829,0.0,0.086,0.104,0.0,6.692,0.001951,1.918,0.0,0.085,0.104,0.0,13.062,0.1177,2.748,0.0,1.27,0.0,0.0,11.631
2021-04-12,6.551e-07,0.941,0.0,0.085,0.101,0.0,7.089,6.557e-07,0.982,0.0,0.085,0.101,0.0,11.977,0.1142,1.749,0.0,1.14,0.0,0.0,11.808
2021-04-13,4.236e-07,1.595,0.0,0.084,0.099,0.0,7.378,4.235e-07,1.669,0.0,0.084,0.099,0.0,11.342,0.1106,2.563,0.0,1.027,0.0,0.0,10.766
2021-04-14,4.134e-07,1.391,0.0,0.083,0.097,0.0,7.605,4.129e-07,1.458,0.0,0.083,0.097,0.0,11.0,0.107,2.278,0.0,0.929,0.0,0.0,10.698
2021-04-15,4.627e-05,0.868,1.199,0.091,0.102,0.0,7.491,4.587e-05,0.904,1.048,0.09,0.101,0.0,9.169,0.1034,2.299,0.333,0.843,0.0,0.0,9.206
2021-04-16,0.0002711,0.527,12.518,0.092,0.106,0.0,6.917,0.0002712,0.545,12.005,0.092,0.106,0.0,5.542,0.09988,1.636,0.283,0.768,0.0,0.0,6.402
2021-04-17,0.00036,0.916,2.16,0.091,0.109,0.0,6.621,0.00036,0.948,2.128,0.091,0.108,0.0,5.344,0.09634,2.337,0.013,0.703,0.0,0.0,6.634
2021-04-18,0.0005051,1.422,0.181,0.09,0.11,0.0,6.594,0.0005051,1.481,0.18,0.09,0.109,0.0,6.68,0.09289,2.189,0.0,0.649,0.0,0.0,7.388
2021-04-19,0.0006523,1.619,0.019,0.089,0.11,0.0,6.742,0.0006522,1.687,0.019,0.089,0.11,0.0,8.188,0.08956,2.263,0.0,0.617,0.0,0.0,8.369
2021-04-20,0.0007945,0.766,0.003,0.089,0.11,0.0,6.651,0.0007943,0.795,0.003,0.089,0.109,0.0,7.454,0.08639,1.469,0.001,0.62,0.0,0.0,8.362
2021-04-21,0.0009284,0.55,0.002,0.089,0.11,0.0,5.904,0.0009281,0.568,0.002,0.089,0.109,0.0,3.512,0.08344,1.349,0.001,0.652,0.0,0.0,4.871
2021-04-22,0.001053,0.822,0.0,0.089,0.109,0.0,5.135,0.001052,0.854,0.0,0.089,0.109,0.0,1.364,0.08071,1.592,0.0,0.694,0.0,0.0,3.228
2021-04-23,0.001172,1.442,0.0,0.089,0.109,0.0,5.205,0.001172,1.495,0.0,0.088,0.109,0.0,4.715,0.07818,1.856,0.0,0.728,0.0,0.0,6.125
2021-04-24,0.001286,0.839,0.0,0.088,0.108,0.0,5.714,0.001286,0.865,0.0,0.088,0.108,0.0,8.47,0.07581,0.895,0.0,0.746,0.0,0.0,10.537
2021-04-25,0.001396,0.985,0.004,0.088,0.107,0.0,5.866,0.001396,1.016,0.004,0.088,0.107,0.0,8.332,0.07357,2.202,0.004,0.749,0.0,0.0,8.896
2021-04-26,0.001495,1.548,0.0,0.088,0.107,0.0,5.431,0.001493,1.602,0.0,0.087,0.106,0.0,5.008,0.07141,2.11,0.0,0.74,0.0,0.0,4.591
2021-04-27,0.00159,1.751,0.0,0.087,0.105,0.0,5.422,0.001589,1.812,0.0,0.087,0.105,0.0,5.966,0.06932,2.327,0.0,0.721,0.0,0.0,6.166
2021-04-28,0.001761,1.376,6.188,0.093,0.11,0.0,5.983,0.001759,1.42,5.89,0.093,0.109,0.0,9.213,0.06733,3.076,0.318,0.695,0.0,0.0,9.902
2021-04-29,0.001819,1.092,4.474,0.091,0.111,0.0,6.511,0.001817,1.125,4.303,0.091,0.111,0.0,10.674,0.06531,1.936,0.073,0.667,0.0,0.0,11.18
2021-04-30,0.001986,0.976,16.31,0.092,0.113,0.0,6.403,0.00011,1.004,16.257,0.092,0.113,0.0,8.119,0.06339,2.526,0.342,0.638,0.0,0.0,8.294
2021-05-01,7.207e-06,0.88,1.103,0.091,0.113,0.0,6.222,0.0001822,0.905,1.101,0.091,0.113,0.0,6.361,0.06145,2.092,0.0,0.613,0.0,0.0,8.237
2021-05-02,0.0001768,1.844,0.108,0.09,0.113,0.0,6.504,0.0003432,1.903,0.108,0.09,0.113,0.0,8.038,0.05963,2.947,0.0,0.608,0.0,0.0,9.16
2021-05-03,0.0003426,1.402,0.013,0.09,0.112,0.0,6.393,0.0005008,1.443,0.013,0.09,0.112,0.0,6.866,0.05805,2.597,0.001,0.679,0.0,0.0,7.408
2021-05-04,0.0004984,0.931,0.003,0.089,0.112,0.0,6.746,0.0006487,0.957,0.003,0.089,0.112,0.0,8.763,0.05689,1.646,0.001,0.862,0.0,0.0,10.772
2021-05-05,0.0007151,0.888,8.539,0.092,0.113,0.0,6.972,0.000858,0.911,8.369,0.092,0.113,0.0,9.118,0.05623,2.183,0.224,1.07,0.0,0.0,10.709
2021-05-06,0.0008027,0.867,1.344,0.091,0.114,0.0,6.904,0.0009387,0.889,1.319,0.091,0.114,0.0,7.776,0.05581,2.213,0.008,1.203,0.0,0.0,9.536
2021-05-07,0.0009294,2.01,0.113,0.09,0.114,0.0,6.996,0.001059,2.071,0.112,0.09,0.113,0.0,7.965,0.05557,3.497,0.0,1.276,0.0,0.0,8.574
2021-05-08,0.001057,0.906,0.012,0.089,0.113,0.0,7.254,0.00118,0.93,0.012,0.089,0.113,0.0,9.093,0.05553,1.621,0.0,1.37,0.0,0.0,10.95
2021-05-09,0.001177,1.092,0.001,0.089,0.112,0.0,7.441,0.001294,1.121,0.001,0.089,0.112,0.0,9.295,0.05567,1.813,0.0,1.461,0.0,0.0,11.43
2021-05-10,0.00129,1.412,0.0,0.089,0.11,0.0,7.755,0.001401,1.454,0.0,0.088,0.11,0.0,10.152,0.05583,2.536,0.0,1.477,0.0,0.0,11.553
2021-05-11,0.001397,1.77,0.0,0.088,0.109,0.0,7.771,5.642e-07,1.823,0.0,0.088,0.109,0.0,9.204,0.05588,3.128,0.0,1.422,0.0,0.0,9.357
2021-05-12,7.268e-07,0.963,0.0,0.087,0.108,0.0,7.929,0.0001693,0.989,0.0,0.087,0.107,0.0,9.519,0.05575,1.693,0.0,1.331,0.0,0.0,11.329
2021-05-13,4.736e-07,1.932,0.0,0.087,0.106,0.0,8.279,0.0003283,1.988,0.0,0.086,0.106,0.0,10.659,0.05541,3.148,0.0,1.225,0.0,0.0,11.312
2021-05-14,4.522e-07,2.021,0.0,0.086,0.104,0.0,8.867,4.519e-07,2.079,0.0,0.085,0.104,0.0,12.486,0.05489,3.03,0.0,1.119,0.0,0.0,12.93
2021-05-15,4.355e-07,3.22,0.0,0.084,0.101,0.0,9.467,4.351e-07,3.311,0.0,0.084,0.101,0.0,13.681,0.0542,4.223,0.0,1.019,0.0,0.0,12.663
2021-05-16,4.198e-07,2.505,0.0,0.083,0.098,0.0,9.954,4.193e-07,2.573,0.0,0.083,0.098,0.0,14.011,0.05336,3.577,0.0,0.928,0.0,0.0,13.16
2021-05-17,4.044e-07,3.451,0.0,0.081,0.095,0.0,10.435,4.038e-07,3.543,0.0,0.081,0.094,0.0,14.387,0.0524,4.598,0.0,0.846,0.0,0.0,12.749
2021-05-18,3.878e-07,3.408,0.0,0.08,0.091,0.0,11.044,3.871e-07,3.496,0.0,0.079,0.09,0.0,15.537,0.05135,3.952,0.0,0.772,0.0,0.0,13.967
2021-05-19,3.707e-07,2.288,0.0,0.078,0.087,0.0,11.602,3.699e-07,2.344,0.0,0.078,0.086,0.0,16.1,0.05022,3.198,0.0,0.706,0.0,0.0,14.97
2021-05-20,3.542e-07,2.648,0.0,0.077,0.082,0.0,12.518,3.533e-07,2.711,0.0,0.077,0.082,0.0,18.417,0.04904,3.015,0.0,0.647,0.0,0.0,17.925
2021-05-21,6.731e-06,1.867,0.021,0.076,0.079,0.0,13.535,6.73e-06,1.904,0.021,0.076,0.078,0.0,20.477,0.04781,2.302,0.021,0.595,0.0,0.0,21.157
2021-05-22,2.532e-06,2.217,0.001,0.076,0.076,0.0,14.201,2.531e-06,2.258,0.001,0.076,0.075,0.0,20.371,0.04655,3.016,0.001,0.549,0.0,0.0,20.265
2021-05-23,1.639e-06,1.656,0.0,0.075,0.073,0.0,13.952,1.638e-06,1.675,0.0,0.075,0.072,0.0,15.795,0.04527,2.875,0.0,0.508,0.0,0.0,15.691
2021-05-24,3.066e-07,3.671,0.0,0.075,0.071,0.0,13.605,3.054e-07,3.687,0.0,0.074,0.07,0.0,13.442,0.04398,4.191,0.0,0.471,0.0,0.0,12.532
2021-05-25,5.149e-07,1.814,0.0,0.074,0.068,0.0,13.772,5.136e-07,1.826,0.0,0.073,0.067,0.0,15.059,0.04268,2.072,0.0,0.436,0.0,0.0,16.209
2021-05-26,7.557e-06,3.885,0.027,0.073,0.065,0.0,14.59,7.555e-06,3.908,0.027,0.073,0.064,0.0,19.053,0.0414,4.906,0.027,0.406,0.0,0.0,19.249
2021-05-27,2.726e-07,3.326,0.0,0.072,0.062,0.0,14.063,2.711e-07,3.337,0.0,0.072,0.062,0.0,14.017,0.04011,3.943,0.0,0.379,0.0,0.0,12.835
2021-05-28,2.591e-07,2.774,0.0,0.071,0.059,0.0,13.144,2.576e-07,2.782,0.0,0.071,0.059,0.0,10.12,0.03885,2.917,0.0,0.355,0.0,0.0,9.336
2021-05-29,2.438e-07,4.021,0.0,0.07,0.056,0.0,12.736,2.423e-07,4.033,0.0,0.069,0.055,0.0,10.661,0.0376,3.438,0.0,0.331,0.0,0.0,10.212
2021-05-30,5.736e-06,2.228,0.015,0.068,0.052,0.0,12.395,5.734e-06,2.239,0.015,0.068,0.052,0.0,10.925,0.03638,3.302,0.015,0.31,0.0,0.0,11.276
2021-05-31,1.719e-05,1.869,0.108,0.07,0.051,0.0,12.148,1.719e-05,1.877,0.108,0.07,0.051,0.0,11.252,0.03518,2.61,0.108,0.292,0.0,0.0,11.844
2021-06-01,6.601e-07,3.448,0.0,0.07,0.05,0.0,12.393,6.584e-07,3.466,0.0,0.07,0.05,0.0,13.333,0.03399,4.423,0.0,0.275,0.0,0.0,13.741
2021-06-02,2.113e-07,4.665,0.0,0.069,0.049,0.0,12.891,2.096e-07,4.677,0.0,0.068,0.048,0.0,15.422,0.03284,4.097,0.0,0.26,0.0,0.0,14.886
2021-06-03,1.299e-05,2.481,0.071,0.068,0.047,0.0,13.107,1.298e-05,2.491,0.071,0.068,0.046,0.0,15.514,0.03173,2.927,0.071,0.247,0.0,0.0,15.627
2021-06-04,2.841e-06,3.302,0.002,0.068,0.045,0.0,13.774,2.839e-06,3.315,0.002,0.067,0.044,0.0,17.889,0.03064,3.027,0.002,0.235,0.0,0.0,18.668
2021-06-05,1.474e-05,3.821,0.086,0.069,0.045,0.0,14.473,1.474e-05,3.836,0.086,0.069,0.044,0.0,19.284,0.02959,4.123,0.086,0.224,0.0,0.0,19.235
2021-06-06,1.514e-06,4.914,0.0,0.068,0.044,0.0,15.352,1.512e-06,4.933,0.0,0.067,0.043,0.0,21.104,0.0,4.969,0.0,0.215,0.0,0.0,20.426
2021-06-07,1.824e-07,7.203,0.0,0.066,0.042,0.0,16.279,1.804e-07,7.206,0.0,0.066,0.041,0.0,22.474,0.0,5.147,0.0,0.206,0.0,0.0,19.64
2021-06-08,1.054e-06,3.534,0.0,0.065,0.039,0.0,16.975,1.052e-06,3.5,0.0,0.065,0.039,0.0,22.525,0.0,3.544,0.0,0.197,0.0,0.0,21.662
2021-06-09,5.673e-06,3.513,0.015,0.065,0.038,0.0,17.227,5.672e-06,3.526,0.015,0.065,0.037,0.0,20.609,0.0,4.14,0.015,0.189,0.0,0.0,19.753
2021-06-10,1.584e-07,4.437,0.0,0.065,0.036,0.0,16.914,1.576e-07,4.438,0.0,0.065,0.036,0.0,17.28,0.0,4.809,0.0,0.181,0.0,0.0,15.433
2021-06-11,3.9e-06,3.29,0.006,0.065,0.035,0.0,16.761,3.899e-06,3.301,0.006,0.065,0.035,0.0,16.874,0.0,3.804,0.006,0.173,0.0,0.0,16.571
2021-06-12,1.501e-07,4.72,0.0,0.065,0.034,0.0,16.735,1.496e-07,4.722,0.0,0.065,0.034,0.0,17.019,0.0,4.465,0.0,0.165,0.0,0.0,15.327
2021-06-13,3.676e-07,2.955,0.0,0.065,0.033,0.0,16.891,3.672e-07,2.956,0.0,0.064,0.033,0.0,17.821,0.0,3.228,0.0,0.157,0.0,0.0,17.148
2021-06-14,3.562e-05,2.557,0.287,0.064,0.033,0.0,16.829,3.562e-05,2.564,0.287,0.064,0.033,0.0,17.483,0.0,3.386,0.287,0.151,0.0,0.0,16.362
2021-06-15,6.093e-06,2.865,0.018,0.064,0.032,0.0,16.701,6.092e-06,2.874,0.018,0.064,0.032,0.0,16.791,0.0,3.27,0.018,0.145,0.0,0.0,16.215
2021-06-16,1.412e-07,4.156,0.0,0.064,0.032,0.0,16.28,1.41e-07,4.157,0.0,0.064,0.032,0.0,14.966,0.0,5.056,0.0,0.139,0.0,0.0,13.435
2021-06-17,1.399e-07,4.526,0.0,0.064,0.032,0.0,16.091,1.397e-07,4.528,0.0,0.064,0.031,0.0,15.211,0.0,4.247,0.0,0.134,0.0,0.0,13.548
2021-06-18,6.309e-06,3.424,0.019,0.064,0.031,0.0,16.141,6.309e-06,3.426,0.019,0.064,0.031,0.0,16.37,0.0,4.643,0.019,0.128,0.0,0.0,15.462
2021-06-19,7.189e-06,2.964,0.025,0.064,0.031,0.0,16.378,7.189e-06,2.972,0.025,0.064,0.031,0.0,17.787,0.0,3.683,0.025,0.124,0.0,0.0,17.125
2021-06-20,1.36e-07,4.587,0.0,0.064,0.031,0.0,16.615,1.359e-07,4.588,0.0,0.064,0.03,0.0,18.327,0.0,4.329,0.0,0.12,0.0,0.0,16.321
2021-06-21,4.542e-06,3.502,0.009,0.064,0.03,0.0,17.242,4.542e-06,3.511,0.009,0.063,0.03,0.0,20.345,0.0,3.309,0.009,0.116,0.0,0.0,19.616
2021-06-22,8.507e-06,3.21,0.035,0.063,0.03,0.0,16.892,8.507e-06,3.218,0.035,0.063,0.03,0.0,17.098,0.0,4.568,0.035,0.112,0.0,0.0,15.082
2021-06-23,1.323e-07,5.303,0.0,0.063,0.03,0.0,16.435,1.322e-07,5.303,0.0,0.063,0.029,0.0,15.205,0.0,4.166,0.0,0.109,0.0,0.0,12.467
2021-06-24,1.278e-07,4.805,0.0,0.062,0.029,0.0,16.465,1.275e-07,4.805,0.0,0.062,0.028,0.0,16.26,0.0,2.738,0.0,0.105,0.0,0.0,14.376
2021-06-25,1.197e-07,5.827,0.0,0.06,0.027,0.0,16.763,1.19e-07,5.827,0.0,0.059,0.026,0.0,17.989,0.0,2.285,0.0,0.1,0.0,0.0,16.342
2021-06-26,3.779e-05,4.247,0.309,0.057,0.024,0.0,16.992,3.779e-05,4.258,0.309,0.056,0.024,0.0,18.683,0.0,4.566,0.309,0.097,0.0,0.0,16.902
2021-06-27,1.198e-06,4.389,0.0,0.057,0.022,0.0,17.805,1.197e-06,4.397,0.0,0.056,0.021,0.0,22.353,0.0,4.545,0.0,0.094,0.0,0.0,20.902
2021-06-28,5.289e-07,3.989,0.0,0.057,0.02,0.0,18.455,5.28e-07,3.989,0.0,0.056,0.02,0.0,23.083,0.0,3.22,0.0,0.092,0.0,0.0,22.04
2021-06-29,1.184e-06,3.627,0.0,0.057,0.019,0.0,18.944,1.183e-06,3.636,0.0,0.056,0.018,0.0,22.907,0.0,2.883,0.0,0.09,0.0,0.0,21.725
2021-06-30,1.484e-05,3.243,0.088,0.056,0.018,0.0,19.142,1.484e-05,3.25,0.088,0.056,0.017,0.0,21.669,0.0,3.727,0.088,0.089,0.0,0.0,20.038
2021-07-01,2.955e-07,2.785,0.0,0.056,0.017,0.0,18.986,2.946e-07,2.789,0.0,0.056,0.017,0.0,19.725,0.0,3.397,0.0,0.087,0.0,0.0,18.267
2021-07-02,2.013e-05,3.672,0.137,0.056,0.016,0.0,18.511,2.013e-05,3.679,0.137,0.056,0.016,0.0,17.543,0.0,4.583,0.137,0.084,0.0,0.0,15.64
2021-07-03,2.913e-07,2.344,0.0,0.056,0.016,0.0,17.966,2.905e-07,2.358,0.0,0.056,0.016,0.0,16.024,0.0,3.372,0.0,0.082,0.0,0.0,14.839
2021-07-04,6.955e-08,4.827,0.0,0.056,0.016,0.0,17.626,6.875e-08,4.861,0.0,0.056,0.015,0.0,16.051,0.0,3.447,0.0,0.079,0.0,0.0,13.886
2021-07-05,6.851e-08,7.085,0.0,0.056,0.015,0.0,17.625,6.771e-08,7.136,0.0,0.055,0.015,0.0,17.227,0.0,2.349,0.0,0.076,0.0,0.0,14.888
2021-07-06,1.83e-06,4.197,0.0,0.055,0.015,0.0,18.0,1.829e-06,4.227,0.0,0.055,0.015,0.0,19.503,0.0,1.662,0.0,0.074,0.0,0.0,18.293
2021-07-07,7.252e-07,3.369,0.0,0.054,0.014,0.0,17.575,7.244e-07,3.392,0.0,0.054,0.014,0.0,17.055,0.0,1.522,0.0,0.072,0.0,0.0,14.613
2021-07-08,1.416e-05,4.011,0.082,0.053,0.014,0.0,17.211,1.416e-05,4.039,0.082,0.053,0.014,0.0,16.169,0.0,4.777,0.082,0.071,0.0,0.0,13.942
2021-07-09,3.223e-05,3.563,0.254,0.053,0.013,0.0,16.967,3.223e-05,3.588,0.254,0.053,0.013,0.0,16.155,0.0,4.327,0.254,0.069,0.0,0.0,14.544
2021-07-10,5.68e-08,5.929,0.0,0.053,0.013,0.0,16.932,5.599e-08,5.969,0.0,0.053,0.013,0.0,16.763,0.0,6.222,0.0,0.067,0.0,0.0,13.937
2021-07-11,5.543e-08,4.539,0.0,0.053,0.013,0.0,17.074,5.462e-08,4.57,0.0,0.052,0.012,0.0,17.905,0.0,3.109,0.0,0.065,0.0,0.0,15.674
2021-07-12,2.699e-06,3.642,0.002,0.053,0.012,0.0,17.459,2.698e-06,3.666,0.002,0.052,0.012,0.0,19.561,0.0,1.955,0.002,0.064,0.0,0.0,18.924
2021-07-13,2.477e-06,4.141,0.001,0.053,0.012,0.0,17.604,2.476e-06,4.168,0.001,0.052,0.012,0.0,19.437,0.0,2.454,0.001,0.063,0.0,0.0,17.824
2021-07-14,8.425e-06,3.706,0.035,0.051,0.012,0.0,18.03,8.424e-06,3.73,0.035,0.051,0.011,0.0,20.662,0.0,3.015,0.035,0.062,0.0,0.0,19.802
2021-07-15,4.852e-08,5.917,0.0,0.051,0.011,0.0,18.462,4.769e-08,5.955,0.0,0.05,0.011,0.0,21.314,0.0,2.743,0.0,0.061,0.0,0.0,18.551
2021-07-16,1.146e-06,3.357,0.0,0.049,0.01,0.0,18.516,1.145e-06,3.378,0.0,0.048,0.01,0.0,20.186,0.0,0.945,0.0,0.06,0.0,0.0,18.707
2021-07-17,1.804e-06,3.026,0.0,0.048,0.009,0.0,18.569,1.803e-06,3.045,0.0,0.047,0.009,0.0,19.744,0.0,1.131,0.0,0.059,0.0,0.0,18.787
2021-07-18,5.557e-05,3.195,0.49,0.047,0.009,0.0,18.486,5.557e-05,3.215,0.49,0.047,0.009,0.0,19.152,0.0,3.564,0.489,0.058,0.0,0.0,18.287
2021-07-19,3.59e-08,6.477,0.0,0.047,0.009,0.0,18.582,3.551e-08,6.516,0.0,0.047,0.008,0.0,19.812,0.0,6.578,0.0,0.057,0.0,0.0,16.916
2021-07-20,1.48e-05,3.558,0.088,0.047,0.008,0.0,18.556,1.48e-05,3.571,0.088,0.047,0.008,0.0,19.39,0.0,4.416,0.088,0.056,0.0,0.0,18.125
2021-07-21,8.628e-06,2.823,0.036,0.047,0.008,0.0,18.104,8.627e-06,2.84,0.036,0.047,0.008,0.0,16.939,0.0,4.281,0.036,0.055,0.0,0.0,15.52
2021-07-22,3.249e-08,4.312,0.0,0.047,0.008,0.0,17.947,3.227e-08,4.338,0.0,0.047,0.008,0.0,17.198,0.0,4.334,0.0,0.054,0.0,0.0,15.655
2021-07-23,1.354e-06,4.06,0.0,0.047,0.008,0.0,17.918,1.354e-06,4.084,0.0,0.047,0.007,0.0,17.911,0.0,4.326,0.0,0.052,0.0,0.0,16.89
2021-07-24,3.144e-08,4.817,0.0,0.047,0.007,0.0,17.991,3.127e-08,4.844,0.0,0.046,0.007,0.0,18.553,0.0,3.811,0.0,0.051,0.0,0.0,16.476
2021-07-25,2.648e-05,3.224,0.198,0.047,0.007,0.0,18.212,2.647e-05,3.242,0.198,0.046,0.007,0.0,19.769,0.0,3.561,0.198,0.051,0.0,0.0,18.637
2021-07-26,1.794e-06,3.666,0.0,0.047,0.007,0.0,18.414,1.794e-06,3.686,0.0,0.046,0.007,0.0,20.323,0.0,4.104,0.0,0.05,0.0,0.0,19.005
2021-07-27,3.11e-05,2.916,0.244,0.047,0.008,0.0,18.18,3.11e-05,2.932,0.244,0.046,0.007,0.0,18.333,0.0,3.573,0.244,0.049,0.0,0.0,17.226
2021-07-28,3.049e-08,4.409,0.0,0.047,0.007,0.0,17.948,3.036e-08,4.433,0.0,0.046,0.007,0.0,17.382,0.0,5.561,0.0,0.049,0.0,0.0,15.37
2021-07-29,1.678e-05,4.123,0.106,0.047,0.007,0.0,17.676,1.678e-05,4.146,0.106,0.046,0.007,0.0,16.753,0.0,6.197,0.106,0.048,0.0,0.0,15.106
2021-07-30,4.878e-06,2.496,0.011,0.047,0.007,0.0,17.279,4.878e-06,2.509,0.011,0.046,0.007,0.0,15.82,0.0,3.428,0.011,0.047,0.0,0.0,15.18
2021-07-31,3.02e-08,5.049,0.0,0.047,0.007,0.0,17.03,3.009e-08,5.076,0.0,0.046,0.007,0.0,15.789,0.0,4.73,0.0,0.046,0.0,0.0,13.775
2021-08-01,9.506e-06,3.465,0.043,0.047,0.007,0.0,16.7,9.506e-06,3.483,0.043,0.046,0.007,0.0,15.602,0.0,4.892,0.043,0.045,0.0,0.0,13.861
2021-08-02,3.97e-05,2.639,0.329,0.048,0.009,0.0,16.58,3.97e-05,2.653,0.329,0.047,0.008,0.0,16.428,0.0,2.888,0.329,0.044,0.0,0.0,15.786
2021-08-03,3.326e-08,4.715,0.0,0.048,0.008,0.0,16.633,3.315e-08,4.739,0.0,0.047,0.008,0.0,17.535,0.0,5.157,0.0,0.043,0.0,0.0,15.025
2021-08-04,3.236e-08,4.898,0.0,0.048,0.008,0.0,16.82,3.225e-08,4.923,0.0,0.047,0.008,0.0,18.632,0.0,3.947,0.0,0.042,0.0,0.0,15.447
2021-08-05,3.17e-08,5.511,0.0,0.048,0.008,0.0,17.09,3.159e-08,5.538,0.0,0.047,0.008,0.0,19.539,0.0,4.11,0.0,0.042,0.0,0.0,15.849
2021-08-06,3.121e-08,4.214,0.0,0.048,0.008,0.0,17.413,3.11e-08,4.234,0.0,0.047,0.007,0.0,20.232,0.0,3.514,0.0,0.041,0.0,0.0,17.115
2021-08-07,7.303e-06,3.0,0.027,0.048,0.007,0.0,17.715,7.303e-06,3.014,0.027,0.047,0.007,0.0,20.573,0.0,3.198,0.027,0.041,0.0,0.0,19.054
2021-08-08,4.713e-07,2.847,0.0,0.048,0.007,0.0,18.0,4.712e-07,2.86,0.0,0.047,0.007,0.0,20.828,0.0,2.875,0.0,0.041,0.0,0.0,19.464
2021-08-09,2.507e-07,2.892,0.0,0.048,0.007,0.0,18.436,2.506e-07,2.906,0.0,0.047,0.007,0.0,21.827,0.0,2.319,0.0,0.041,0.0,0.0,20.577
2021-08-10,3.022e-08,5.53,0.0,0.048,0.007,0.0,18.871,3.012e-08,5.556,0.0,0.047,0.007,0.0,22.267,0.0,2.906,0.0,0.041,0.0,0.0,19.247
2021-08-11,9.285e-06,4.43,0.042,0.047,0.007,0.0,19.372,9.285e-06,4.45,0.042,0.046,0.007,0.0,23.031,0.0,3.744,0.042,0.041,0.0,0.0,20.423
2021-08-12,6.911e-07,3.664,0.0,0.047,0.007,0.0,19.764,6.91e-07,3.681,0.0,0.046,0.007,0.0,23.15,0.0,2.072,0.0,0.04,0.0,0.0,20.961
2021-08-13,2.989e-08,5.742,0.0,0.047,0.007,0.0,20.165,2.978e-08,5.762,0.0,0.046,0.007,0.0,23.423,0.0,1.469,0.0,0.04,0.0,0.0,20.397
2021-08-14,1.92e-05,3.872,0.129,0.046,0.007,0.0,19.914,1.92e-05,3.889,0.129,0.045,0.007,0.0,20.843,0.0,5.171,0.129,0.039,0.0,0.0,17.149
2021-08-15,2.934e-08,4.835,0.0,0.046,0.007,0.0,19.386,2.923e-08,4.856,0.0,0.045,0.007,0.0,18.133,0.0,3.572,0.0,0.039,0.0,0.0,14.357
2021-08-16,2.916e-08,2.419,0.0,0.045,0.007,0.0,19.064,2.905e-08,2.438,0.0,0.044,0.007,0.0,17.925,0.0,1.163,0.0,0.038,0.0,0.0,15.332
2021-08-17,3.334e-06,2.26,0.004,0.044,0.007,0.0,18.853,3.334e-06,2.271,0.004,0.043,0.007,0.0,18.27,0.0,1.145,0.004,0.036,0.0,0.0,16.989
2021-08-18,1.105e-05,3.084,0.056,0.044,0.007,0.0,19.074,1.105e-05,3.091,0.056,0.043,0.007,0.0,20.347,0.0,3.092,0.056,0.036,0.0,0.0,18.835
2021-08-19,3.749e-05,3.5,0.307,0.044,0.007,0.0,19.113,3.749e-05,3.514,0.307,0.043,0.007,0.0,20.498,0.0,4.052,0.307,0.035,0.0,0.0,18.193
2021-08-20,4.435e-06,3.075,0.009,0.044,0.007,0.0,19.438,4.435e-06,3.087,0.009,0.043,0.007,0.0,22.289,0.0,3.007,0.009,0.035,0.0,0.0,20.928
2021-08-21,2.793e-08,4.574,0.0,0.044,0.007,0.0,19.862,2.781e-08,4.593,0.0,0.043,0.007,0.0,23.618,0.0,4.143,0.0,0.035,0.0,0.0,20.707
2021-08-22,2.781e-08,7.05,0.0,0.044,0.007,0.0,20.136,2.77e-08,7.079,0.0,0.043,0.007,0.0,23.45,0.0,3.722,0.0,0.035,0.0,0.0,20.022
2021-08-23,2.231e-06,4.037,0.001,0.043,0.007,0.0,20.247,2.231e-06,4.053,0.001,0.042,0.006,0.0,22.645,0.0,3.198,0.001,0.035,0.0,0.0,20.292
2021-08-24,2.759e-08,3.088,0.0,0.043,0.007,0.0,20.45,2.747e-08,3.108,0.0,0.042,0.006,0.0,22.731,0.0,2.528,0.0,0.035,0.0,0.0,19.877
2021-08-25,2.729e-08,3.533,0.0,0.042,0.006,0.0,20.639,2.717e-08,3.556,0.0,0.041,0.006,0.0,22.787,0.0,1.879,0.0,0.035,0.0,0.0,19.722
2021-08-26,2.682e-08,2.857,0.0,0.04,0.006,0.0,20.933,2.67e-08,2.875,0.0,0.039,0.006,0.0,23.43,0.0,1.087,0.0,0.034,0.0,0.0,21.357
2021-08-27,2.624e-08,2.214,0.0,0.039,0.006,0.0,20.443,2.613e-08,2.227,0.0,0.038,0.006,0.0,20.32,0.0,0.771,0.0,0.034,0.0,0.0,18.533
2021-08-28,1.501e-05,2.447,0.09,0.038,0.006,0.0,19.789,1.501e-05,2.457,0.09,0.037,0.006,0.0,18.085,0.0,3.955,0.09,0.034,0.0,0.0,15.663
2021-08-29,8.179e-06,2.322,0.033,0.038,0.006,0.0,19.485,8.179e-06,2.332,0.033,0.037,0.006,0.0,18.336,0.0,2.799,0.033,0.033,0.0,0.0,17.685
2021-08-30,1.104e-05,2.286,0.056,0.038,0.006,0.0,19.557,1.104e-05,2.297,0.056,0.037,0.006,0.0,20.175,0.0,3.514,0.056,0.032,0.0,0.0,19.287
2021-08-31,2.456e-08,4.578,0.0,0.037,0.006,0.0,19.354,2.445e-08,4.602,0.0,0.036,0.006,0.0,19.461,0.0,3.77,0.0,0.032,0.0,0.0,16.344
2021-09-01,4.651e-07,1.049,0.0,0.037,0.006,0.0,18.764,4.649e-07,1.055,0.0,0.036,0.006,0.0,17.527,0.0,1.166,0.0,0.031,0.0,0.0,15.737
2021-09-02,1.126e-06,0.842,0.0,0.037,0.006,0.0,18.051,1.126e-06,0.847,0.0,0.036,0.006,0.0,15.832,0.0,0.922,0.0,0.031,0.0,0.0,14.649
2021-09-03,2.398e-08,1.193,0.0,0.037,0.006,0.0,17.63,2.387e-08,1.202,0.0,0.036,0.006,0.0,16.216,0.0,0.671,0.0,0.03,0.0,0.0,15.515
2021-09-04,2.383e-08,1.268,0.0,0.037,0.006,0.0,17.3,2.372e-08,1.277,0.0,0.036,0.006,0.0,16.648,0.0,0.382,0.0,0.029,0.0,0.0,15.92
2021-09-05,4.211e-06,0.825,0.008,0.037,0.006,0.0,17.124,4.211e-06,0.83,0.008,0.035,0.005,0.0,17.311,0.0,1.201,0.008,0.029,0.0,0.0,16.336
2021-09-06,1.501e-05,0.818,0.09,0.036,0.006,0.0,16.819,1.501e-05,0.823,0.09,0.035,0.005,0.0,16.792,0.0,1.966,0.09,0.029,0.0,0.0,15.237
2021-09-07,2.351e-08,1.503,0.0,0.036,0.006,0.0,16.601,2.339e-08,1.513,0.0,0.035,0.005,0.0,16.821,0.0,2.734,0.0,0.028,0.0,0.0,14.475
2021-09-08,5.49e-05,1.108,0.484,0.036,0.007,0.0,16.607,5.49e-05,1.115,0.484,0.035,0.006,0.0,17.948,0.0,2.29,0.482,0.028,0.0,0.0,17.237
2021-09-09,1.237e-05,0.911,0.067,0.036,0.007,0.0,16.524,1.237e-05,0.916,0.067,0.035,0.007,0.0,17.812,0.0,1.767,0.067,0.028,0.0,0.0,17.316
2021-09-10,5.76e-06,0.821,0.016,0.036,0.007,0.0,16.017,5.76e-06,0.826,0.016,0.035,0.007,0.0,15.434,0.0,2.221,0.016,0.028,0.0,0.0,14.282
2021-09-11,2.491e-07,0.835,0.0,0.036,0.007,0.0,15.754,2.49e-07,0.84,0.0,0.035,0.007,0.0,15.696,0.0,1.496,0.0,0.028,0.0,0.0,15.613
2021-09-12,2.723e-08,1.361,0.0,0.036,0.007,0.0,15.752,2.711e-08,1.369,0.0,0.035,0.006,0.0,16.996,0.0,2.271,0.0,0.027,0.0,0.0,15.982
2021-09-13,2.009e-06,1.445,0.001,0.036,0.006,0.0,15.57,2.009e-06,1.454,0.001,0.035,0.006,0.0,16.447,0.0,2.705,0.001,0.027,0.0,0.0,14.412
2021-09-14,2.532e-08,1.28,0.0,0.036,0.006,0.0,15.293,2.521e-08,1.288,0.0,0.035,0.006,0.0,15.717,0.0,2.353,0.0,0.027,0.0,0.0,13.866
2021-09-15,6.412e-05,0.802,0.558,0.046,0.015,0.0,15.207,6.394e-05,0.806,0.558,0.045,0.015,0.0,16.249,0.0,1.606,0.549,0.027,0.0,0.0,16.096
2021-09-16,3.199e-06,1.056,0.0,0.046,0.013,0.0,15.035,3.103e-06,1.062,0.0,0.045,0.013,0.0,16.01,0.0,2.436,0.0,0.027,0.0,0.0,15.04
2021-09-17,7.494e-07,2.29,0.0,0.046,0.011,0.0,15.148,7.007e-07,2.305,0.0,0.045,0.011,0.0,17.313,0.0,3.068,0.0,0.027,0.0,0.0,15.051
2021-09-18,3.991e-07,1.552,0.0,0.046,0.01,0.0,14.968,3.743e-07,1.562,0.0,0.045,0.01,0.0,16.261,0.0,2.607,0.0,0.027,0.0,0.0,13.617
2021-09-19,2.201e-07,1.123,0.0,0.046,0.009,0.0,14.522,2.075e-07,1.13,0.0,0.045,0.009,0.0,14.43,0.0,2.211,0.0,0.027,0.0,0.0,12.383
2021-09-20,1.284e-07,1.294,0.0,0.046,0.009,0.0,14.375,1.219e-07,1.302,0.0,0.045,0.008,0.0,15.151,0.0,2.136,0.0,0.026,0.0,0.0,13.625
2021-09-21,7.423e-07,0.862,0.0,0.046,0.008,0.0,14.579,7.39e-07,0.867,0.0,0.045,0.008,0.0,16.969,0.0,1.323,0.0,0.025,0.0,0.0,16.326
2021-09-22,2.772e-07,0.879,0.0,0.046,0.008,0.0,14.926,2.754e-07,0.884,0.0,0.045,0.008,0.0,18.501,0.0,1.435,0.0,0.026,0.0,0.0,17.723
2021-09-23,2.644e-07,1.284,0.0,0.046,0.008,0.0,15.61,2.635e-07,1.291,0.0,0.045,0.007,0.0,20.905,0.0,1.98,0.0,0.026,0.0,0.0,19.539
2021-09-24,2.749e-05,0.865,0.188,0.047,0.009,0.0,15.524,2.749e-05,0.869,0.188,0.046,0.009,0.0,18.37,0.0,2.343,0.188,0.027,0.0,0.0,16.369
2021-09-25,1.107e-06,2.531,0.0,0.047,0.008,0.0,15.289,1.105e-06,2.545,0.0,0.046,0.008,0.0,16.554,0.0,4.084,0.0,0.028,0.0,0.0,13.131
2021-09-26,5.78e-07,2.159,0.0,0.047,0.008,0.0,14.973,5.77e-07,2.171,0.0,0.046,0.008,0.0,15.3,0.0,2.99,0.0,0.027,0.0,0.0,12.134
2021-09-27,4.289e-06,0.815,0.007,0.047,0.008,0.0,14.504,4.289e-06,0.819,0.007,0.046,0.008,0.0,13.79,0.0,1.973,0.007,0.025,0.0,0.0,12.026
2021-09-28,6.2e-07,0.736,0.0,0.047,0.008,0.0,13.806,6.196e-07,0.739,0.0,0.046,0.007,0.0,11.77,0.0,1.739,0.0,0.024,0.0,0.0,10.646
2021-09-29,3.266e-07,0.556,0.0,0.047,0.007,0.0,13.056,3.264e-07,0.559,0.0,0.046,0.007,0.0,10.241,0.0,1.44,0.0,0.023,0.0,0.0,9.584
2021-09-30,5.098e-07,0.671,0.0,0.047,0.007,0.0,12.567,5.096e-07,0.674,0.0,0.046,0.007,0.0,10.643,0.0,1.362,0.0,0.022,0.0,0.0,10.438
2021-10-01,5.009e-08,1.989,0.0,0.047,0.007,0.0,12.066,4.993e-08,2.0,0.0,0.046,0.007,0.0,10.937,0.0,2.178,0.0,0.022,0.0,0.0,8.034
2021-10-02,3.033e-05,0.355,0.205,0.049,0.009,0.0,11.709,3.032e-05,0.356,0.205,0.048,0.009,0.0,10.961,0.0,0.629,0.205,0.021,0.0,0.0,9.359
2021-10-03,1.198e-05,0.927,0.038,0.05,0.01,0.0,11.552,1.198e-05,0.931,0.038,0.049,0.01,0.0,11.956,0.0,2.141,0.038,0.02,0.0,0.0,9.874
2021-10-04,1.627e-06,1.977,0.0,0.05,0.01,0.0,11.406,1.626e-06,1.986,0.0,0.049,0.01,0.0,12.54,0.0,2.058,0.0,0.02,0.0,0.0,9.146
2021-10-05,8.467e-07,1.02,0.0,0.05,0.01,0.0,11.344,8.457e-07,1.025,0.0,0.049,0.01,0.0,12.967,0.0,1.121,0.0,0.02,0.0,0.0,10.239
2021-10-06,4.503e-07,1.479,0.0,0.05,0.01,0.0,11.33,4.494e-07,1.486,0.0,0.049,0.009,0.0,13.772,0.0,1.36,0.0,0.019,0.0,0.0,10.645
2021-10-07,2.488e-07,1.044,0.0,0.05,0.01,0.0,11.326,2.479e-07,1.049,0.0,0.049,0.009,0.0,14.174,0.0,1.113,0.0,0.019,0.0,0.0,11.364
2021-10-08,1.463e-07,2.552,0.0,0.05,0.009,0.0,11.367,1.455e-07,2.563,0.0,0.049,0.009,0.0,14.626,0.0,2.404,0.0,0.02,0.0,0.0,10.434
2021-10-09,9.415e-08,2.08,0.0,0.05,0.009,0.0,11.438,9.328e-08,2.09,0.0,0.049,0.009,0.0,14.578,0.0,1.893,0.0,0.02,0.0,0.0,10.473
2021-10-10,4.254e-06,0.386,0.008,0.05,0.009,0.0,11.468,4.254e-06,0.387,0.008,0.049,0.009,0.0,14.293,0.0,0.549,0.008,0.02,0.0,0.0,12.069
2021-10-11,3.139e-06,0.414,0.003,0.05,0.009,0.0,11.768,3.138e-06,0.416,0.003,0.049,0.009,0.0,15.632,0.0,0.526,0.003,0.02,0.0,0.0,13.942
2021-10-12,4.876e-07,0.517,0.0,0.05,0.009,0.0,12.099,4.867e-07,0.518,0.0,0.049,0.009,0.0,16.765,0.0,0.495,0.0,0.02,0.0,0.0,15.077
2021-10-13,2.636e-07,0.644,0.0,0.05,0.009,0.0,12.363,2.627e-07,0.646,0.0,0.049,0.009,0.0,16.829,0.0,0.931,0.0,0.021,0.0,0.0,14.59
2021-10-14,4.13e-08,1.266,0.0,0.05,0.009,0.0,12.634,4.038e-08,1.272,0.0,0.049,0.009,0.0,16.569,0.0,1.457,0.0,0.021,0.0,0.0,13.353
2021-10-15,1.142e-06,0.471,0.0,0.05,0.009,0.0,12.9,1.141e-06,0.473,0.0,0.049,0.009,0.0,16.9,0.0,0.511,0.0,0.021,0.0,0.0,14.753
2021-10-16,5.129e-05,0.616,0.384,0.055,0.014,0.0,12.856,5.128e-05,0.618,0.384,0.053,0.013,0.0,15.901,0.0,1.077,0.384,0.021,0.0,0.0,13.735
2021-10-17,3.125e-05,0.336,0.173,0.059,0.018,0.0,12.363,3.124e-05,0.337,0.173,0.058,0.018,0.0,12.624,0.0,0.971,0.173,0.021,0.0,0.0,10.676
2021-10-18,4.489e-06,0.301,0.0,0.059,0.019,0.0,11.683,4.487e-06,0.302,0.0,0.058,0.019,0.0,10.075,0.0,0.827,0.0,0.021,0.0,0.0,8.621
2021-10-19,1.26e-05,0.29,0.04,0.061,0.022,0.0,11.01,1.259e-05,0.291,0.04,0.059,0.022,0.0,8.862,0.0,0.73,0.04,0.019,0.0,0.0,7.785
2021-10-20,3.03e-06,0.861,0.0,0.061,0.023,0.0,10.625,3.029e-06,0.864,0.0,0.059,0.023,0.0,10.237,0.0,1.554,0.0,0.018,0.0,0.0,8.638
2021-10-21,1.625e-05,0.468,0.073,0.063,0.026,0.0,10.586,1.625e-05,0.47,0.073,0.062,0.026,0.0,11.545,0.0,0.76,0.073,0.017,0.0,0.0,9.934
2021-10-22,2.933e-05,0.476,0.168,0.068,0.032,0.0,10.14,2.933e-05,0.477,0.168,0.066,0.031,0.0,10.419,0.0,1.268,0.168,0.017,0.0,0.0,8.754
2021-10-23,3.341e-06,0.388,0.0,0.067,0.036,0.0,9.329,3.339e-06,0.39,0.0,0.066,0.035,0.0,7.301,0.0,1.327,0.0,0.017,0.0,0.0,5.786
2021-10-24,1.677e-06,1.22,0.0,0.067,0.038,0.0,8.703,1.675e-06,1.224,0.0,0.066,0.037,0.0,7.059,0.0,1.434,0.0,0.016,0.0,0.0,5.129
2021-10-25,1.503e-05,0.243,0.067,0.069,0.042,0.0,8.229,1.502e-05,0.244,0.067,0.068,0.041,0.0,6.835,0.0,0.61,0.067,0.015,0.0,0.0,5.859
2021-10-26,2.442e-05,0.301,0.131,0.073,0.048,0.0,8.196,2.442e-05,0.302,0.131,0.072,0.047,0.0,8.831,0.0,0.456,0.131,0.014,0.0,0.0,8.065
2021-10-27,6.481e-06,0.286,0.004,0.074,0.052,0.0,7.925,6.478e-06,0.287,0.004,0.072,0.051,0.0,8.529,0.0,0.609,0.004,0.014,0.0,0.0,7.675
2021-10-28,1.745e-06,1.341,0.0,0.073,0.055,0.0,7.465,1.743e-06,1.345,0.0,0.072,0.054,0.0,7.329,0.0,2.105,0.0,0.014,0.0,0.0,5.173
2021-10-29,1.021e-06,1.576,0.0,0.073,0.057,0.0,7.171,1.018e-06,1.581,0.0,0.072,0.056,0.0,7.656,0.0,1.474,0.0,0.014,0.0,0.0,5.348
2021-10-30,2.99e-05,0.584,0.188,0.077,0.062,0.0,7.033,2.989e-05,0.586,0.188,0.076,0.061,0.0,8.179,0.0,1.361,0.188,0.014,0.0,0.0,6.731
2021-10-31,0.0001127,0.267,7.885,0.091,0.078,0.0,7.099,0.0001113,0.268,7.593,0.09,0.077,0.0,8.684,0.0,0.581,0.594,0.013,0.0,0.0,7.685
2021-11-01,9.678e-06,0.159,0.733,0.087,0.086,0.0,6.848,9.676e-06,0.159,0.709,0.086,0.084,0.0,7.846,0.0,0.149,0.0,0.014,0.0,0.0,6.618
2021-11-02,4.195e-06,0.672,0.071,0.087,0.091,0.0,6.359,4.194e-06,0.674,0.069,0.086,0.089,0.0,6.075,0.0,1.163,0.0,0.014,0.0,0.0,4.238
2021-11-03,2.349e-06,0.995,0.008,0.086,0.095,0.0,5.682,2.348e-06,0.998,0.008,0.085,0.093,0.0,4.232,0.0,0.944,0.0,0.015,0.0,0.0,2.323
2021-11-04,1.414e-06,0.621,0.001,0.086,0.097,0.0,4.914,1.413e-06,0.622,0.001,0.085,0.095,0.0,2.792,0.0,0.639,0.0,0.053,0.0,0.0,1.5
2021-11-05,9.399e-07,0.437,0.0,0.086,0.098,0.0,4.37,9.394e-07,0.438,0.0,0.085,0.096,0.0,3.037,0.0,0.284,0.0,0.19,0.0,0.0,1.46
2021-11-06,6.998e-07,0.694,0.0,0.085,0.099,0.0,4.018,6.994e-07,0.696,0.0,0.085,0.097,0.0,3.982,0.0,0.513,0.0,0.273,0.0,0.0,1.839
2021-11-07,5.777e-07,0.403,0.0,0.085,0.099,0.0,3.913,5.774e-07,0.404,0.0,0.084,0.097,0.0,5.579,0.0,0.295,0.0,0.277,0.0,0.0,3.029
2021-11-08,5.149e-07,1.14,0.0,0.085,0.099,0.0,4.207,5.147e-07,1.144,0.0,0.084,0.098,0.0,7.633,0.0,0.623,0.0,0.259,0.0,0.0,4.529
2021-11-09,4.812e-07,1.487,0.0,0.084,0.099,0.0,4.547,4.811e-07,1.491,0.0,0.084,0.097,0.0,8.751,0.0,0.912,0.0,0.241,0.0,0.0,5.157
2021-11-10,4.875e-06,0.121,0.009,0.084,0.099,0.0,4.373,4.875e-06,0.122,0.009,0.084,0.097,0.0,7.0,0.0,0.09,0.009,0.226,0.0,0.0,4.909
2021-11-11,4.568e-07,0.43,0.0,0.084,0.098,0.0,4.028,4.567e-07,0.43,0.0,0.084,0.097,0.0,5.346,0.0,0.786,0.0,0.214,0.0,0.0,3.35
2021-11-12,0.0001153,0.599,12.718,0.09,0.103,0.0,4.056,0.0001153,0.6,12.718,0.089,0.101,0.0,6.217,0.0,0.968,0.44,0.203,0.0,0.0,4.302
2021-11-13,0.0001042,0.308,13.332,0.09,0.106,0.0,3.969,0.0001042,0.308,13.332,0.089,0.104,0.0,6.064,0.0,0.605,0.307,0.193,0.0,0.0,4.62
2021-11-14,1.519e-05,0.119,2.091,0.09,0.108,0.0,3.746,1.519e-05,0.119,2.091,0.089,0.106,0.0,4.657,0.0,0.257,0.007,0.253,0.0,0.0,3.593
2021-11-15,3.173e-05,0.082,3.66,0.091,0.11,0.0,3.445,3.173e-05,0.083,3.591,0.09,0.108,0.0,3.259,0.0,0.182,0.054,0.823,0.0,0.0,2.369
2021-11-16,3.74e-06,0.349,0.297,0.09,0.11,0.115,2.832,3.734e-06,0.35,0.297,0.088,0.107,0.115,1.191,0.0,1.018,0.0,0.905,0.0,0.011,1.151
2021-11-17,1.572e-05,0.416,1.653,0.09,0.111,0.115,2.28,1.577e-05,0.416,1.598,0.087,0.106,0.115,1.262,1.111e-05,1.105,1.175,0.742,0.0,0.229,0.813
2021-11-18,8.429e-05,0.201,12.062,0.091,0.113,0.0,2.607,8.429e-05,0.201,10.349,0.091,0.109,0.0,5.505,4.99e-05,-0.109,5.733,0.611,0.0,0.218,2.846
2021-11-19,2.217e-05,0.26,3.348,0.091,0.114,0.0,2.27,2.216e-05,0.26,3.1,0.091,0.111,0.0,2.732,8.363e-06,0.556,0.404,0.663,0.0,0.527,1.02
2021-11-20,3.349e-06,0.159,0.257,0.09,0.113,0.006,1.81,3.339e-06,0.159,0.257,0.089,0.11,0.006,1.325,9.939e-07,0.3,0.034,1.032,0.0,0.792,0.807
2021-11-21,5.445e-06,0.078,0.402,0.091,0.114,0.006,1.926,5.462e-06,0.078,0.361,0.09,0.111,0.006,3.279,0.003238,-0.091,0.255,1.699,0.0,0.46,2.201
2021-11-22,2.47e-05,0.064,3.381,0.091,0.114,0.0,1.733,2.47e-05,0.064,3.324,0.091,0.112,0.0,2.849,0.007453,0.057,0.433,2.252,0.0,0.485,1.632
2021-11-23,2.147e-06,0.196,0.234,0.09,0.114,0.073,1.005,2.053e-06,0.196,0.234,0.067,0.092,0.073,-1.027,0.01187,0.95,0.0,2.452,0.0,0.62,0.332
2021-11-24,2.424e-06,0.077,0.023,0.086,0.111,0.383,0.288,2.267e-06,0.077,0.023,0.067,0.077,0.383,-1.473,0.01609,0.597,0.0,2.456,0.0,1.238,0.303
2021-11-25,1.592e-05,0.0,1.805,0.085,0.109,0.935,0.109,1.639e-05,0.0,1.891,0.089,0.085,0.935,0.506,0.01982,0.014,0.81,2.297,0.0,2.848,0.33
2021-11-26,2.188e-05,0.0,1.844,0.084,0.106,3.23,0.025,2.17e-05,0.0,1.802,0.091,0.093,3.23,0.99,0.02281,0.057,1.519,2.014,0.0,6.157,0.317
2021-11-27,4.019e-06,0.187,0.13,0.064,0.086,5.862,-0.54,3.957e-06,0.187,0.129,0.067,0.078,5.862,-0.302,0.02508,0.561,0.117,1.733,0.0,9.045,0.254
2021-11-28,6.911e-07,0.721,0.013,0.057,0.068,6.512,-1.276,6.664e-07,0.721,0.013,0.067,0.066,6.512,-0.912,0.0268,0.654,0.012,1.504,0.0,9.667,0.198
2021-11-29,1.749e-06,0.0,0.001,0.051,0.052,6.748,-1.998,1.762e-06,0.0,0.001,0.066,0.058,6.748,-1.252,0.02809,0.134,0.001,1.327,0.0,10.025,0.143
2021-11-30,2.762e-07,0.424,0.0,0.051,0.04,6.984,-2.442,3.16e-07,0.424,0.0,0.066,0.052,6.984,-0.814,0.02904,0.185,0.0,1.188,0.0,10.426,0.066
2021-12-01,1.51e-06,0.0,0.0,0.051,0.032,7.22,-2.612,1.569e-06,0.0,0.0,0.067,0.047,7.22,-0.076,0.02973,-0.029,0.0,1.078,0.0,10.807,0.047
2021-12-02,4.499e-05,0.0,8.099,0.051,0.025,4.881,-2.464,4.071e-05,0.0,6.868,0.091,0.066,4.881,0.877,0.03024,-0.112,2.287,0.989,0.0,12.159,0.128
2021-12-03,2.194e-06,0.0,0.54,0.051,0.021,2.356,-2.802,2.147e-06,0.0,0.465,0.067,0.057,2.356,-0.946,0.03053,0.002,0.167,0.916,0.0,13.33,0.101
2021-12-04,2.792e-06,0.0,0.053,0.051,0.017,2.806,-3.425,2.813e-06,0.0,0.046,0.059,0.047,2.806,-2.099,0.03071,0.016,0.016,0.854,0.0,13.941,-0.035
2021-12-05,4.955e-06,0.0,0.006,0.051,0.015,4.206,-3.664,5.023e-06,0.0,0.005,0.067,0.044,4.206,-1.071,0.03078,-0.029,0.002,0.801,0.0,15.487,-0.092
2021-12-06,0.000222,0.328,35.794,0.051,0.013,2.603,-3.198,0.000218,0.328,34.661,0.092,0.064,2.603,2.024,0.03091,0.459,18.681,0.756,0.0,23.004,0.1
2021-12-07,9.052e-06,0.248,2.378,0.051,0.012,0.087,-3.353,9.236e-06,0.249,2.349,0.067,0.056,0.087,-1.562,0.03066,0.416,1.555,0.716,0.0,29.423,0.155
2021-12-08,4.275e-06,0.277,0.233,0.051,0.011,0.174,-3.78,4.33e-06,0.277,0.229,0.051,0.043,0.174,-4.198,0.03049,0.21,0.141,0.681,0.0,29.442,0.133
2021-12-09,2.629e-06,0.0,0.026,0.042,0.01,0.212,-4.268,2.688e-06,0.0,0.025,0.051,0.034,0.212,-5.336,0.03027,-0.035,0.015,0.649,0.0,29.613,0.099
2021-12-10,2.01e-06,0.0,0.003,0.042,0.009,0.448,-4.475,2.062e-06,0.0,0.003,0.051,0.027,0.448,-2.501,0.03001,-0.054,0.002,0.621,0.0,29.979,0.107
2021-12-11,0.0001295,0.518,19.648,0.051,0.009,0.323,-3.712,5.554e-05,0.519,2.479,0.092,0.051,0.323,3.745,0.02983,0.806,16.687,0.597,0.0,31.234,0.187
2021-12-12,5.822e-06,0.0,1.364,0.051,0.008,0.0,-3.086,2.692e-05,0.0,6.136,0.094,0.071,0.0,1.617,0.02948,-0.077,2.947,0.616,0.0,31.476,0.239
2021-12-13,2.507e-06,0.903,0.129,0.051,0.008,0.0,-2.254,1.114e-05,0.906,2.357,0.092,0.083,0.0,2.948,0.02911,0.641,1.245,0.552,0.0,29.979,0.285
2021-12-14,1.289e-06,0.352,0.014,0.051,0.008,0.0,-2.343,1.897e-05,0.354,4.255,0.067,0.07,0.0,-0.369,0.02872,0.047,0.116,0.531,0.0,29.241,0.281
2021-12-15,1.18e-05,0.016,1.176,0.051,0.008,0.0,-2.42,1.312e-05,0.016,1.675,0.067,0.061,0.0,-0.459,0.02834,-0.161,1.54,0.513,0.0,29.467,0.278
2021-12-16,5.082e-05,0.028,7.602,0.051,0.008,0.0,-1.436,4.768e-05,0.028,6.879,0.092,0.076,0.0,5.563,0.028,-0.418,15.01,0.502,0.0,26.063,0.329
2021-12-17,8.943e-06,0.013,1.477,0.059,0.01,0.0,-0.974,3.189e-05,0.013,6.395,0.094,0.089,0.0,4.128,0.02758,-0.284,7.326,0.508,0.0,19.645,0.356
2021-12-18,6.633e-06,0.0,0.117,0.052,0.01,1.194,-1.227,9.968e-06,0.0,0.897,0.067,0.074,1.194,-0.335,0.02712,0.081,0.574,0.465,0.0,18.078,0.3
2021-12-19,1.581e-06,0.23,0.012,0.051,0.009,2.588,-2.184,2.557e-06,0.23,0.076,0.059,0.059,2.588,-2.753,0.02667,0.79,0.054,0.451,0.0,19.428,0.213
2021-12-20,1.033e-06,0.0,0.001,0.051,0.009,2.875,-3.264,1.576e-06,0.0,0.008,0.051,0.046,2.875,-3.203,0.02623,0.019,0.006,0.44,0.0,19.746,0.161
2021-12-21,1.968e-06,0.0,0.0,0.051,0.009,3.362,-3.351,2.309e-06,0.0,0.001,0.067,0.043,3.362,-0.75,0.0258,-0.043,0.001,0.433,0.0,20.274,0.187
2021-12-22,1.443e-06,0.082,0.0,0.051,0.008,4.062,-3.608,1.678e-06,0.082,0.0,0.066,0.041,4.062,-0.803,0.02538,0.369,0.0,0.428,0.0,20.894,0.155
2021-12-23,1.399e-06,0.0,0.0,0.042,0.008,4.625,-4.684,1.549e-06,0.0,0.0,0.051,0.032,4.625,-3.939,0.02496,0.054,0.0,0.423,0.0,21.443,-0.013
2021-12-24,5.515e-08,0.297,0.0,0.041,0.008,4.888,-5.437,1.531e-07,0.297,0.0,0.051,0.026,4.888,-2.826,0.02456,0.185,0.0,0.418,0.0,21.737,-0.25
2021-12-25,1.371e-05,0.0,0.0,0.041,0.007,7.924,-5.454,1.38e-05,0.0,0.0,0.066,0.028,7.924,-0.814,0.02418,-0.037,0.0,0.41,0.0,24.604,-0.154
2021-12-26,4.225e-06,0.0,0.0,0.041,0.007,11.911,-5.33,4.322e-06,0.0,0.0,0.066,0.03,11.911,-0.544,0.02377,-0.054,0.0,0.401,0.0,28.466,-0.115
2021-12-27,4.875e-06,0.0,0.0,0.0,0.005,13.961,-5.551,4.963e-06,0.0,0.0,0.06,0.027,13.961,-0.961,0.02337,-0.07,0.0,0.392,0.0,30.621,-0.112
2021-12-28,2.672e-06,0.227,0.0,0.041,0.006,15.661,-5.435,2.765e-06,0.227,0.0,0.066,0.029,15.661,-0.247,0.02297,0.443,0.0,0.381,0.0,32.281,-0.094
2021-12-29,2.672e-06,0.0,0.0,0.041,0.006,16.798,-5.319,2.77e-06,0.0,0.0,0.066,0.03,16.798,-0.186,0.02257,0.068,0.0,0.371,0.0,33.309,-0.058
2021-12-30,1.571e-06,0.204,0.0,0.042,0.006,17.685,-4.961,1.727e-06,0.204,0.0,0.081,0.044,17.685,0.273,0.02217,0.485,0.0,0.36,0.0,34.158,0.049
2021-12-31,2.497e-07,0.0,0.0,0.049,0.006,18.043,-4.556,4.485e-07,0.0,0.0,0.081,0.055,18.043,0.496,0.02176,-0.037,0.0,0.349,0.0,34.54,0.104
2022-01-01,3.601e-05,0.0,8.179,0.05,0.007,13.518,-4.086,2.702e-06,0.0,0.161,0.086,0.066,13.518,0.882,0.02136,0.231,0.233,0.339,0.0,34.877,0.174
2022-01-02,5.656e-06,0.038,0.543,0.042,0.007,9.835,-4.886,3.969e-06,0.038,0.0,0.059,0.053,9.835,-1.478,0.02096,0.359,0.006,0.329,0.0,35.843,0.144
2022-01-03,9.754e-07,0.056,0.053,0.0,0.005,10.685,-6.346,1.712e-07,0.056,0.0,0.051,0.041,10.685,-3.739,0.02055,0.135,0.001,0.32,0.0,36.564,0.025
2022-01-04,1.822e-06,0.0,0.006,0.0,0.004,10.942,-7.424,1.456e-06,0.0,0.0,0.051,0.032,10.942,-2.603,0.02016,0.088,0.0,0.312,0.0,36.862,-0.118
2022-01-05,8.632e-06,0.0,0.001,0.0,0.003,13.099,-6.87,8.564e-06,0.0,0.0,0.081,0.046,13.099,0.079,0.01977,-0.001,0.013,0.304,0.0,38.785,-0.014
2022-01-06,8.287e-06,0.0,0.0,0.0,0.002,16.849,-6.167,8.384e-06,0.0,0.0,0.081,0.055,16.849,0.397,0.01938,0.248,0.001,0.297,0.0,42.179,0.102
2022-01-07,4.918e-06,0.281,0.0,0.0,0.001,19.799,-6.555,5.036e-06,0.281,0.0,0.06,0.046,19.799,-0.895,0.019,0.736,0.0,0.291,0.0,44.806,0.107
2022-01-08,3.683e-08,0.0,0.0,0.0,0.001,20.899,-7.438,1.568e-07,0.0,0.0,0.059,0.038,20.899,-1.629,0.01862,0.175,0.0,0.285,0.0,45.733,0.08
2022-01-09,1.412e-05,0.0,0.0,0.0,0.001,24.035,-7.048,1.43e-05,0.0,0.0,0.08,0.048,24.035,0.089,0.01827,-0.022,0.001,0.28,0.0,48.767,0.122
2022-01-10,2.312e-07,0.0,0.0,0.0,0.001,27.222,-7.864,3.863e-07,0.0,0.0,0.059,0.04,27.222,-1.2,0.01789,0.095,0.0,0.274,0.0,51.845,0.112
2022-01-11,6.053e-09,0.0,0.0,0.0,0.0,27.272,-9.159,1.299e-07,0.0,0.0,0.051,0.032,27.272,-2.503,0.01754,0.213,0.0,0.269,0.0,51.955,0.049
2022-01-12,5.292e-06,0.0,0.0,0.0,0.0,28.472,-9.558,5.403e-06,0.0,0.0,0.059,0.028,28.472,-1.258,0.0172,-0.005,0.0,0.265,0.0,53.063,0.032
2022-01-13,8.156e-06,0.043,0.0,0.0,0.0,31.522,-9.137,8.276e-06,0.043,0.0,0.066,0.03,31.522,-0.403,0.01687,0.254,0.0,0.26,0.0,55.885,0.064
2022-01-14,8.828e-07,0.0,0.0,0.0,0.0,33.552,-9.959,9.902e-07,0.0,0.0,0.059,0.026,33.552,-1.327,0.01653,0.035,0.0,0.256,0.0,57.855,0.06
2022-01-15,8.266e-10,0.035,0.0,0.0,0.0,33.732,-11.156,8.806e-08,0.035,0.0,0.051,0.021,33.732,-2.504,0.01621,0.158,0.0,0.251,0.0,58.108,0.022
2022-01-16,5.488e-10,0.262,0.0,0.0,0.0,33.732,-11.96,7.29e-08,0.262,0.0,0.051,0.018,33.732,-1.833,0.0159,0.31,0.0,0.247,0.0,58.156,-0.01
2022-01-17,2.578e-05,0.001,0.0,0.0,0.0,39.519,-11.362,2.587e-05,0.001,0.0,0.066,0.022,39.519,-0.267,0.01562,0.165,0.0,0.243,0.0,63.733,0.023
2022-01-18,2.656e-10,0.446,0.0,0.0,0.0,45.306,-11.84,8.64e-08,0.446,0.0,0.059,0.021,45.306,-1.058,0.0153,0.511,0.0,0.239,0.0,69.28,0.036
2022-01-19,1.322e-06,0.0,0.0,0.0,0.0,45.542,-12.104,1.405e-06,0.0,0.0,0.06,0.02,45.542,-0.72,0.01501,-0.062,0.0,0.236,0.0,69.576,0.045
2022-01-20,6.612e-07,0.0,0.0,0.0,0.0,45.928,-12.441,7.406e-07,0.0,0.0,0.059,0.02,45.928,-0.892,0.01472,0.019,0.0,0.232,0.0,70.054,0.05
2022-01-21,1.083e-10,0.109,0.0,0.0,0.0,46.078,-13.383,6.663e-08,0.109,0.0,0.051,0.016,46.078,-1.913,0.01444,0.049,0.0,0.229,0.0,70.251,0.027
2022-01-22,8.408e-11,0.194,0.0,0.0,0.0,46.078,-14.115,5.722e-08,0.194,0.0,0.051,0.014,46.078,-1.643,0.01417,0.028,0.0,0.225,0.0,70.293,0.008
2022-01-23,2.204e-07,0.0,0.0,0.0,0.0,46.086,-14.187,2.813e-07,0.0,0.0,0.059,0.015,46.086,-1.156,0.01391,-0.085,0.0,0.222,0.0,70.41,0.014
2022-01-24,5.418e-11,0.231,0.0,0.0,0.0,46.094,-14.643,5.308e-08,0.231,0.0,0.051,0.013,46.094,-1.521,0.01365,0.07,0.0,0.219,0.0,70.52,0.005
2022-01-25,4.511e-11,0.547,0.0,0.0,0.0,46.094,-14.319,5.783e-08,0.547,0.0,0.059,0.014,46.094,-0.88,0.0134,0.113,0.0,0.216,0.0,70.501,0.015
2022-01-26,3.851e-11,0.157,0.0,0.0,0.0,46.094,-14.885,5.078e-08,0.157,0.0,0.051,0.012,46.094,-1.784,0.01316,0.035,0.0,0.213,0.0,70.487,-0.014
2022-01-27,3.357e-11,0.241,0.0,0.0,0.0,46.094,-15.177,4.562e-08,0.241,0.0,0.051,0.011,46.094,-1.357,0.01292,0.047,0.0,0.211,0.0,70.508,-0.033
2022-01-28,1.322e-06,0.0,0.0,0.0,0.0,46.33,-15.268,1.374e-06,0.0,0.0,0.058,0.013,46.33,-1.155,0.01269,-0.013,0.0,0.208,0.0,70.813,-0.04
2022-01-29,2.701e-11,0.099,0.0,0.0,0.0,46.566,-15.595,4.672e-08,0.099,0.0,0.051,0.011,46.566,-1.738,0.01247,0.071,0.0,0.206,0.0,71.14,-0.063
2022-01-30,2.483e-11,0.335,0.0,0.0,0.0,46.566,-15.61,4.265e-08,0.334,0.0,0.051,0.01,46.566,-1.425,0.01225,0.08,0.0,0.204,0.0,71.165,-0.082
2022-01-31,2.313e-11,0.355,0.0,0.0,0.0,46.566,-15.323,4.998e-08,0.354,0.0,0.058,0.012,46.566,-1.027,0.01204,0.047,0.0,0.201,0.0,71.165,-0.089
2022-02-01,2.204e-07,0.007,0.0,0.0,0.0,46.574,-14.651,2.913e-07,0.007,0.0,0.065,0.017,46.574,-0.45,0.01183,0.022,0.0,0.199,0.0,71.232,-0.062
2022-02-02,7.746e-05,0.0,16.09,0.0,0.0,39.326,-12.97,1.221e-05,0.0,0.373,0.067,0.023,39.326,0.732,0.01166,0.063,2.442,0.197,0.0,71.97,0.057
2022-02-03,2.324e-05,0.181,1.059,0.0,0.0,36.52,-12.269,1.972e-05,0.181,0.0,0.068,0.027,36.52,0.097,0.01146,0.762,0.506,0.195,0.0,76.35,0.108
2022-02-04,1.462e-05,0.0,0.104,0.0,0.0,43.807,-12.075,1.288e-05,0.0,0.0,0.06,0.025,43.807,-0.65,0.01126,0.13,0.043,0.193,0.0,82.774,0.144
2022-02-05,1.375e-06,0.1,0.011,0.0,0.0,46.744,-12.486,5.33e-07,0.1,0.0,0.059,0.023,46.744,-1.217,0.01106,0.345,0.004,0.19,0.0,85.548,0.144
2022-02-06,6.948e-07,0.0,0.001,0.0,0.0,46.853,-12.76,3.07e-07,0.0,0.0,0.059,0.021,46.853,-0.969,0.01088,0.08,0.0,0.188,0.0,85.579,0.138
2022-02-07,2.004e-06,0.0,0.0,0.0,0.0,47.257,-11.903,1.865e-06,0.0,0.0,0.067,0.025,47.257,0.039,0.01071,0.067,0.0,0.186,0.0,85.822,0.161
2022-02-08,7.834e-07,0.179,0.0,0.0,0.0,47.804,-11.052,7.737e-07,0.179,0.0,0.067,0.027,47.804,0.209,0.01054,0.119,0.0,0.184,0.0,86.112,0.183
2022-02-09,2.266e-06,0.0,0.0,0.0,0.0,48.391,-10.284,2.324e-06,0.0,0.0,0.067,0.029,48.391,0.393,0.01037,-0.048,0.0,0.182,0.0,86.498,0.208
2022-02-10,9.075,0.143,10.209,0.0,0.0,44.489,-9.014,5.653e-06,0.143,0.18,0.072,0.035,44.489,0.84,0.01021,0.476,0.499,0.181,0.0,87.441,0.365
2022-02-11,9.518e-05,0.0,21.844,0.0,0.0,30.137,-7.892,6.593e-06,0.0,0.439,0.083,0.049,30.137,1.12,0.01006,0.242,0.509,0.18,0.0,87.484,0.477
2022-02-12,1.466e-05,0.0,2.697,0.0,0.0,20.25,-7.891,3.713e-06,0.0,0.003,0.07,0.047,20.25,0.017,0.009903,0.157,0.009,0.178,0.0,86.676,0.5
2022-02-13,3.334e-06,0.205,0.227,0.0,0.0,20.375,-8.605,1.563e-07,0.205,0.0,0.059,0.039,20.375,-1.814,0.009753,0.501,0.001,0.178,0.0,86.081,0.506
2022-02-14,1.693e-06,0.383,0.024,0.0,0.0,20.375,-9.215,1.228e-07,0.383,0.0,0.051,0.031,20.375,-1.928,0.009614,0.146,0.0,0.178,0.0,85.72,0.478
2022-02-15,8.594e-07,0.167,0.003,0.0,0.0,20.375,-9.706,9.834e-08,0.167,0.0,0.052,0.025,20.375,-1.683,0.009482,0.068,0.0,0.178,0.0,85.693,0.439
2022-02-16,1.538e-06,0.0,0.0,0.0,0.0,20.561,-9.693,1.212e-06,0.0,0.0,0.066,0.027,20.561,-0.456,0.009361,-0.03,0.0,0.18,0.0,85.948,0.447
2022-02-17,9.219,0.138,38.792,0.0,0.0,11.071,-8.537,0.0001082,0.139,15.777,0.098,0.057,11.071,1.564,0.009299,0.527,0.873,0.184,0.0,91.409,0.461
2022-02-18,4.088e-05,0.0,2.563,0.0,0.0,8.583,-8.806,4.989e-05,0.0,4.169,0.067,0.051,8.583,-0.874,0.009184,0.135,0.0,0.189,0.0,101.911,0.633
2022-02-19,4.746e-06,0.0,0.251,0.0,0.0,15.821,-9.016,2.982e-06,0.0,0.318,0.06,0.042,15.821,-1.069,0.009071,0.195,0.0,0.196,0.0,106.373,0.693
2022-02-20,3.62e-06,0.0,0.028,0.0,0.0,16.171,-9.302,2.782e-06,0.0,0.032,0.06,0.036,16.171,-0.947,0.00901,0.081,0.0,0.205,0.0,105.111,0.709
2022-02-21,3.591e-06,0.0,0.003,0.0,0.0,17.021,-8.58,3.311e-06,0.0,0.004,0.087,0.053,17.021,0.166,0.008977,0.136,0.0,0.22,0.0,104.346,0.726
2022-02-22,6.919e-05,0.0,9.467,0.0,0.0,19.202,-7.998,4.296e-05,0.0,3.322,0.091,0.07,19.202,0.449,0.009017,0.13,0.161,0.249,0.0,108.083,0.704
2022-02-23,7.448e-05,0.0,10.935,0.0,0.0,22.015,-7.853,7.6e-05,0.0,11.161,0.09,0.081,22.015,0.277,0.009104,0.322,0.18,0.296,0.0,115.021,0.729
2022-02-24,3.604e-06,0.322,0.746,0.0,0.0,23.196,-8.23,4.409e-06,0.322,1.016,0.067,0.068,23.196,-0.997,0.009268,0.453,0.0,0.363,0.0,115.948,0.797
2022-02-25,2.269e-06,0.0,0.074,0.0,0.0,23.234,-8.759,2.27e-06,0.0,0.091,0.059,0.055,23.234,-1.27,0.009617,-0.025,0.0,0.463,0.0,113.292,0.825
2022-02-26,9.285e-07,0.375,0.008,0.0,0.0,23.271,-9.255,9.994e-07,0.375,0.01,0.059,0.045,23.271,-1.061,0.01027,0.079,0.0,0.659,0.0,112.222,0.818
2022-02-27,6.421e-06,0.0,0.001,0.0,0.0,24.557,-9.219,6.538e-06,0.0,0.001,0.067,0.042,24.557,-0.449,0.01152,0.149,0.0,1.009,0.0,112.667,0.838
2022-02-28,2.394e-07,0.144,0.0,0.0,0.0,25.843,-9.813,3.571e-07,0.144,0.0,0.059,0.036,25.843,-1.415,0.01355,0.318,0.0,1.438,0.0,113.118,0.824
2022-03-01,5.623e-07,0.0,0.0,0.0,0.0,25.881,-9.956,0.0001289,0.0,0.0,0.066,0.035,25.881,-0.736,0.01616,-0.041,0.0,1.758,0.0,112.586,0.817
2022-03-02,3.147e-06,0.053,0.0,0.0,0.0,26.619,-9.749,0.0002533,0.053,0.0,0.066,0.035,26.619,-0.468,0.01894,0.241,0.0,1.894,0.0,112.478,0.807
2022-03-03,1.354e-06,0.0,0.0,0.0,0.0,27.594,-10.043,0.0003673,0.0,0.0,0.066,0.035,27.594,-0.868,0.02162,0.057,0.0,1.898,0.0,112.372,0.781
2022-03-04,1.592e-08,0.305,0.0,0.0,0.0,27.869,-10.439,0.0004634,0.305,0.0,0.06,0.031,27.869,-0.985,0.02408,0.151,0.0,1.842,0.0,111.783,0.754
2022-03-05,6.692e-07,0.026,0.0,0.0,0.0,27.956,-10.102,0.0005693,0.026,0.0,0.066,0.031,27.956,-0.254,0.02629,0.054,0.0,1.766,0.0,111.054,0.747
2022-03-06,9.438,0.383,43.859,0.0,0.0,14.022,-8.69,9.342,0.387,25.87,0.103,0.064,14.022,3.899,0.02828,0.138,1.053,1.688,0.0,110.373,0.669
2022-03-07,5.86e-05,0.301,10.239,0.0,0.0,0.0,-7.496,0.0009774,0.304,17.039,0.096,0.082,0.0,1.243,0.02998,0.201,0.12,1.617,0.0,106.453,0.716
2022-03-08,2.372e-05,0.0,0.772,0.0,0.0,3.786,-7.061,0.001007,0.0,3.555,0.067,0.069,3.786,-0.511,0.03262,0.423,0.0,2.263,0.0,104.434,0.726
2022-03-09,3.868e-06,0.0,0.079,0.0,0.0,7.673,-6.628,0.001103,0.0,0.273,0.089,0.079,7.673,0.042,0.0437,0.221,0.0,6.658,0.0,104.965,0.855
2022-03-10,7.039e-06,0.0,1.081,0.0,0.0,7.354,-5.996,0.001223,0.0,0.097,0.091,0.088,7.354,0.406,0.05488,-0.022,0.002,6.89,0.0,102.379,0.856
2022-03-11,2.418e-05,0.295,5.662,0.009,0.0,3.836,-5.381,9.06,0.295,5.736,0.092,0.096,3.836,0.499,0.06304,0.097,0.076,5.614,0.0,98.874,0.83
2022-03-12,9.041,0.0,0.381,0.009,0.0,5.474,-5.254,0.001472,0.0,1.101,0.09,0.1,5.474,0.183,0.06939,0.343,0.0,4.863,0.0,99.194,0.77
2022-03-13,1.383e-06,0.0,0.037,0.0,0.0,10.311,-5.533,0.001506,0.0,0.287,0.067,0.083,10.311,-0.917,0.07463,0.353,0.0,4.463,0.0,100.047,0.782
2022-03-14,1.803e-05,0.0,3.828,0.051,0.002,8.673,-5.165,0.001611,0.0,1.799,0.089,0.089,8.673,0.271,0.0793,0.111,0.043,4.276,0.0,97.87,0.781
2022-03-15,1.078e-05,0.0,2.156,0.051,0.004,6.267,-4.597,0.001712,0.0,2.371,0.092,0.097,6.267,0.551,0.08336,0.043,0.011,4.081,0.0,95.297,0.855
2022-03-16,2.892e-05,0.344,6.248,0.051,0.005,2.799,-4.007,0.001829,0.348,7.175,0.092,0.103,2.799,1.823,0.08666,0.087,0.094,3.784,0.0,89.578,0.822
2022-03-17,1.959e-06,0.952,0.423,0.051,0.005,0.0,-2.553,0.001902,0.971,3.39,0.092,0.107,0.0,5.852,0.0896,0.582,0.0,3.683,0.0,77.793,0.808
2022-03-18,1.007e-06,1.678,0.042,0.053,0.007,0.0,-1.593,0.002028,1.712,10.646,0.096,0.114,0.0,4.463,0.09571,0.767,0.0,5.559,0.0,60.456,0.797
2022-03-19,3.587e-05,1.001,3.945,0.064,0.012,0.0,-0.75,0.002149,1.02,14.947,0.096,0.118,0.0,4.328,0.1186,1.567,0.106,14.393,0.001,43.008,0.851
2022-03-20,5.324e-05,0.472,7.835,0.071,0.02,0.0,-0.284,9.165,0.479,16.725,0.096,0.122,0.0,2.875,0.1559,0.492,0.137,22.343,0.001,25.176,0.975
2022-03-21,2.616e-06,1.212,0.54,0.071,0.026,0.0,-0.052,0.002253,1.238,5.365,0.093,0.122,0.0,1.839,0.1951,1.049,0.0,23.895,0.001,11.338,1.19
2022-03-22,1.386e-06,0.566,0.053,0.07,0.03,0.0,-0.163,0.002268,0.578,2.761,0.071,0.101,0.0,-0.019,0.2123,0.741,0.0,13.811,0.0,6.611,1.246
2022-03-23,7.652e-07,0.617,0.006,0.07,0.034,0.0,-0.207,0.002318,0.631,0.205,0.089,0.103,0.0,0.459,0.2187,0.593,0.0,8.748,0.0,5.043,1.631
2022-03-24,9.119e-05,0.708,12.44,0.089,0.053,0.0,0.273,0.002479,0.721,14.655,0.092,0.107,0.0,2.913,0.221,1.511,0.305,6.923,0.0,3.115,3.564
2022-03-25,2.66e-05,0.495,4.091,0.092,0.07,0.0,0.767,0.002495,0.503,9.346,0.094,0.112,0.0,3.577,0.2235,0.621,0.043,7.382,0.0,0.998,5.073
2022-03-26,2.821e-06,0.767,0.303,0.09,0.082,0.0,1.051,0.002535,0.783,6.115,0.094,0.115,0.0,2.752,0.2264,1.54,0.0,7.489,0.0,0.0,4.238
2022-03-27,1.629e-06,0.8,0.031,0.089,0.089,0.0,0.444,9.084,0.817,4.242,0.067,0.094,0.0,-1.462,0.2271,1.68,0.0,6.142,0.0,0.0,1.341
2022-03-28,2.491e-06,0.003,0.003,0.066,0.074,0.286,-0.677,0.002493,0.003,0.311,0.051,0.071,0.286,-5.319,0.2249,1.312,0.0,4.631,0.0,0.082,0.043
2022-03-29,1.22e-06,0.117,0.0,0.051,0.057,0.721,-1.365,0.002467,0.117,0.031,0.051,0.054,0.721,-3.101,0.2207,0.369,0.0,3.492,0.0,0.701,0.08
2022-03-30,3.209e-06,0.0,0.0,0.051,0.044,1.466,-1.721,0.002477,0.0,0.003,0.066,0.049,1.466,-0.899,0.2151,0.189,0.376,2.685,0.0,1.367,0.118
2022-03-31,9.127,0.769,14.207,0.057,0.036,1.032,-1.137,0.00256,0.782,0.339,0.089,0.065,1.032,4.037,0.2089,1.021,13.734,2.169,0.0,0.748,0.249
2022-04-01,1.228e-05,0.746,1.871,0.067,0.036,0.0,-0.617,0.002607,0.759,4.846,0.093,0.08,0.0,2.397,0.202,1.323,1.281,1.766,0.0,0.0,1.697
2022-04-02,2.64e-06,0.414,0.163,0.067,0.036,0.0,-0.432,0.002652,0.421,3.973,0.093,0.091,0.0,0.958,0.1951,0.841,0.113,1.512,0.0,0.0,2.315
2022-04-03,1.998e-05,0.502,2.264,0.07,0.038,0.0,-0.102,0.002713,0.511,4.615,0.092,0.099,0.0,1.671,0.1882,1.129,0.068,1.349,0.0,0.0,3.626
2022-04-04,3.156e-06,0.552,0.204,0.09,0.057,0.0,0.338,0.002747,0.561,3.074,0.092,0.104,0.0,2.642,0.1814,1.305,0.001,1.261,0.0,0.0,5.124
2022-04-05,9.492e-07,2.062,0.02,0.09,0.071,0.0,0.794,0.002793,2.107,3.172,0.092,0.108,0.0,3.213,0.175,2.909,0.0,1.24,0.0,0.0,4.13
2022-04-06,6.722e-07,1.457,0.002,0.089,0.082,0.0,1.651,0.002838,1.488,3.769,0.093,0.112,0.0,5.809,0.1689,1.926,0.0,1.255,0.0,0.0,7.412
2022-04-07,0.0001829,0.527,26.158,0.093,0.092,0.0,2.057,9.244,0.536,38.931,0.097,0.118,0.0,4.16,0.1631,1.521,0.659,1.267,0.0,0.0,6.792
2022-04-08,9.094,0.543,16.017,0.092,0.099,0.0,2.276,0.003044,0.551,22.233,0.095,0.12,0.0,3.304,0.1576,1.612,0.287,1.255,0.0,0.0,6.184
2022-04-09,3.752e-05,1.046,5.326,0.092,0.104,0.0,2.426,0.002995,1.065,7.028,0.092,0.12,0.0,2.953,0.1544,2.926,0.067,2.439,0.0,0.0,5.149
2022-04-10,4.875e-06,1.42,0.404,0.09,0.106,0.0,2.475,0.002986,1.449,0.544,0.09,0.118,0.0,2.569,0.1613,2.066,0.0,7.509,0.0,0.0,4.248
2022-04-11,2.699e-06,1.079,0.041,0.09,0.107,0.0,2.729,0.003011,1.101,0.056,0.09,0.116,0.0,3.81,0.1662,1.721,0.0,6.635,0.0,0.0,5.867
2022-04-12,2.001e-05,0.924,1.445,0.091,0.109,0.0,3.49,2.409e-05,0.94,2.179,0.091,0.116,0.0,7.439,0.1676,1.413,0.059,4.883,0.0,0.0,9.469
2022-04-13,2.174e-05,0.622,2.528,0.091,0.111,0.0,3.897,9.08,0.632,3.438,0.092,0.117,0.0,7.423,0.1667,1.599,0.036,3.776,0.0,0.0,8.684
2022-04-14,7.552e-05,1.394,10.913,0.092,0.113,0.0,4.494,0.0002552,1.419,11.371,0.092,0.117,0.0,8.73,0.1647,4.083,0.218,3.163,0.0,0.0,9.107
2022-04-15,8.246e-06,0.927,0.989,0.091,0.113,0.0,4.839,0.0003528,0.943,1.012,0.091,0.116,0.0,8.393,0.1622,2.026,0.004,2.874,0.0,0.0,9.314
2022-04-16,4.734e-05,0.791,6.542,0.092,0.114,0.0,4.691,0.000552,0.804,6.528,0.092,0.117,0.0,5.845,0.16,2.318,0.116,2.934,0.0,0.0,6.643
2022-04-17,2.965e-06,1.648,0.449,0.09,0.114,0.0,4.349,0.0006571,1.678,0.449,0.09,0.116,0.0,3.759,0.1581,3.026,0.0,3.085,0.0,0.0,3.704
2022-04-18,1.736e-06,1.055,0.044,0.09,0.113,0.0,4.331,0.0007968,1.074,0.044,0.09,0.114,0.0,4.616,0.1563,1.69,0.0,3.111,0.0,0.0,5.822
2022-04-19,5.512e-05,0.609,6.656,0.092,0.114,0.0,4.134,0.0009879,0.617,6.601,0.092,0.115,0.0,3.847,0.1544,1.365,0.179,2.935,0.0,0.0,5.421
2022-04-20,3.118e-06,1.002,0.472,0.09,0.114,0.0,3.966,0.001065,1.017,0.469,0.09,0.115,0.0,3.516,0.1519,2.092,0.0,2.619,0.0,0.0,4.366
2022-04-21,2.336e-05,0.588,2.63,0.091,0.114,0.0,4.048,0.00121,0.596,2.607,0.091,0.115,0.0,4.717,0.1492,1.299,0.049,2.422,0.0,0.0,6.521
2022-04-22,1.813e-06,1.268,0.191,0.09,0.114,0.0,4.216,0.001305,1.29,0.189,0.09,0.114,0.0,5.598,0.1465,2.524,0.0,2.368,0.0,0.0,6.445
2022-04-23,1.152e-06,1.608,0.019,0.09,0.113,0.0,4.065,0.001414,1.636,0.019,0.09,0.113,0.0,4.435,0.1438,2.415,0.0,2.309,0.0,0.0,4.43
2022-04-24,1.255e-06,0.847,0.002,0.089,0.112,0.0,4.392,0.001517,0.859,0.002,0.089,0.112,0.0,6.349,0.141,1.304,0.0,2.194,0.0,0.0,7.627
2022-04-25,5.135e-06,1.197,0.016,0.089,0.111,0.0,5.274,0.001619,1.215,0.014,0.089,0.112,0.0,10.065,0.138,1.696,0.009,2.01,0.0,0.0,11.297
2022-04-26,9.064,0.754,5.128,0.091,0.113,0.0,5.812,0.001759,0.764,5.056,0.091,0.113,0.0,10.294,0.1348,1.568,0.152,1.805,0.0,0.0,11.01
2022-04-27,1.671e-05,0.569,2.204,0.091,0.114,0.0,5.531,0.001822,0.576,2.182,0.091,0.114,0.0,6.574,0.1314,1.838,0.021,1.618,0.0,0.0,7.129
2022-04-28,1.886e-06,1.208,0.167,0.09,0.114,0.0,5.29,0.001893,1.227,0.166,0.09,0.114,0.0,5.205,9.185,2.609,0.0,1.477,0.0,0.0,5.751
2022-04-29,1.19e-06,1.12,0.017,0.09,0.113,0.0,5.135,0.001973,1.138,0.017,0.09,0.113,0.0,5.057,0.1243,1.883,0.0,1.404,0.0,0.0,5.874
2022-04-30,8.337e-07,1.422,0.002,0.089,0.112,0.0,5.245,8.326e-07,1.444,0.002,0.089,0.112,0.0,6.239,0.1209,2.074,0.0,1.373,0.0,0.0,6.918
2022-05-01,6.502e-07,1.403,0.0,0.088,0.111,0.0,5.786,0.0001716,1.425,0.0,0.088,0.111,0.0,8.353,0.1176,2.336,0.0,1.338,0.0,0.0,9.737
2022-05-02,1.215e-06,1.221,0.0,0.088,0.109,0.0,6.505,1.215e-06,1.237,0.0,0.088,0.109,0.0,10.479,0.1143,2.072,0.0,1.278,0.0,0.0,11.906
2022-05-03,5.019e-07,2.53,0.0,0.087,0.108,0.0,7.145,5.015e-07,2.568,0.0,0.087,0.108,0.0,11.462,0.1111,3.73,0.0,1.199,0.0,0.0,11.091
2022-05-04,4.695e-05,1.308,3.342,0.091,0.11,0.0,7.35,4.648e-05,1.326,3.245,0.091,0.11,0.0,10.244,0.1078,2.868,0.226,1.112,0.0,0.0,10.628
2022-05-05,2.094e-06,1.472,0.259,0.09,0.111,0.0,7.428,0.0001756,1.494,0.251,0.09,0.111,0.0,9.112,0.1045,3.329,0.0,1.024,0.0,0.0,9.546
2022-05-06,1.291e-06,1.71,0.026,0.089,0.11,0.0,7.391,0.0003383,1.735,0.025,0.089,0.11,0.0,8.204,0.1013,3.083,0.0,0.941,0.0,0.0,8.404
2022-05-07,8.817e-07,2.568,0.003,0.088,0.109,0.0,7.417,0.0004918,2.608,0.003,0.088,0.109,0.0,8.093,0.09802,3.832,0.0,0.87,0.0,0.0,7.615
2022-05-08,6.696e-07,2.339,0.0,0.087,0.107,0.0,7.736,0.000636,2.379,0.0,0.087,0.107,0.0,9.463,0.09481,3.355,0.0,0.813,0.0,0.0,9.268
2022-05-09,5.572e-07,2.683,0.0,0.086,0.105,0.0,8.409,5.56e-07,2.722,0.0,0.086,0.105,0.0,11.876,0.09167,3.721,0.0,0.765,0.0,0.0,11.509
2022-05-10,4.949e-07,2.454,0.0,0.085,0.103,0.0,9.22,4.94e-07,2.489,0.0,0.084,0.103,0.0,13.874,0.0886,3.338,0.0,0.721,0.0,0.0,13.59
2022-05-11,4.575e-07,2.694,0.0,0.083,0.1,0.0,10.097,4.566e-07,2.734,0.0,0.083,0.1,0.0,15.431,0.0856,3.583,0.0,0.678,0.0,0.0,14.594
2022-05-12,4.315e-07,3.598,0.0,0.082,0.097,0.0,11.129,4.305e-07,3.645,0.0,0.082,0.096,0.0,17.319,0.08267,4.302,0.0,0.636,0.0,0.0,16.093
2022-05-13,4.098e-07,4.22,0.0,0.08,0.093,0.0,12.198,4.086e-07,4.259,0.0,0.08,0.092,0.0,18.96,0.07979,4.666,0.0,0.595,0.0,0.0,17.054
2022-05-14,3.892e-07,3.947,0.0,0.078,0.088,0.0,13.198,3.877e-07,3.982,0.0,0.078,0.088,0.0,19.982,0.07698,4.396,0.0,0.555,0.0,0.0,17.987
2022-05-15,4.817e-05,1.917,0.393,0.086,0.091,0.0,13.651,4.81e-05,1.932,0.393,0.085,0.091,0.0,18.643,0.07428,2.975,0.393,0.517,0.0,0.0,17.986
2022-05-16,7.513e-05,1.9,7.137,0.09,0.098,0.0,14.066,9.103,1.913,6.88,0.09,0.097,0.0,18.225,0.07159,2.818,0.298,0.482,0.0,0.0,18.412
2022-05-17,4.561e-05,1.212,5.279,0.09,0.102,0.0,13.476,4.557e-05,1.22,5.251,0.09,0.102,0.0,13.449,0.06895,3.186,0.114,0.45,0.0,0.0,13.132
2022-05-18,3.719e-06,2.168,0.436,0.089,0.104,0.0,12.921,3.709e-06,2.183,0.433,0.089,0.103,0.0,11.343,0.06639,3.812,0.0,0.42,0.0,0.0,11.464
2022-05-19,3.23e-05,1.526,2.857,0.09,0.106,0.0,12.437,3.219e-05,1.535,2.836,0.09,0.106,0.0,10.612,0.06393,2.19,0.1,0.392,0.0,0.0,12.128
2022-05-20,2.172e-06,2.596,0.229,0.089,0.107,0.0,12.755,2.167e-06,2.613,0.228,0.089,0.106,0.0,13.899,0.06152,3.334,0.0,0.368,0.0,0.0,14.581
2022-05-21,6.772e-06,2.433,0.062,0.088,0.107,0.0,13.765,6.76e-06,2.449,0.06,0.088,0.107,0.0,18.861,0.0592,2.77,0.014,0.349,0.0,0.0,19.665
2022-05-22,5.196e-05,1.858,5.244,0.09,0.109,0.0,14.126,5.179e-05,1.869,5.209,0.09,0.109,0.0,18.093,0.05699,2.667,0.183,0.336,0.0,0.0,18.085
2022-05-23,2.232e-06,2.299,0.419,0.089,0.109,0.0,13.534,2.226e-06,2.312,0.416,0.089,0.109,0.0,13.283,0.05482,4.08,0.0,0.329,0.0,0.0,12.645
2022-05-24,1.359e-06,3.233,0.041,0.088,0.108,0.0,13.131,1.356e-06,3.251,0.041,0.088,0.108,0.0,12.073,0.05278,3.737,0.0,0.324,0.0,0.0,11.663
2022-05-25,9.107e-07,3.417,0.005,0.086,0.106,0.0,13.121,9.091e-07,3.436,0.005,0.086,0.106,0.0,13.312,0.05083,3.558,0.0,0.322,0.0,0.0,13.11
2022-05-26,5.746e-06,2.019,0.013,0.085,0.104,0.0,13.539,5.745e-06,2.029,0.013,0.085,0.104,0.0,15.912,0.04899,2.041,0.013,0.323,0.0,0.0,16.784
2022-05-27,2.195e-05,2.174,0.153,0.089,0.105,0.0,13.925,2.195e-05,2.184,0.151,0.089,0.105,0.0,17.132,0.04725,2.413,0.149,0.327,0.0,0.0,17.474
2022-05-28,5.241e-05,2.319,5.674,0.091,0.108,0.0,13.848,5.21e-05,2.329,5.606,0.091,0.108,0.0,15.476,9.091,2.7,0.183,0.334,0.0,0.0,16.077
2022-05-29,1.51e-06,3.875,0.454,0.089,0.108,0.0,14.034,1.507e-06,3.893,0.449,0.089,0.108,0.0,16.092,0.0,4.442,0.0,0.339,0.0,0.0,15.67
2022-05-30,1.209e-06,2.207,0.045,0.087,0.107,0.0,14.382,1.207e-06,2.216,0.044,0.087,0.107,0.0,17.259,0.0,2.001,0.0,0.341,0.0,0.0,17.715
2022-05-31,9.397e-07,3.484,0.005,0.086,0.105,0.0,14.488,9.389e-07,3.485,0.005,0.086,0.105,0.0,16.759,0.0,3.902,0.0,0.344,0.0,0.0,16.386
2022-06-01,4.763e-06,2.557,0.008,0.085,0.103,0.0,14.179,4.763e-06,2.564,0.008,0.085,0.103,0.0,14.634,0.0,2.848,0.008,0.348,0.0,0.0,15.408
2022-06-02,1.379e-06,2.59,0.0,0.084,0.1,0.0,14.187,1.379e-06,2.597,0.0,0.084,0.1,0.0,14.968,0.0006887,2.792,0.0,0.354,0.0,0.0,15.97
2022-06-03,7.507e-06,3.094,0.025,0.084,0.098,0.0,14.391,7.507e-06,3.102,0.025,0.084,0.098,0.0,16.021,0.001362,3.043,0.025,0.361,0.0,0.0,17.312
2022-06-04,4.283e-07,6.172,0.0,0.083,0.096,0.0,14.539,4.28e-07,6.173,0.0,0.083,0.096,0.0,16.113,0.002,5.89,0.0,0.366,0.0,0.0,14.78
2022-06-05,4.031e-07,4.512,0.0,0.081,0.092,0.0,14.333,4.028e-07,4.513,0.0,0.081,0.092,0.0,14.56,0.002618,4.468,0.0,0.368,0.0,0.0,13.578
2022-06-06,3.785e-07,3.876,0.0,0.078,0.087,0.0,14.438,3.782e-07,3.876,0.0,0.078,0.087,0.0,15.236,0.003202,3.632,0.0,0.366,0.0,0.0,15.126
2022-06-07,7.628e-06,3.382,0.027,0.077,0.083,0.0,14.968,7.627e-06,3.389,0.027,0.077,0.082,0.0,17.67,0.003755,3.127,0.027,0.361,0.0,0.0,18.222
2022-06-08,4.179e-05,2.764,0.347,0.084,0.085,0.0,15.066,4.179e-05,2.77,0.347,0.084,0.085,0.0,16.981,0.004295,3.239,0.347,0.354,0.0,0.0,16.949
2022-06-09,9.048,3.619,8.14,0.095,0.097,0.0,14.675,9.53e-05,3.626,7.981,0.095,0.096,0.0,14.547,0.004775,4.835,0.506,0.345,0.0,0.0,14.112
2022-06-10,4.253e-06,4.138,0.606,0.089,0.1,0.0,14.578,4.247e-06,4.146,0.601,0.089,0.1,0.0,14.769,0.005139,5.025,0.0,0.334,0.0,0.0,14.627
2022-06-11,1.701e-06,5.196,0.06,0.088,0.101,0.0,14.718,1.697e-06,5.197,0.059,0.088,0.101,0.0,15.808,0.005513,4.677,0.0,0.322,0.0,0.0,14.735
2022-06-12,3.934e-06,2.724,0.009,0.086,0.1,0.0,15.031,3.933e-06,2.73,0.009,0.086,0.1,0.0,17.032,0.005849,2.931,0.003,0.31,0.0,0.0,16.888
2022-06-13,7.453e-07,4.783,0.001,0.085,0.099,0.0,15.138,7.444e-07,4.784,0.001,0.085,0.099,0.0,16.845,0.006148,4.91,0.0,0.302,0.0,0.0,15.422
2022-06-14,5.708e-07,5.602,0.0,0.083,0.096,0.0,15.25,5.702e-07,5.603,0.0,0.083,0.096,0.0,16.711,0.00643,4.984,0.0,0.3,0.0,0.0,14.784
2022-06-15,1.13e-06,2.6,0.0,0.08,0.091,0.0,15.438,1.129e-06,2.601,0.0,0.08,0.091,0.0,17.17,0.006704,2.919,0.0,0.303,0.0,0.0,16.701
2022-06-16,1.562e-05,3.179,0.092,0.081,0.089,0.0,15.853,1.562e-05,3.185,0.092,0.081,0.089,0.0,18.684,0.006988,3.092,0.092,0.309,0.0,0.0,18.127
2022-06-17,1.185e-05,4.047,0.059,0.082,0.088,0.0,15.834,1.185e-05,4.054,0.059,0.082,0.087,0.0,17.069,0.007252,5.426,0.059,0.315,0.0,0.0,15.94
2022-06-18,4.557e-06,2.822,0.008,0.081,0.086,0.0,14.989,4.557e-06,2.827,0.008,0.081,0.086,0.0,12.793,0.007507,4.024,0.008,0.32,0.0,0.0,13.074
2022-06-19,7.969e-07,2.806,0.0,0.08,0.084,0.0,14.673,7.967e-07,2.806,0.0,0.08,0.084,0.0,13.07,0.007752,3.608,0.0,0.32,0.0,0.0,14.033
2022-06-20,3.433e-07,3.53,0.0,0.079,0.081,0.0,14.612,3.431e-07,3.53,0.0,0.079,0.081,0.0,14.148,0.007983,3.703,0.0,0.318,0.0,0.0,14.39
2022-06-21,3.193e-06,2.577,0.003,0.077,0.078,0.0,14.662,3.193e-06,2.581,0.003,0.077,0.078,0.0,15.228,0.008197,3.061,0.003,0.313,0.0,0.0,15.419
2022-06-22,2.744e-05,3.147,0.205,0.081,0.079,0.0,14.865,2.744e-05,3.153,0.205,0.081,0.079,0.0,16.464,0.008411,3.666,0.205,0.307,0.0,0.0,16.124
2022-06-23,1.753e-05,3.067,0.11,0.083,0.082,0.0,14.794,1.753e-05,3.072,0.11,0.083,0.082,0.0,15.838,0.008569,3.413,0.11,0.301,0.0,0.0,15.492
2022-06-24,1.23e-06,2.884,0.0,0.082,0.083,0.0,15.167,1.23e-06,2.889,0.0,0.082,0.083,0.0,17.586,0.008699,3.158,0.0,0.294,0.0,0.0,17.049
2022-06-25,3.488e-07,6.211,0.0,0.081,0.083,0.0,15.714,3.486e-07,6.212,0.0,0.081,0.083,0.0,19.236,0.008822,5.526,0.0,0.286,0.0,0.0,16.474
2022-06-26,3.389e-07,7.412,0.0,0.079,0.081,0.0,16.509,3.386e-07,7.413,0.0,0.079,0.081,0.0,21.25,0.008922,5.297,0.0,0.276,0.0,0.0,17.94
2022-06-27,6.118e-05,2.681,0.558,0.087,0.086,0.0,16.586,6.118e-05,2.685,0.557,0.087,0.086,0.0,19.216,0.00906,3.343,0.542,0.267,0.0,0.0,17.544
2022-06-28,3.755e-07,4.497,0.0,0.086,0.089,0.0,16.479,3.752e-07,4.497,0.0,0.086,0.089,0.0,17.69,0.009057,5.798,0.0,0.258,0.0,0.0,15.739
2022-06-29,2.112e-05,3.958,0.179,0.087,0.093,0.0,16.511,2.111e-05,3.963,0.174,0.087,0.093,0.0,17.648,0.009116,5.398,0.143,0.25,0.0,0.0,16.051
2022-06-30,3.929e-06,3.37,0.006,0.086,0.095,0.0,16.389,3.928e-06,3.366,0.006,0.086,0.095,0.0,16.989,0.009121,4.1,0.005,0.242,0.0,0.0,16.069
2022-07-01,5.913e-06,3.564,0.015,0.086,0.095,0.0,16.844,5.912e-06,3.569,0.015,0.086,0.095,0.0,19.586,0.00913,3.448,0.015,0.236,0.0,0.0,18.693
2022-07-02,6.311e-05,3.215,4.795,0.093,0.102,0.0,17.029,6.284e-05,3.22,4.68,0.093,0.102,0.0,19.423,0.009166,3.436,0.36,0.232,0.0,0.0,18.414
2022-07-03,2.642e-06,6.126,0.306,0.09,0.105,0.0,16.955,2.631e-06,6.126,0.301,0.09,0.104,0.0,18.14,0.009117,6.549,0.0,0.231,0.0,0.0,15.549
2022-07-04,1.554e-06,4.52,0.03,0.087,0.104,0.0,16.886,1.548e-06,4.52,0.03,0.087,0.104,0.0,17.611,0.009112,4.318,0.0,0.233,0.0,0.0,15.751
2022-07-05,1.334e-05,2.985,0.07,0.087,0.103,0.0,16.748,1.334e-05,2.989,0.07,0.087,0.103,0.0,17.223,0.009128,3.435,0.067,0.239,0.0,0.0,16.42
2022-07-06,4.02e-06,3.723,0.004,0.086,0.101,0.0,16.664,9.038,3.728,0.004,0.086,0.101,0.0,17.169,0.009144,4.753,0.004,0.255,0.0,0.0,16.247
2022-07-07,5.64e-07,5.364,0.0,0.085,0.099,0.0,16.644,5.631e-07,5.361,0.0,0.085,0.099,0.0,17.193,0.009194,5.112,0.0,0.276,0.0,0.0,15.133
2022-07-08,4.776e-07,5.462,0.0,0.082,0.096,0.0,16.759,4.771e-07,5.462,0.0,0.082,0.096,0.0,17.91,0.009272,4.711,0.0,0.294,0.0,0.0,15.441
2022-07-09,4.209e-07,5.654,0.0,0.08,0.091,0.0,16.457,4.206e-07,5.654,0.0,0.08,0.091,0.0,16.265,0.009367,5.162,0.0,0.308,0.0,0.0,13.496
2022-07-10,3.774e-07,4.886,0.0,0.077,0.085,0.0,16.471,3.772e-07,4.891,0.0,0.077,0.085,0.0,16.762,0.009469,4.506,0.0,0.314,0.0,0.0,14.437
2022-07-11,3.407e-07,6.249,0.0,0.074,0.079,0.0,16.811,3.406e-07,6.256,0.0,0.074,0.079,0.0,18.626,0.0,4.917,0.0,0.313,0.0,0.0,15.328
2022-07-12,3.956e-05,4.352,0.324,0.079,0.078,0.0,17.222,3.956e-05,4.361,0.324,0.079,0.078,0.0,19.947,0.0005937,4.273,0.324,0.309,0.0,0.0,17.471
2022-07-13,3.19e-07,4.153,0.0,0.077,0.076,0.0,17.348,3.189e-07,4.157,0.0,0.077,0.076,0.0,19.452,0.001072,5.003,0.0,0.301,0.0,0.0,16.716
2022-07-14,1.883e-05,3.878,0.122,0.078,0.075,0.0,17.203,1.883e-05,3.885,0.122,0.078,0.075,0.0,18.014,0.001568,4.886,0.122,0.292,0.0,0.0,15.894
2022-07-15,3.081e-07,5.129,0.0,0.077,0.073,0.0,17.222,3.08e-07,5.134,0.0,0.077,0.073,0.0,18.041,0.001988,5.326,0.0,0.282,0.0,0.0,15.452
2022-07-16,8.23e-06,3.793,0.031,0.076,0.071,0.0,17.494,8.23e-06,3.8,0.031,0.076,0.071,0.0,19.374,0.002394,4.348,0.031,0.271,0.0,0.0,17.725
2022-07-17,2.849e-07,7.345,0.0,0.074,0.068,0.0,17.852,2.848e-07,7.353,0.0,0.074,0.068,0.0,20.437,0.002749,6.274,0.0,0.261,0.0,0.0,16.832
2022-07-18,3.422e-05,3.497,0.272,0.077,0.069,0.0,18.055,3.422e-05,3.503,0.272,0.077,0.069,0.0,20.451,0.003112,3.294,0.272,0.251,0.0,0.0,18.552
2022-07-19,7.559e-06,4.673,0.027,0.077,0.069,0.0,18.363,7.559e-06,4.682,0.027,0.077,0.069,0.0,21.185,0.003384,5.082,0.027,0.243,0.0,0.0,18.591
2022-07-20,2.817e-07,6.017,0.0,0.076,0.068,0.0,18.771,2.815e-07,6.023,0.0,0.076,0.068,0.0,21.956,0.003647,5.479,0.0,0.235,0.0,0.0,18.431
2022-07-21,1.725e-05,3.663,0.108,0.076,0.067,0.0,19.293,1.725e-05,3.669,0.108,0.076,0.067,0.0,23.159,0.003906,3.416,0.108,0.227,0.0,0.0,20.755
2022-07-22,2.7e-07,5.951,0.0,0.074,0.065,0.0,19.464,2.698e-07,5.957,0.0,0.074,0.065,0.0,22.207,0.004108,6.161,0.0,0.22,0.0,0.0,18.478
2022-07-23,2.556e-07,6.171,0.0,0.072,0.062,0.0,19.751,2.554e-07,6.176,0.0,0.072,0.061,0.0,22.431,0.004304,5.039,0.0,0.213,0.0,0.0,18.808
2022-07-24,4.861e-06,3.967,0.01,0.069,0.056,0.0,20.037,4.861e-06,3.974,0.01,0.069,0.056,0.0,22.757,0.004482,3.724,0.01,0.206,0.0,0.0,20.661
2022-07-25,2.998e-05,3.29,0.231,0.073,0.056,0.0,19.944,2.998e-05,3.287,0.231,0.073,0.056,0.0,21.244,0.004662,3.645,0.231,0.2,0.0,0.0,19.418
2022-07-26,2.292e-07,7.008,0.0,0.072,0.055,0.0,19.65,2.289e-07,7.014,0.0,0.072,0.055,0.0,19.703,0.00477,7.427,0.0,0.195,0.0,0.0,16.053
2022-07-27,2.156e-07,4.681,0.0,0.069,0.052,0.0,19.473,2.154e-07,4.686,0.0,0.069,0.052,0.0,19.409,0.00489,4.431,0.0,0.189,0.0,0.0,16.636
2022-07-28,2.225e-05,5.793,0.156,0.07,0.051,0.0,19.615,2.225e-05,5.803,0.156,0.07,0.051,0.0,20.691,0.005013,7.849,0.156,0.182,0.0,0.0,17.71
2022-07-29,1.98e-07,5.232,0.0,0.069,0.048,0.0,19.478,1.977e-07,5.237,0.0,0.069,0.048,0.0,20.023,0.005077,5.569,0.0,0.177,0.0,0.0,16.888
2022-07-30,1.838e-07,5.659,0.0,0.067,0.045,0.0,19.083,1.836e-07,5.664,0.0,0.067,0.045,0.0,18.58,0.005149,5.198,0.0,0.171,0.0,0.0,15.129
2022-07-31,1.729e-07,3.889,0.0,0.066,0.042,0.0,19.062,1.727e-07,3.892,0.0,0.066,0.042,0.0,19.388,0.005207,3.786,0.0,0.166,0.0,0.0,16.919
2022-08-01,6.775e-06,3.024,0.022,0.066,0.04,0.0,19.19,6.775e-06,3.028,0.022,0.066,0.04,0.0,20.574,0.0,3.176,0.022,0.16,0.0,0.0,18.716
2022-08-02,2.361e-06,4.355,0.001,0.066,0.038,0.0,19.0,2.361e-06,4.361,0.001,0.066,0.038,0.0,19.511,0.0,5.576,0.001,0.155,0.0,0.0,16.712
2022-08-03,8.136e-07,2.539,0.0,0.066,0.037,0.0,18.703,8.136e-07,2.541,0.0,0.066,0.037,0.0,18.502,0.0,3.037,0.0,0.15,0.0,0.0,16.844
2022-08-04,9.183e-06,3.496,0.04,0.066,0.036,0.0,18.912,9.183e-06,3.501,0.04,0.066,0.036,0.0,20.543,0.0,3.797,0.04,0.146,0.0,0.0,18.661
2022-08-05,1.451e-07,4.068,0.0,0.066,0.035,0.0,18.927,1.451e-07,4.072,0.0,0.066,0.035,0.0,20.356,0.0002638,4.261,0.0,0.141,0.0,0.0,17.537
2022-08-06,1.426e-07,7.127,0.0,0.065,0.034,0.0,19.234,1.426e-07,7.133,0.0,0.065,0.034,0.0,21.516,0.0005063,5.123,0.0,0.136,0.0,0.0,17.322
2022-08-07,6.53e-06,4.47,0.021,0.065,0.033,0.0,19.692,6.529e-06,4.476,0.021,0.064,0.033,0.0,22.592,0.0007345,4.977,0.021,0.132,0.0,0.0,19.581
2022-08-08,5.06e-05,2.813,0.437,0.064,0.032,0.0,19.289,5.06e-05,2.817,0.437,0.064,0.032,0.0,19.824,0.0,3.244,0.437,0.127,0.0,0.0,17.376
2022-08-09,4.731e-05,2.631,0.404,0.071,0.037,0.0,18.634,4.731e-05,2.634,0.404,0.071,0.037,0.0,17.219,0.0002781,3.536,0.404,0.123,0.0,0.0,15.347
2022-08-10,1.633e-07,4.142,0.0,0.07,0.04,0.0,18.444,1.631e-07,4.145,0.0,0.07,0.04,0.0,18.22,0.0004424,5.039,0.0,0.119,0.0,0.0,15.761
2022-08-11,7.217e-06,2.767,0.025,0.069,0.041,0.0,18.264,7.217e-06,2.77,0.025,0.069,0.04,0.0,18.364,0.0006425,3.766,0.025,0.114,0.0,0.0,16.461
2022-08-12,1.646e-07,4.494,0.0,0.069,0.041,0.0,17.641,1.643e-07,4.498,0.0,0.068,0.04,0.0,16.096,0.0008118,4.99,0.0,0.111,0.0,0.0,13.256
2022-08-13,1.593e-07,4.761,0.0,0.067,0.039,0.0,17.327,1.591e-07,4.764,0.0,0.067,0.039,0.0,16.43,0.0009725,4.152,0.0,0.107,0.0,0.0,13.476
2022-08-14,1.553e-07,5.223,0.0,0.067,0.038,0.0,17.188,1.551e-07,5.227,0.0,0.067,0.038,0.0,17.106,0.001118,4.335,0.0,0.103,0.0,0.0,13.88
2022-08-15,1.519e-07,4.127,0.0,0.066,0.037,0.0,17.206,1.518e-07,4.131,0.0,0.066,0.037,0.0,17.97,0.00125,3.732,0.0,0.099,0.0,0.0,15.075
2022-08-16,1.489e-07,5.264,0.0,0.066,0.036,0.0,17.325,1.488e-07,5.268,0.0,0.066,0.036,0.0,18.73,0.0,4.357,0.0,0.097,0.0,0.0,15.449
2022-08-17,3.451e-06,2.644,0.004,0.066,0.035,0.0,17.353,3.451e-06,2.647,0.004,0.066,0.035,0.0,18.703,0.0,2.943,0.004,0.095,0.0,0.0,16.755
2022-08-18,1.998e-05,2.712,0.135,0.066,0.035,0.0,17.121,1.998e-05,2.715,0.135,0.066,0.034,0.0,17.641,0.0,2.91,0.135,0.094,0.0,0.0,15.872
2022-08-19,3.447e-06,3.189,0.004,0.065,0.034,0.0,17.356,3.447e-06,3.192,0.004,0.065,0.034,0.0,19.192,0.0,3.891,0.004,0.093,0.0,0.0,17.226
2022-08-20,1.397e-07,4.916,0.0,0.065,0.033,0.0,17.72,1.397e-07,4.92,0.0,0.065,0.033,0.0,20.422,0.0,4.612,0.0,0.091,0.0,0.0,17.342
2022-08-21,4.766e-06,4.092,0.01,0.065,0.033,0.0,18.199,4.766e-06,4.097,0.01,0.065,0.033,0.0,21.551,0.0,4.642,0.01,0.09,0.0,0.0,18.964
2022-08-22,1.115e-05,3.472,0.056,0.065,0.032,0.0,18.423,1.115e-05,3.476,0.056,0.065,0.032,0.0,21.136,0.0,3.893,0.056,0.089,0.0,0.0,18.86
2022-08-23,2.658e-05,3.182,0.198,0.065,0.032,0.0,18.437,2.658e-05,3.185,0.198,0.065,0.032,0.0,20.287,0.0,3.832,0.198,0.087,0.0,0.0,18.165
2022-08-24,7.944e-07,4.031,0.0,0.065,0.032,0.0,18.562,7.943e-07,4.034,0.0,0.065,0.032,0.0,20.541,0.0,5.271,0.0,0.086,0.0,0.0,17.876
2022-08-25,1.321e-07,6.125,0.0,0.065,0.032,0.0,18.304,1.321e-07,6.129,0.0,0.065,0.031,0.0,18.878,0.0,4.94,0.0,0.084,0.0,0.0,15.173
2022-08-26,3.269e-05,2.608,0.235,0.065,0.031,0.0,18.045,3.265e-05,2.611,0.235,0.065,0.031,0.0,18.236,0.0,3.168,0.235,0.082,0.0,0.0,16.412
2022-08-27,1.335e-06,3.534,0.0,0.065,0.031,0.0,17.662,1.311e-06,3.537,0.0,0.065,0.031,0.0,17.133,0.0,4.462,0.0,0.079,0.0,0.0,15.101
2022-08-28,7.409e-07,4.263,0.0,0.065,0.031,0.0,17.571,7.289e-07,4.266,0.0,0.065,0.031,0.0,17.792,0.0,3.844,0.0,0.077,0.0,0.0,15.745
2022-08-29,4.389e-07,6.934,0.0,0.064,0.031,0.0,17.984,4.328e-07,6.939,0.0,0.064,0.031,0.0,20.253,0.0,4.489,0.0,0.075,0.0,0.0,17.398
2022-08-30,2.187e-05,3.46,0.137,0.064,0.03,0.0,18.332,2.186e-05,3.464,0.137,0.064,0.03,0.0,20.876,0.0,3.147,0.137,0.074,0.0,0.0,19.769
2022-08-31,3.955e-05,3.734,0.261,0.064,0.03,0.0,18.007,3.955e-05,3.739,0.261,0.064,0.03,0.0,18.493,0.0,4.853,0.261,0.073,0.0,0.0,16.329
2022-09-01,6.139e-06,1.986,0.002,0.064,0.03,0.0,17.109,6.136e-06,1.988,0.002,0.064,0.03,0.0,15.006,0.0,2.929,0.002,0.072,0.0,0.0,13.46
2022-09-02,1.834e-06,3.374,0.0,0.064,0.03,0.0,16.58,1.832e-06,3.379,0.0,0.064,0.029,0.0,15.274,0.0,3.093,0.0,0.07,0.0,0.0,13.123
2022-09-03,9.896e-07,3.262,0.0,0.064,0.029,0.0,16.662,9.885e-07,3.267,0.0,0.064,0.029,0.0,17.83,0.0,2.601,0.0,0.068,0.0,0.0,15.746
2022-09-04,5.705e-06,1.994,0.013,0.064,0.029,0.0,16.257,5.704e-06,1.997,0.013,0.064,0.029,0.0,16.384,0.0,3.066,0.013,0.067,0.0,0.0,14.003
2022-09-05,1.923e-06,1.045,0.0,0.064,0.028,0.0,15.74,1.922e-06,1.047,0.0,0.063,0.028,0.0,14.964,0.0,1.514,0.0,0.065,0.0,0.0,13.526
2022-09-06,6.902e-07,1.061,0.0,0.063,0.028,0.0,15.625,6.897e-07,1.063,0.0,0.063,0.028,0.0,16.069,0.0,1.375,0.0,0.064,0.0,0.0,15.255
2022-09-07,1.823e-07,1.727,0.0,0.063,0.028,0.0,15.624,1.819e-07,1.731,0.0,0.063,0.028,0.0,17.001,0.0,2.503,0.0,0.063,0.0,0.0,15.166
2022-09-08,1.471e-07,2.647,0.0,0.063,0.027,0.0,15.687,1.467e-07,2.653,0.0,0.063,0.027,0.0,17.675,0.0,3.116,0.0,0.063,0.0,0.0,14.813
2022-09-09,1.282e-07,1.642,0.0,0.062,0.027,0.0,15.808,1.278e-07,1.646,0.0,0.062,0.027,0.0,18.199,0.0,2.227,0.0,0.062,0.0,0.0,16.086
2022-09-10,1.174e-07,2.056,0.0,0.062,0.026,0.0,16.069,1.17e-07,2.062,0.0,0.062,0.026,0.0,19.083,0.0,2.661,0.0,0.062,0.0,0.0,16.513
2022-09-11,3.314e-07,0.885,0.0,0.062,0.026,0.0,16.338,3.31e-07,0.887,0.0,0.062,0.025,0.0,19.58,0.0,1.339,0.0,0.062,0.0,0.0,18.196
2022-09-12,4.955e-06,0.97,0.011,0.062,0.025,0.0,16.568,4.955e-06,0.972,0.011,0.061,0.025,0.0,19.712,0.0,1.657,0.011,0.062,0.0,0.0,18.465
2022-09-13,2.778e-05,1.395,0.188,0.061,0.024,0.0,16.618,2.777e-05,1.394,0.188,0.061,0.024,0.0,19.102,0.0,2.899,0.188,0.062,0.0,0.0,17.28
2022-09-14,3.945e-05,0.906,0.257,0.064,0.026,0.0,16.232,3.944e-05,0.908,0.257,0.064,0.026,0.0,16.978,0.0,1.874,0.257,0.061,0.0,0.0,15.718
2022-09-15,3.638e-06,2.346,0.0,0.064,0.027,0.0,15.416,3.636e-06,2.351,0.0,0.064,0.027,0.0,13.769,0.0,4.313,0.0,0.061,0.0,0.0,10.531
2022-09-16,1.904e-06,1.441,0.0,0.064,0.027,0.0,14.721,1.902e-06,1.445,0.0,0.064,0.027,0.0,12.743,0.0,2.416,0.0,0.059,0.0,0.0,10.656
2022-09-17,1.024e-06,1.364,0.0,0.064,0.027,0.0,14.13,1.023e-06,1.367,0.0,0.063,0.027,0.0,12.554,0.0,2.425,0.0,0.056,0.0,0.0,10.526
2022-09-18,3.837e-05,0.887,0.263,0.068,0.031,0.0,13.964,3.836e-05,0.889,0.263,0.068,0.031,0.0,13.889,0.0,1.442,0.263,0.055,0.0,0.0,13.288
2022-09-19,9.243e-05,0.805,0.736,0.083,0.047,0.0,13.731,9.242e-05,0.806,0.736,0.083,0.047,0.0,13.882,0.0,1.91,0.692,0.054,0.0,0.0,13.014
2022-09-20,4.043e-05,1.334,0.203,0.089,0.063,0.0,13.38,4.042e-05,1.336,0.203,0.088,0.063,0.0,13.06,0.0,3.18,0.203,0.054,0.0,0.0,11.274
2022-09-21,2.349e-05,1.413,0.876,0.09,0.076,0.0,13.309,2.333e-05,1.416,0.834,0.09,0.076,0.0,14.043,0.0,3.082,0.061,0.053,0.0,0.0,12.756
2022-09-22,9.21,0.84,36.115,0.093,0.088,0.0,13.051,9.047,0.841,35.863,0.093,0.087,0.0,13.559,0.0,1.62,0.87,0.061,0.0,0.0,13.105
2022-09-23,1.135e-05,1.189,2.498,0.09,0.094,0.0,12.302,1.135e-05,1.191,2.494,0.09,0.094,0.0,10.574,0.003281,2.963,0.0,2.407,0.0,0.0,9.299
2022-09-24,5.974e-06,1.917,0.245,0.09,0.098,0.0,11.865,5.973e-06,1.921,0.245,0.09,0.098,0.0,10.681,0.005766,2.72,0.0,2.054,0.0,0.0,9.385
2022-09-25,8.406e-06,0.629,0.085,0.09,0.102,0.0,11.618,8.405e-06,0.63,0.085,0.09,0.102,0.0,11.25,0.007047,1.32,0.011,1.241,0.0,0.0,11.065
2022-09-26,2.152e-05,0.967,1.78,0.091,0.105,0.0,11.761,2.15e-05,0.969,1.775,0.091,0.105,0.0,13.235,0.007812,2.053,0.052,0.875,0.0,0.0,12.959
2022-09-27,2.02e-06,1.37,0.139,0.09,0.107,0.0,11.689,2.02e-06,1.372,0.138,0.09,0.107,0.0,12.952,0.008295,2.746,0.0,0.69,0.0,0.0,11.118
2022-09-28,1.251e-06,1.644,0.014,0.089,0.108,0.0,11.595,1.251e-06,1.647,0.014,0.089,0.108,0.0,12.697,0.008639,2.391,0.0,0.589,0.0,0.0,10.978
2022-09-29,8.597e-07,0.771,0.002,0.089,0.108,0.0,10.995,8.594e-07,0.772,0.002,0.089,0.108,0.0,10.114,0.008877,1.798,0.0,0.514,0.0,0.0,9.448
2022-09-30,6.594e-07,1.401,0.0,0.088,0.107,0.0,10.626,6.593e-07,1.404,0.0,0.088,0.107,0.0,9.973,0.009025,2.348,0.0,0.449,0.0,0.0,9.052
2022-10-01,5.555e-07,1.094,0.0,0.088,0.106,0.0,10.292,5.554e-07,1.096,0.0,0.088,0.106,0.0,10.532,0.009109,1.255,0.0,0.397,0.0,0.0,9.04
2022-10-02,5.002e-07,1.549,0.0,0.087,0.105,0.0,9.612,5.002e-07,1.552,0.0,0.087,0.105,0.0,8.685,0.00916,1.808,0.0,0.364,0.0,0.0,6.248
2022-10-03,4.691e-07,1.282,0.0,0.086,0.104,0.0,9.034,4.69e-07,1.284,0.0,0.086,0.104,0.0,8.334,0.009211,1.423,0.0,0.348,0.0,0.0,6.402
2022-10-04,4.505e-07,0.704,0.0,0.086,0.102,0.0,8.64,4.504e-07,0.705,0.0,0.086,0.102,0.0,8.968,0.009287,0.789,0.0,0.348,0.0,0.0,7.737
2022-10-05,4.385e-07,0.753,0.0,0.085,0.101,0.0,8.535,4.384e-07,0.754,0.0,0.085,0.101,0.0,10.42,0.009402,0.756,0.0,0.358,0.0,0.0,9.163
2022-10-06,4.294e-07,1.753,0.0,0.085,0.1,0.0,8.857,4.293e-07,1.756,0.0,0.085,0.1,0.0,12.722,0.009558,1.365,0.0,0.371,0.0,0.0,10.556
2022-10-07,7.253e-05,0.812,5.456,0.093,0.105,0.0,8.691,7.248e-05,0.813,5.447,0.093,0.105,0.0,11.308,0.009791,1.856,0.375,0.383,0.0,0.0,9.161
2022-10-08,2.984e-06,1.283,0.422,0.09,0.107,0.0,8.112,2.982e-06,1.285,0.421,0.09,0.107,0.0,7.981,0.009956,2.272,0.0,0.392,0.0,0.0,5.635
2022-10-09,2.404e-06,0.448,0.042,0.089,0.108,0.0,7.577,2.403e-06,0.449,0.042,0.089,0.108,0.0,6.852,0.01018,0.717,0.0,0.396,0.0,0.0,6.029
2022-10-10,1.113e-06,0.787,0.005,0.089,0.108,0.0,7.095,1.112e-06,0.788,0.005,0.089,0.108,0.0,6.408,0.0104,1.096,0.0,0.4,0.0,0.0,5.369
2022-10-11,7.91e-07,1.504,0.001,0.088,0.108,0.0,6.823,7.907e-07,1.507,0.001,0.088,0.108,0.0,7.449,0.01064,1.425,0.0,0.411,0.0,0.0,5.896
2022-10-12,6.256e-07,1.129,0.0,0.088,0.107,0.0,7.245,6.254e-07,1.131,0.0,0.088,0.107,0.0,10.906,0.0109,0.818,0.0,0.429,0.0,0.0,9.104
2022-10-13,1.021e-05,0.4,0.16,0.089,0.108,0.0,7.774,1.021e-05,0.4,0.159,0.089,0.108,0.0,12.588,0.0112,0.34,0.038,0.452,0.0,0.0,11.29
2022-10-14,9.119,0.501,29.052,0.093,0.111,0.0,7.764,0.0002091,0.501,29.028,0.093,0.111,0.0,10.841,0.0116,1.216,0.737,0.475,0.0,0.0,9.308
2022-10-15,8.106e-06,1.087,2.066,0.09,0.112,0.0,7.803,8.105e-06,1.089,2.065,0.09,0.112,0.0,10.91,0.01188,1.789,0.0,0.496,0.0,0.0,9.249
2022-10-16,4.343e-06,0.717,0.203,0.09,0.112,0.0,7.667,4.343e-06,0.718,0.203,0.09,0.112,0.0,9.854,0.01245,1.153,0.0,0.634,0.0,0.0,8.197
2022-10-17,7.169e-06,0.349,0.125,0.09,0.112,0.0,7.73,7.168e-06,0.35,0.125,0.09,0.112,0.0,10.376,0.0145,0.461,0.008,1.471,0.0,0.0,9.674
2022-10-18,6.582e-06,0.34,0.284,0.091,0.113,0.0,7.542,6.576e-06,0.34,0.283,0.091,0.113,0.0,8.88,0.01852,0.967,0.005,2.53,0.0,0.0,7.983
2022-10-19,1.288e-06,1.363,0.023,0.09,0.113,0.0,7.159,1.288e-06,1.365,0.023,0.09,0.113,0.0,7.489,0.02311,1.803,0.0,2.882,0.0,0.0,5.786
2022-10-20,8.859e-07,0.556,0.002,0.09,0.112,0.0,6.931,8.857e-07,0.556,0.002,0.09,0.112,0.0,7.06,0.02728,0.887,0.0,2.762,0.0,0.0,5.634
2022-10-21,6.8e-07,0.828,0.0,0.089,0.112,0.0,6.815,6.799e-07,0.829,0.0,0.089,0.112,0.0,7.841,0.03074,0.977,0.0,2.492,0.0,0.0,6.542
2022-10-22,5.731e-07,1.365,0.0,0.089,0.111,0.0,7.281,5.73e-07,1.367,0.0,0.089,0.111,0.0,11.209,0.03348,1.039,0.0,2.203,0.0,0.0,9.46
2022-10-23,5.157e-07,2.367,0.0,0.088,0.109,0.0,7.766,5.157e-07,2.37,0.0,0.088,0.109,0.0,12.752,0.03559,1.806,0.0,1.939,0.0,0.0,9.642
2022-10-24,4.903e-06,0.38,0.009,0.088,0.108,0.0,8.199,4.902e-06,0.38,0.009,0.088,0.108,0.0,13.204,0.03715,0.367,0.009,1.71,0.0,0.0,11.503
2022-10-25,4.729e-07,2.07,0.0,0.087,0.107,0.0,8.97,4.729e-07,2.072,0.0,0.087,0.107,0.0,15.478,0.03826,1.771,0.0,1.517,0.0,0.0,12.295
2022-10-26,4.583e-07,1.297,0.0,0.087,0.106,0.0,9.678,4.583e-07,1.299,0.0,0.087,0.106,0.0,16.503,0.03901,0.984,0.0,1.36,0.0,0.0,13.271
2022-10-27,4.476e-07,1.542,0.0,0.086,0.104,0.0,9.067,4.475e-07,1.544,0.0,0.086,0.104,0.0,11.2,0.03948,2.205,0.0,1.23,0.0,0.0,7.414
2022-10-28,4.39e-07,0.639,0.0,0.085,0.102,0.0,8.186,4.389e-07,0.64,0.0,0.085,0.102,0.0,7.231,0.03971,1.156,0.0,1.121,0.0,0.0,5.145
2022-10-29,4.32e-07,0.756,0.0,0.085,0.101,0.0,7.782,4.319e-07,0.757,0.0,0.085,0.101,0.0,7.919,0.03975,0.957,0.0,1.028,0.0,0.0,6.585
2022-10-30,4.259e-07,0.6,0.0,0.085,0.099,0.0,7.763,4.258e-07,0.601,0.0,0.085,0.099,0.0,9.63,0.03963,0.656,0.0,0.947,0.0,0.0,8.558
2022-10-31,1.082e-06,0.78,0.0,0.084,0.098,0.0,7.871,9.038,0.781,0.0,0.084,0.098,0.0,10.469,9.082,0.932,0.0,0.875,0.0,0.0,8.85
2022-11-01,1.077e-06,0.18,0.0,0.084,0.097,0.0,7.958,1.077e-06,0.181,0.0,0.084,0.097,0.0,10.619,0.03902,-0.024,0.0,0.811,0.0,0.0,8.965
2022-11-02,4.115e-07,0.691,0.0,0.084,0.096,0.0,7.637,4.114e-07,0.692,0.0,0.084,0.096,0.0,9.282,0.03857,0.804,0.0,0.754,0.0,0.0,7.006
2022-11-03,4.064e-07,2.047,0.0,0.083,0.094,0.0,7.418,4.064e-07,2.049,0.0,0.083,0.094,0.0,9.866,0.03804,1.438,0.0,0.703,0.0,0.0,6.453
2022-11-04,4.005e-07,0.906,0.0,0.082,0.093,0.0,7.744,4.004e-07,0.907,0.0,0.082,0.093,0.0,12.055,0.03745,0.413,0.0,0.658,0.0,0.0,9.046
2022-11-05,3.943e-07,1.323,0.0,0.082,0.091,0.0,8.53,3.943e-07,1.325,0.0,0.082,0.091,0.0,14.936,0.03682,0.602,0.0,0.617,0.0,0.0,10.458
2022-11-06,8.325e-06,0.475,0.031,0.082,0.09,0.0,9.189,8.325e-06,0.475,0.031,0.082,0.09,0.0,15.584,0.03615,0.455,0.031,0.581,0.0,0.0,11.862
2022-11-07,1.409e-05,0.169,0.077,0.085,0.092,0.0,8.895,1.408e-05,0.169,0.077,0.085,0.092,0.0,12.106,0.03545,0.212,0.076,0.549,0.0,0.0,9.362
2022-11-08,5.287e-07,0.743,0.0,0.085,0.093,0.0,7.828,5.278e-07,0.743,0.0,0.085,0.093,0.0,6.404,0.03471,1.621,0.0,0.519,0.0,0.0,3.696
2022-11-09,4.705e-07,1.203,0.0,0.084,0.094,0.0,6.852,4.701e-07,1.204,0.0,0.084,0.094,0.0,4.909,0.03396,1.138,0.0,0.492,0.0,0.0,2.473
2022-11-10,4.399e-07,1.045,0.0,0.084,0.094,0.0,7.089,4.396e-07,1.047,0.0,0.084,0.094,0.0,9.118,0.03321,0.467,0.0,0.469,0.0,0.0,5.763
2022-11-11,1.654e-05,0.194,0.088,0.086,0.096,0.0,7.626,1.654e-05,0.194,0.088,0.086,0.096,0.0,12.16,0.03247,-0.146,0.088,0.45,0.0,0.0,8.81
2022-11-12,0.0002711,0.684,35.509,0.095,0.104,0.0,7.686,0.0002711,0.685,35.481,0.095,0.104,0.0,11.836,0.03182,1.448,1.014,0.435,0.0,0.0,8.945
2022-11-13,9.084,0.093,2.606,0.091,0.107,0.0,6.825,1.146e-05,0.093,2.605,0.091,0.107,0.0,6.398,0.03098,0.497,0.0,0.427,0.0,0.0,4.497
2022-11-14,5.819e-06,0.668,0.256,0.09,0.108,0.0,5.822,5.814e-06,0.669,0.256,0.089,0.107,0.0,2.674,0.03148,1.504,0.0,1.096,0.0,0.0,1.772
2022-11-15,3.184e-06,0.589,0.028,0.09,0.109,0.0,4.848,3.177e-06,0.589,0.028,0.089,0.108,0.0,0.975,0.03716,0.908,0.0,3.788,0.0,0.0,1.049
2022-11-16,1.419e-05,0.102,0.003,0.09,0.11,2.736,4.217,1.418e-05,0.102,0.003,0.09,0.109,2.736,1.98,0.04354,0.552,0.0,4.231,0.0,2.34,0.794
2022-11-17,1.164e-06,1.055,0.0,0.089,0.11,5.472,3.194,1.16e-06,1.055,0.0,0.089,0.109,5.472,1.366,0.0481,0.929,0.0,3.455,0.0,4.693,0.437
2022-11-18,6.106e-06,0.0,0.0,0.088,0.109,6.608,2.078,6.102e-06,0.0,0.0,0.089,0.109,6.608,1.026,0.05127,0.072,0.0,2.836,0.0,5.732,0.371
2022-11-19,6.811e-06,0.0,0.0,0.085,0.107,9.144,1.483,6.808e-06,0.0,0.0,0.089,0.109,9.144,1.659,0.05344,0.017,0.003,2.4,0.0,8.17,0.359
2022-11-20,5.499e-07,0.3,0.0,0.082,0.104,10.544,0.508,5.477e-07,0.3,0.0,0.089,0.108,10.544,1.052,0.05485,0.68,0.0,2.065,0.0,9.675,0.289
2022-11-21,7.234e-07,0.0,0.0,0.082,0.102,10.552,-0.491,7.217e-07,0.0,0.0,0.089,0.108,10.552,0.936,0.05569,-0.035,0.188,1.802,0.0,9.825,0.281
2022-11-22,3.965e-07,0.461,0.0,0.064,0.083,10.56,-0.856,4.769e-07,0.461,0.0,0.089,0.108,10.56,1.316,0.05608,0.175,0.015,1.597,0.0,9.897,0.244
2022-11-23,7.643e-07,0.0,0.0,0.064,0.07,10.597,-0.997,9.043e-07,0.0,0.0,0.089,0.108,10.597,1.624,0.05612,-0.05,0.001,1.43,0.0,10.076,0.242
2022-11-24,6.424e-06,0.0,0.0,0.057,0.055,12.033,-1.285,6.626e-06,0.0,0.0,0.088,0.107,12.033,1.884,0.05589,0.011,0.492,1.288,0.0,11.143,0.249
2022-11-25,5.327e-05,0.004,11.446,0.064,0.049,7.189,-0.998,9.076,0.004,9.154,0.092,0.11,7.189,2.562,0.05544,0.273,2.288,1.169,0.0,12.083,0.297
2022-11-26,3.328e-06,0.414,0.819,0.064,0.044,0.473,-0.681,5.67e-06,0.416,1.196,0.091,0.112,0.473,3.243,0.05479,0.61,1.187,1.068,0.0,11.577,0.324
2022-11-27,2.419e-05,0.073,3.004,0.083,0.058,0.0,-0.099,2.945e-05,0.073,4.19,0.092,0.113,0.0,5.002,0.05409,-0.262,9.593,0.992,0.0,8.109,0.486
2022-11-28,2.357e-05,0.262,3.368,0.084,0.069,0.0,-0.052,2.371e-05,0.263,3.435,0.092,0.114,0.0,2.794,0.05319,0.48,1.786,0.917,0.0,6.275,0.542
2022-11-29,4.094e-06,0.0,0.234,0.065,0.059,0.437,-0.184,4.306e-06,0.0,0.241,0.089,0.113,0.437,1.078,0.05224,0.051,0.14,0.859,0.0,7.916,0.534
2022-11-30,9.776e-05,0.043,15.178,0.085,0.07,0.437,-0.085,9.747e-05,0.043,15.059,0.092,0.115,0.437,2.852,9.184,-0.074,11.836,0.854,0.0,9.938,0.566
2022-12-01,4.612e-06,0.011,1.004,0.065,0.06,0.081,-0.328,4.809e-06,0.011,0.997,0.089,0.113,0.081,0.5,0.0504,-0.021,1.108,0.804,0.0,11.431,0.562
2022-12-02,4.963e-06,0.005,0.511,0.064,0.053,0.081,-0.622,4.703e-06,0.005,0.397,0.07,0.095,0.081,0.001,0.04943,-0.021,0.43,0.768,0.0,11.575,0.549
2022-12-03,9.068,0.232,9.867,0.065,0.047,0.0,-0.275,6.533e-05,0.232,9.755,0.092,0.101,0.0,2.937,0.04854,0.223,6.571,0.769,0.0,12.546,0.573
2022-12-04,3.026e-06,0.983,0.659,0.065,0.043,0.0,-0.517,3.25e-06,0.989,0.651,0.089,0.103,0.0,0.346,0.0475,1.137,0.476,0.718,0.0,13.232,0.55
2022-12-05,1.618e-06,0.673,0.065,0.065,0.04,0.0,-0.349,1.871e-06,0.677,0.064,0.09,0.106,0.0,1.801,0.04655,0.129,1.754,0.715,0.0,12.116,0.565
2022-12-06,2.562e-05,0.035,3.032,0.085,0.056,0.0,0.165,2.491e-05,0.035,2.677,0.091,0.108,0.0,4.215,0.04564,-0.364,3.288,0.715,0.0,8.146,0.598
2022-12-07,5.77e-05,0.519,8.494,0.092,0.073,0.0,0.782,9.073,0.522,8.608,0.092,0.111,0.0,5.765,0.04468,0.67,1.986,0.67,0.0,4.06,1.101
2022-12-08,2.98e-06,0.895,0.586,0.09,0.083,0.0,0.537,3.079e-06,0.902,0.585,0.09,0.112,0.0,2.528,0.0437,1.26,0.24,0.654,0.0,2.881,0.618
2022-12-09,1.632e-06,0.25,0.058,0.065,0.07,0.0,-0.397,1.706e-06,0.251,0.057,0.067,0.091,0.0,-2.426,0.04279,0.92,0.002,0.66,0.0,2.761,-0.025
2022-12-10,9.157e-07,0.396,0.006,0.057,0.055,0.0,-1.343,9.597e-07,0.399,0.006,0.051,0.069,0.0,-4.134,0.04203,0.936,0.0,0.705,0.0,2.733,-1.115
2022-12-11,5.274e-07,0.26,0.001,0.051,0.043,0.0,-1.967,9.829e-05,0.261,0.001,0.051,0.053,0.0,-3.408,0.04148,0.63,0.0,0.787,0.0,2.703,-1.662
2022-12-12,1.199e-06,0.026,0.0,0.051,0.033,0.136,-2.732,0.0001919,0.026,0.0,0.051,0.041,0.136,-4.893,0.04112,0.416,0.0,0.849,0.0,2.73,-1.949
2022-12-13,2.019e-07,0.56,0.0,0.049,0.027,0.273,-3.336,0.0002792,0.559,0.0,0.051,0.032,0.273,-4.305,0.0408,0.755,0.0,0.86,0.0,2.757,-2.818
2022-12-14,1.365e-07,0.168,0.0,0.042,0.021,0.273,-3.667,0.0003631,0.166,0.0,0.051,0.026,0.273,-3.336,0.04043,0.284,0.0,0.828,0.0,2.748,-2.002
2022-12-15,9.797e-07,0.258,0.002,0.051,0.018,0.136,-3.243,0.0004977,0.255,0.0,0.078,0.039,0.136,0.64,0.03999,0.124,0.042,0.775,0.0,2.769,-0.613
2022-12-16,1.463e-05,0.0,0.002,0.051,0.015,2.899,-2.794,0.0006396,0.0,0.0,0.079,0.049,2.899,0.568,0.03946,-0.05,0.04,0.715,0.0,4.929,-0.377
2022-12-17,2.849e-05,0.248,0.0,0.05,0.013,12.247,-2.649,0.0007761,0.247,0.0,0.079,0.056,12.247,0.33,0.03883,0.777,0.0,0.655,0.0,13.206,-0.408
2022-12-18,2.696e-06,0.0,0.0,0.05,0.012,19.234,-2.646,0.0008671,0.0,0.0,0.079,0.062,19.234,0.267,0.03809,-0.048,0.0,0.598,0.0,20.01,-0.397
2022-12-19,3.792e-06,0.0,0.0,0.05,0.011,20.621,-2.673,0.0009794,0.0,0.0,0.079,0.066,20.621,0.219,0.0373,-0.093,0.0,0.547,0.0,21.612,-0.38
2022-12-20,1.525e-05,0.255,0.0,0.05,0.01,24.921,-2.872,0.001097,0.255,0.0,0.08,0.069,24.921,0.116,0.03648,0.734,0.0,0.502,0.0,25.684,-0.382
2022-12-21,3.564e-06,0.294,0.0,0.05,0.009,29.108,-3.157,0.001186,0.294,0.0,0.079,0.071,29.108,0.124,0.03559,0.747,0.0,0.461,0.0,29.482,-0.377
2022-12-22,1.8e-06,0.0,0.0,0.05,0.009,30.182,-3.343,0.00128,0.0,0.0,0.079,0.073,30.182,0.336,0.03468,-0.085,0.0,0.426,0.0,30.532,-0.349
2022-12-23,0.000138,0.0,9.543,0.05,0.009,46.4,-3.585,0.001479,0.0,0.218,0.086,0.079,46.4,0.719,9.167,-0.164,13.61,0.394,0.0,45.565,-0.267
2022-12-24,3.307e-06,0.0,0.636,0.051,0.008,62.481,-4.223,0.001443,0.0,0.0,0.067,0.067,62.481,-0.107,0.03284,-0.041,3.0,0.367,0.0,59.33,-0.231
2022-12-25,1.246e-06,0.571,0.062,0.051,0.008,62.681,-4.63,0.001537,0.571,0.0,0.086,0.075,62.681,0.059,0.03189,0.529,0.197,0.342,0.0,58.475,-0.236
2022-12-26,5.276e-06,0.0,0.007,0.051,0.008,63.667,-4.656,0.001632,0.0,0.0,0.086,0.081,63.667,0.351,0.03097,0.155,0.02,0.321,0.0,59.363,-0.233
2022-12-27,1.447e-06,0.0,0.001,0.051,0.008,64.903,-4.873,0.001715,0.0,0.0,0.086,0.086,64.903,0.302,0.03004,-0.017,0.002,0.303,0.0,60.475,-0.236
2022-12-28,9.006e-06,0.0,0.0,0.05,0.008,67.153,-4.723,0.001805,0.0,0.0,0.086,0.089,67.153,0.6,0.02914,-0.143,0.0,0.287,0.0,62.724,-0.218
2022-12-29,7.708e-05,0.0,16.597,0.05,0.008,61.447,-4.183,0.001932,0.0,8.607,0.094,0.098,61.447,1.134,0.02826,0.03,2.065,0.273,0.0,65.27,-0.172
2022-12-30,9.423,1.46,35.57,0.051,0.008,34.706,-3.133,9.091,1.46,36.632,0.093,0.105,34.706,2.191,0.02738,0.927,3.88,0.261,0.0,63.741,-0.12
2022-12-31,8.799e-05,0.032,19.741,0.051,0.008,7.836,-2.037,0.002163,0.032,23.081,0.094,0.11,7.836,5.24,0.02656,-0.339,8.295,0.251,0.0,58.981,-0.06
2023-01-01,9.103,0.001,6.172,0.051,0.008,0.0,-1.521,0.002222,0.001,14.519,0.096,0.116,0.0,2.828,0.02574,0.035,5.987,0.244,0.0,55.968,-0.023
2023-01-02,5.659e-06,0.516,0.457,0.052,0.008,0.0,-1.18,0.002232,0.52,2.173,0.091,0.116,0.0,1.561,0.02491,0.577,1.559,0.238,0.0,54.999,0.062
2023-01-03,1.026e-05,0.258,0.844,0.052,0.008,0.0,-1.224,0.002295,0.259,1.265,0.089,0.114,0.0,0.251,0.02414,0.302,0.342,0.228,0.0,54.851,0.085
2023-01-04,3.304e-05,0.442,2.847,0.059,0.011,2.749,-0.99,0.002381,0.442,2.695,0.092,0.115,2.749,1.048,0.0234,1.046,0.072,0.222,0.0,59.033,0.102
2023-01-05,4.968e-05,0.0,3.967,0.06,0.013,10.696,-0.868,9.066,0.0,3.91,0.092,0.116,10.696,1.173,0.02271,-0.037,3.559,0.218,0.0,68.186,0.112
2023-01-06,2.231e-05,0.993,5.273,0.06,0.015,12.831,-0.715,0.002493,0.993,5.228,0.092,0.116,12.831,1.23,0.02198,0.657,1.434,0.216,0.0,72.905,0.125
2023-01-07,1.459e-05,0.0,0.361,0.051,0.013,12.554,-1.308,0.002537,0.0,0.358,0.089,0.114,12.554,0.322,0.02133,0.03,0.108,0.212,0.0,74.747,0.132
2023-01-08,1.049e-06,0.078,0.036,0.051,0.011,15.34,-1.943,0.002529,0.078,0.035,0.067,0.093,15.34,-0.333,0.02068,0.423,0.011,0.212,0.0,77.355,0.122
2023-01-09,3.636e-06,0.042,0.004,0.051,0.01,16.004,-2.234,0.00258,0.042,0.004,0.089,0.098,16.004,0.128,0.02009,0.296,0.001,0.212,0.0,77.957,0.223
2023-01-10,5.586e-06,0.0,0.0,0.051,0.01,17.849,-2.954,0.002585,0.0,0.0,0.067,0.081,17.849,-0.299,9.06,0.036,0.0,0.214,0.0,79.517,0.237
2023-01-11,1.682e-07,0.486,0.0,0.051,0.009,19.029,-3.775,0.002582,0.486,0.0,0.067,0.069,19.029,-0.752,0.01899,0.577,0.0,0.217,0.0,80.486,0.234
2023-01-12,3.224e-07,0.0,0.0,0.051,0.009,19.037,-3.68,0.002628,0.0,0.0,0.089,0.079,19.037,0.415,0.0185,-0.111,0.0,0.222,0.0,80.587,0.256
2023-01-13,6.177e-05,0.0,0.0,0.05,0.008,33.023,-3.637,0.002735,0.0,0.0,0.09,0.088,33.023,0.702,0.0181,0.237,0.0,0.229,0.0,94.349,0.302
2023-01-14,2.958e-05,0.0,0.0,0.05,0.008,53.701,-3.891,0.002745,0.0,0.0,0.089,0.094,53.701,0.428,0.01766,0.194,0.14,0.24,0.0,114.434,0.332
2023-01-15,4.169e-08,0.389,0.0,0.05,0.008,60.401,-4.492,0.002755,0.389,0.0,0.089,0.098,60.401,0.165,0.01725,0.413,0.012,0.249,0.0,120.752,0.339
2023-01-16,9.953e-06,0.222,0.0,0.044,0.008,62.587,-5.007,0.002803,0.222,0.0,0.089,0.101,62.587,0.167,0.01693,0.494,0.001,0.26,0.0,122.401,0.336
2023-01-17,7.307e-06,0.0,0.0,0.041,0.007,66.36,-5.066,0.002836,0.0,0.0,0.089,0.103,66.36,0.534,0.01664,0.167,0.0,0.272,0.0,125.559,0.343
2023-01-18,1.039e-05,0.263,0.0,0.05,0.007,70.298,-4.632,0.002873,0.263,0.0,0.089,0.104,70.298,1.121,0.01638,0.586,0.0,0.284,0.0,128.905,0.448
2023-01-19,5.321e-06,0.0,0.0,0.05,0.007,73.785,-4.314,0.0029,0.0,0.0,0.089,0.105,73.785,1.5,5.292e-06,-0.007,0.0,0.295,0.0,131.942,0.55
2023-01-20,3.243e-05,0.0,0.0,0.05,0.007,82.271,-4.289,0.002958,0.0,0.0,0.089,0.106,82.271,1.697,0.0006312,-0.014,0.0,0.307,0.0,140.275,0.578
2023-01-21,3.117e-06,0.0,0.0,0.05,0.007,90.321,-4.326,0.002957,0.0,0.0,0.089,0.107,90.321,1.755,0.001195,0.005,0.0,0.319,0.0,148.096,0.587
2023-01-22,8.185e-06,0.323,0.0,0.05,0.007,92.871,-4.066,0.002989,0.323,0.0,0.089,0.107,92.871,1.968,0.001793,0.553,0.0,0.334,0.0,150.206,0.646
2023-01-23,5.761e-06,0.0,0.0,0.05,0.007,95.958,-3.821,0.003013,0.0,0.0,0.089,0.107,95.958,2.15,0.002385,-0.088,0.0,0.35,0.0,152.76,0.868
2023-01-24,2.896e-06,0.0,0.0,0.05,0.007,97.844,-3.975,0.003034,0.0,0.0,0.089,0.107,97.844,2.19,0.002983,0.017,0.0,0.368,0.0,153.95,1.035
2023-01-25,5.761e-06,0.0,0.0,0.05,0.007,99.794,-4.568,0.00306,0.0,0.0,0.089,0.107,99.794,1.939,0.003595,0.145,0.0,0.388,0.0,154.718,1.073
2023-01-26,6.863e-06,0.0,0.0,0.05,0.007,102.644,-4.605,0.003083,0.0,0.0,0.089,0.107,102.644,1.989,0.004216,0.009,0.0,0.41,0.0,156.232,1.082
2023-01-27,1.574e-06,0.0,0.0,0.05,0.007,104.544,-4.836,0.003098,0.0,0.0,0.088,0.107,104.544,1.982,0.004846,0.078,0.0,0.433,0.0,156.815,1.067
2023-01-28,3.127e-08,1.315,0.0,0.05,0.007,104.894,-4.521,0.003116,1.315,0.0,0.088,0.106,104.894,2.278,0.005496,0.5,0.0,0.459,0.0,155.648,1.057
2023-01-29,1.766e-05,0.24,0.0,0.05,0.007,108.83,-4.724,0.003151,0.24,0.0,0.088,0.106,108.83,2.282,0.006185,0.426,0.0,0.487,0.0,157.632,1.027
2023-01-30,3.998e-06,0.0,0.0,0.041,0.007,113.604,-5.182,0.003154,0.0,0.0,0.088,0.105,113.604,1.996,0.006867,-0.027,0.0,0.516,0.0,160.55,0.982
2023-01-31,1.345e-06,0.0,0.0,0.0,0.005,114.741,-6.128,0.003166,0.0,0.0,0.088,0.105,114.741,1.51,0.007586,-0.028,0.0,0.548,0.0,160.3,0.985
2023-02-01,1.672e-08,0.301,0.0,0.0,0.004,115.041,-7.099,0.00318,0.301,0.0,0.088,0.105,115.041,1.07,0.008338,0.396,0.0,0.583,0.0,159.592,1.12
2023-02-02,4.53e-07,0.292,0.0,0.0,0.003,115.078,-7.084,0.003194,0.292,0.0,0.087,0.104,115.078,1.225,0.009128,0.022,0.0,0.622,0.0,158.81,1.14
2023-02-03,8.962e-09,0.297,0.0,0.0,0.002,115.116,-8.54,0.003206,0.297,0.0,0.087,0.104,115.116,0.578,0.009959,0.099,0.0,0.663,0.0,157.759,1.1
2023-02-04,6.563e-09,0.166,0.0,0.0,0.002,115.116,-9.982,0.003178,0.166,0.0,0.067,0.085,115.116,-0.106,0.01083,0.032,0.0,0.705,0.0,156.69,1.054
2023-02-05,4.412e-06,0.235,0.0,0.0,0.001,116.052,-9.718,0.003195,0.235,0.0,0.087,0.09,116.052,0.336,0.01174,0.296,0.0,0.745,0.0,156.727,1.044
2023-02-06,1.326e-06,0.0,0.0,0.0,0.001,117.225,-9.537,0.003204,0.0,0.0,0.087,0.093,117.225,0.676,0.01268,-0.007,0.0,0.782,0.0,156.938,1.024
2023-02-07,3.528e-06,0.0,0.0,0.0,0.001,118.262,-9.528,0.003217,0.0,0.0,0.087,0.095,118.262,0.957,0.01364,0.085,0.0,0.815,0.0,156.661,0.991
2023-02-08,1.216e-05,0.0,2.928,0.0,0.0,116.3,-8.419,0.003229,0.0,0.141,0.089,0.099,116.3,1.621,0.0146,0.074,0.067,0.843,0.0,155.802,0.973
2023-02-09,6.207e-05,0.0,6.398,0.0,0.0,117.331,-7.649,0.003303,0.0,4.892,0.091,0.103,117.331,2.118,0.0156,0.419,0.137,0.866,0.0,161.11,0.93
2023-02-10,9.092,0.358,19.034,0.0,0.0,114.01,-6.862,0.003358,0.358,18.817,0.092,0.108,114.01,2.521,0.01653,0.904,0.374,0.887,0.0,167.106,0.934
2023-02-11,8.637e-06,0.0,1.275,0.0,0.0,107.631,-6.702,0.003292,0.0,1.258,0.091,0.109,107.631,2.409,0.01747,0.177,0.0,0.91,0.0,166.118,0.939
2023-02-12,4.576e-06,0.036,0.125,0.0,0.0,108.817,-6.262,0.003303,0.036,0.123,0.091,0.111,108.817,2.529,0.01845,0.409,0.0,0.95,0.0,164.712,1.101
2023-02-13,5.45e-05,0.0,12.143,0.0,0.0,103.469,-5.666,9.114,0.0,11.567,0.092,0.113,103.469,2.856,0.01955,-0.042,0.223,1.033,0.0,163.081,1.119
2023-02-14,3.383e-05,0.0,7.5,0.051,0.002,94.665,-5.11,0.003364,0.0,7.319,0.092,0.114,94.665,3.1,0.02087,0.248,0.1,1.173,0.0,160.628,1.103
2023-02-15,9.086,0.0,29.702,0.051,0.004,76.977,-4.415,0.003473,0.0,29.546,0.092,0.116,76.977,3.592,0.02249,0.128,0.629,1.356,0.0,156.537,1.054
2023-02-16,8.367e-05,0.628,20.403,0.051,0.005,52.161,-3.742,9.177,0.628,20.249,0.092,0.117,52.161,3.894,0.02446,0.312,0.371,1.586,0.0,150.58,1.015
2023-02-17,2.937e-05,0.0,1.415,0.051,0.005,46.712,-4.171,0.003401,0.0,1.404,0.091,0.116,46.712,3.303,0.02707,0.179,0.0,1.953,0.0,150.15,0.953
2023-02-18,4.293e-06,0.173,0.141,0.051,0.006,51.398,-4.727,0.003387,0.173,0.14,0.091,0.115,51.398,2.762,0.03084,0.395,0.0,2.676,0.0,151.897,1.01
2023-02-19,4.354e-05,0.0,8.937,0.051,0.006,47.43,-4.261,0.003436,0.0,8.524,0.092,0.116,47.43,3.139,0.0358,-0.009,0.156,3.369,0.0,150.587,1.035
2023-02-20,1.145e-05,0.165,2.154,0.051,0.007,42.961,-4.301,0.003416,0.165,1.986,0.091,0.116,42.961,3.121,0.04087,0.344,0.007,3.54,0.0,149.577,1.063
2023-02-21,3.524e-06,0.0,0.164,0.051,0.007,42.748,-4.671,0.003418,0.0,0.151,0.091,0.116,42.748,2.793,0.04546,0.041,0.0,3.413,0.0,147.881,1.025
2023-02-22,3.004e-06,0.0,0.017,0.051,0.007,43.486,-4.926,0.003426,0.0,0.016,0.091,0.115,43.486,2.4,0.04945,0.092,0.0,3.219,0.0,146.171,0.966
2023-02-23,1.11e-05,0.0,0.002,0.0,0.005,46.336,-5.31,0.003442,0.0,0.002,0.091,0.115,46.336,1.967,0.05292,0.177,0.0,3.044,0.0,146.8,0.957
2023-02-24,3.136e-06,0.055,0.0,0.0,0.004,49.386,-6.236,0.003439,0.055,0.0,0.09,0.114,49.386,1.191,0.05594,0.285,0.0,2.903,0.0,148.276,0.929
2023-02-25,5.821e-07,0.0,0.0,0.0,0.003,50.111,-7.364,0.003442,0.0,0.0,0.089,0.113,50.111,0.372,0.05856,0.054,0.0,2.766,0.0,147.924,0.879
2023-02-26,2.948e-07,0.0,0.0,0.0,0.002,50.236,-7.862,0.003446,0.0,0.0,0.089,0.112,50.236,0.343,0.06073,0.1,0.0,2.601,0.0,147.394,0.976
2023-02-27,3.968e-08,0.194,0.0,0.0,0.002,50.286,-8.155,0.003449,0.194,0.0,0.089,0.111,50.286,0.406,0.06245,0.079,0.0,2.426,0.0,146.852,1.0
2023-02-28,1.016e-05,0.0,0.0,0.0,0.001,52.523,-7.624,0.003465,0.0,0.0,0.09,0.111,52.523,1.049,0.06377,0.132,0.0,2.253,0.0,147.94,1.004
2023-03-01,8.166e-06,0.0,0.0,0.0,0.001,56.61,-7.006,0.003468,0.0,0.0,0.09,0.111,56.61,1.663,0.06468,0.193,0.0,2.089,0.0,150.29,0.988
2023-03-02,2.272e-07,0.0,0.0,0.0,0.001,58.51,-6.37,0.003465,0.0,0.0,0.09,0.111,58.51,2.112,0.06527,0.326,0.0,1.945,0.0,149.882,0.949
2023-03-03,4.018e-09,0.167,0.0,0.0,0.0,58.56,-6.464,0.003469,0.167,0.0,0.09,0.111,58.56,2.021,0.06561,0.126,0.0,1.83,0.0,147.241,0.887
2023-03-04,2.226e-05,0.214,0.0,0.0,0.0,63.548,-6.01,0.003494,0.214,0.0,0.09,0.111,63.548,2.279,0.0658,0.848,0.0,1.755,0.0,149.148,0.95
2023-03-05,4.188e-06,0.03,0.0,0.0,0.0,69.423,-5.622,0.00348,0.03,0.0,0.089,0.111,69.423,2.56,0.0659,0.641,0.0,1.729,0.0,152.26,0.978
2023-03-06,4.502e-07,0.029,0.0,0.042,0.002,70.396,-5.251,0.003479,0.029,0.0,0.089,0.11,70.396,2.778,0.06604,0.062,0.0,1.746,0.0,151.151,0.949
2023-03-07,5.304e-06,0.0,0.0,0.051,0.003,71.668,-5.073,0.003486,0.0,0.0,0.089,0.11,71.668,2.758,0.06626,0.246,0.0,1.786,0.0,150.183,0.991
2023-03-08,5.308e-06,0.0,0.0,0.051,0.005,74.054,-4.935,0.003489,0.0,0.0,0.089,0.11,74.054,2.753,0.06656,0.287,0.0,1.829,0.0,150.277,1.001
2023-03-09,1.038e-05,0.0,0.0,0.051,0.005,77.604,-4.834,0.003496,0.0,0.0,0.089,0.11,77.604,2.776,0.06692,0.297,0.0,1.869,0.0,151.735,0.983
2023-03-10,2.008e-06,0.202,0.0,0.051,0.006,80.404,-4.914,0.003489,0.202,0.0,0.089,0.109,80.404,2.709,0.0673,0.605,0.0,1.898,0.0,152.771,1.018
2023-03-11,4.675e-07,0.0,0.0,0.05,0.006,80.892,-5.002,0.003489,0.0,0.0,0.089,0.109,80.892,2.716,0.0677,-0.038,0.0,1.909,0.0,151.831,1.026
2023-03-12,3.497e-08,0.138,0.003,0.05,0.007,80.592,-5.035,0.00349,0.138,0.0,0.089,0.109,80.592,2.858,9.106,0.025,0.0,1.901,0.0,150.309,0.998
2023-03-13,3.007e-05,0.0,7.076,0.051,0.007,76.454,-4.484,0.003511,0.0,3.701,0.091,0.111,76.454,3.244,0.06839,-0.047,0.112,1.878,0.0,148.344,0.961
2023-03-14,2.722e-05,0.0,0.473,0.051,0.007,78.455,-3.931,0.003528,0.0,0.242,0.091,0.112,78.455,3.486,0.06866,0.361,0.0,1.848,0.0,149.691,0.95
2023-03-15,7.802e-06,0.306,0.331,0.051,0.007,85.273,-3.613,0.003512,0.306,0.049,0.091,0.113,85.273,3.619,0.06883,0.926,0.0,1.828,0.0,150.949,1.004
2023-03-16,2.428e-06,0.0,0.335,0.051,0.007,86.154,-3.337,0.003511,0.0,0.165,0.091,0.113,86.154,3.729,0.06909,-0.048,0.0,1.871,0.0,148.047,0.996
2023-03-17,9.289,0.0,24.391,0.051,0.007,77.916,-2.774,9.138,0.0,24.235,0.092,0.115,77.916,4.061,0.06981,0.294,0.513,2.093,0.0,145.382,0.936
2023-03-18,2.654e-05,0.0,5.803,0.051,0.007,68.31,-2.6,0.003548,0.0,5.652,0.092,0.116,68.31,4.085,0.07127,0.297,0.049,2.496,0.0,140.838,0.889
2023-03-19,4.553e-06,0.0,0.438,0.051,0.007,66.954,-3.08,0.00353,0.0,0.427,0.091,0.115,66.954,3.6,0.07515,0.404,0.0,3.751,0.0,135.634,0.86
2023-03-20,3.093e-06,0.0,0.045,0.051,0.007,67.354,-3.213,0.003532,0.0,0.044,0.091,0.115,67.354,3.589,0.0825,0.044,0.0,5.635,0.0,133.143,0.932
2023-03-21,3.947e-05,0.238,8.892,0.051,0.007,63.118,-2.897,0.003572,0.238,8.478,0.092,0.116,63.118,3.873,0.08926,0.188,0.151,5.556,0.0,129.503,0.895
2023-03-22,2.65e-05,0.244,6.135,0.051,0.007,55.726,-2.865,0.003565,0.244,5.966,0.092,0.116,55.726,3.924,0.09434,0.127,0.078,4.884,0.0,123.687,0.862
2023-03-23,9.161,0.0,19.926,0.051,0.007,45.507,-2.336,0.003641,0.0,19.771,0.092,0.117,45.507,4.256,0.09893,0.229,0.4,4.751,0.0,115.9,0.801
2023-03-24,1.437e-05,0.0,2.818,0.051,0.007,37.901,-2.199,9.053,0.0,2.668,0.091,0.117,37.901,4.162,0.1057,0.244,0.006,6.017,0.0,105.118,0.854
2023-03-25,1.707e-05,0.0,2.545,0.051,0.007,37.263,-2.138,0.0001936,0.0,2.395,0.092,0.117,37.263,4.089,0.1212,0.249,0.016,10.728,0.0,94.027,0.813
2023-03-26,4.747e-05,0.0,10.082,0.051,0.008,32.588,-1.734,0.0003931,0.0,9.929,0.092,0.118,32.588,4.266,0.1386,0.335,0.172,12.04,0.0,83.011,0.821
2023-03-27,5.622e-05,0.0,13.405,0.051,0.008,21.507,-1.48,0.0005631,0.0,13.252,0.092,0.118,21.507,4.232,0.157,0.204,0.237,12.855,0.0,69.716,0.815
2023-03-28,5.532e-06,0.321,0.911,0.051,0.008,14.957,-1.417,0.0006635,0.321,0.9,0.091,0.117,14.957,3.787,0.1762,0.49,0.0,13.93,0.0,57.313,0.781
2023-03-29,9.07,0.572,14.029,0.051,0.008,7.597,-1.397,0.0008616,0.585,13.738,0.092,0.117,7.597,2.659,0.1913,0.22,0.325,12.364,0.0,45.585,0.714
2023-03-30,6.651e-06,0.004,0.908,0.051,0.008,0.474,-1.781,0.0008999,0.004,0.888,0.067,0.095,0.474,-0.724,0.2051,0.334,0.0,12.147,0.0,37.086,0.614
2023-03-31,1.867e-05,0.0,1.363,0.051,0.008,2.614,-1.937,0.00104,0.0,1.19,0.089,0.099,2.614,0.45,0.2136,0.336,0.006,9.611,0.0,34.292,0.599
2023-04-01,4.85e-05,0.729,8.588,0.051,0.008,2.159,-1.223,9.065,0.746,8.42,0.092,0.104,2.159,4.755,0.2171,0.762,0.165,7.339,0.0,24.481,0.723
2023-04-02,2.984e-06,0.364,0.581,0.051,0.008,0.008,-1.362,0.00127,0.372,0.569,0.089,0.106,0.008,0.603,9.314,0.96,0.0,12.013,0.0,13.223,0.966
2023-04-03,2.155e-05,0.496,2.748,0.059,0.01,0.008,-1.002,0.001403,0.506,2.477,0.091,0.109,0.008,1.545,0.2404,0.788,0.739,11.777,0.0,9.879,2.174
2023-04-04,1.458e-06,1.323,0.191,0.067,0.017,0.0,-0.403,0.001492,1.362,0.172,0.09,0.11,0.0,3.29,0.2451,2.027,0.054,8.789,0.0,7.34,3.42
2023-04-05,9.142,0.738,42.489,0.071,0.024,0.0,-0.096,0.001876,0.756,42.252,0.092,0.112,0.0,2.813,0.2473,1.078,1.001,7.73,0.001,11.184,1.658
2023-04-06,5.292e-05,0.706,9.0,0.092,0.049,0.0,0.785,9.135,0.723,8.967,0.092,0.114,0.0,5.734,0.2632,0.516,0.107,15.005,0.001,11.434,3.075
2023-04-07,6.951e-06,0.932,0.692,0.091,0.066,0.0,0.787,0.001795,0.96,0.69,0.091,0.114,0.0,3.041,0.287,1.713,0.0,19.12,0.001,5.538,2.379
2023-04-08,3.715e-06,1.248,0.071,0.09,0.078,0.0,0.669,0.001878,1.284,0.071,0.089,0.112,0.0,1.417,0.2933,1.425,0.0,10.626,0.0,4.145,1.906
2023-04-09,2.083e-06,1.074,0.008,0.089,0.086,0.0,0.901,0.001958,1.105,0.008,0.089,0.112,0.0,2.547,0.2921,1.186,0.0,6.915,0.0,2.092,3.179
2023-04-10,1.26e-06,1.376,0.001,0.089,0.092,0.0,1.64,0.002033,1.415,0.001,0.089,0.111,0.0,5.725,0.289,1.602,0.0,6.075,0.0,0.345,6.576
2023-04-11,5.753e-06,1.023,0.011,0.089,0.096,0.0,2.891,0.002111,1.047,0.011,0.089,0.11,0.0,9.639,9.382,1.393,0.011,4.603,0.0,0.0,10.688
2023-04-12,1.112e-06,1.393,0.0,0.089,0.099,0.0,3.577,0.002175,1.427,0.0,0.088,0.109,0.0,9.257,0.2763,2.383,0.0,3.523,0.0,0.0,8.782
2023-04-13,5.541e-07,2.129,0.0,0.088,0.1,0.0,4.925,0.002239,2.185,0.0,0.088,0.108,0.0,13.018,0.2681,2.041,0.0,2.837,0.0,0.0,13.07
2023-04-14,4.927e-07,2.858,0.0,0.087,0.1,0.0,5.97,0.002298,2.932,0.0,0.087,0.106,0.0,13.741,0.2595,3.239,0.0,2.356,0.0,0.0,12.295
2023-04-15,4.587e-07,1.722,0.0,0.086,0.1,0.0,7.139,0.002352,1.764,0.0,0.086,0.104,0.0,15.347,0.2507,1.961,0.0,1.99,0.0,0.0,14.846
2023-04-16,4.377e-07,3.119,0.0,0.084,0.098,0.0,8.174,4.475e-07,3.192,0.0,0.084,0.101,0.0,16.09,0.2417,3.363,0.0,1.7,0.0,0.0,14.527
2023-04-17,1.981e-05,0.766,0.127,0.087,0.099,0.0,8.366,1.976e-05,0.779,0.127,0.087,0.102,0.0,13.137,0.2327,1.932,0.127,1.466,0.0,0.0,12.416
2023-04-18,6.478e-07,1.385,0.0,0.087,0.1,0.0,7.897,6.25e-07,1.415,0.0,0.086,0.101,0.0,8.646,0.2238,2.879,0.0,1.28,0.0,0.0,7.737
2023-04-19,5.406e-07,1.449,0.0,0.086,0.1,0.0,7.261,5.289e-07,1.48,0.0,0.086,0.101,0.0,5.858,0.215,1.868,0.0,1.136,0.0,0.0,5.671
2023-04-20,4.841e-07,1.329,0.0,0.085,0.099,0.0,6.744,0.0001661,1.357,0.0,0.085,0.1,0.0,5.003,0.2065,1.571,0.0,1.026,0.0,0.0,5.432
2023-04-21,8.937e-07,1.405,0.0,0.085,0.098,0.0,6.99,0.0003227,1.43,0.0,0.084,0.098,0.0,8.172,9.243,1.696,0.0,0.943,0.0,0.0,9.301
2023-04-22,1.096e-06,0.942,0.0,0.084,0.097,0.0,7.569,0.0004706,0.957,0.0,0.084,0.097,0.0,10.921,0.1902,1.01,0.0,0.875,0.0,0.0,12.121
2023-04-23,8.875e-05,1.069,7.487,0.093,0.104,0.0,7.506,0.000714,1.086,6.974,0.093,0.104,0.0,9.229,0.1826,2.616,0.424,0.814,0.0,0.0,9.202
2023-04-24,4.263e-06,1.534,0.587,0.089,0.106,0.0,7.283,0.0007747,1.563,0.544,0.089,0.106,0.0,7.634,0.1751,2.815,0.0,0.759,0.0,0.0,7.431
2023-04-25,2.831e-06,1.452,0.058,0.089,0.106,0.0,7.086,0.0009076,1.476,0.054,0.089,0.106,0.0,7.14,0.1679,2.048,0.0,0.71,0.0,0.0,7.145
2023-04-26,1.438e-06,2.072,0.006,0.088,0.106,0.0,6.942,0.001032,2.111,0.006,0.088,0.106,0.0,7.165,0.161,2.619,0.0,0.678,0.0,0.0,6.86
2023-04-27,2.495e-06,1.164,0.001,0.087,0.105,0.0,6.884,0.001152,1.182,0.001,0.087,0.105,0.0,7.458,0.1544,1.741,0.0,0.669,0.0,0.0,8.087
2023-04-28,7.03e-07,2.434,0.0,0.086,0.104,0.0,7.156,0.001262,2.478,0.0,0.086,0.104,0.0,9.243,0.1482,2.832,0.0,0.674,0.0,0.0,8.94
2023-04-29,3.438e-06,1.399,0.003,0.086,0.103,0.0,7.503,0.00137,1.42,0.003,0.086,0.103,0.0,10.286,0.1422,2.084,0.003,0.679,0.0,0.0,10.427
2023-04-30,1.296e-05,0.77,0.064,0.088,0.104,0.0,7.776,1.293e-05,0.78,0.063,0.088,0.104,0.0,10.552,0.1366,1.624,0.063,0.676,0.0,0.0,10.924
