date,air_temperature_C,shaw_coupled_soil_ice_mm,official_outlet_m3s,official_soil_layer2_C,official_surq_gen_mm,official_latq_mm,official_perc_mm,official_et_mm,official_snopack_mm,official_sw_final_mm,existing_ft_outlet_m3s,existing_ft_soil_layer2_C,existing_ft_surq_gen_mm,existing_ft_latq_mm,existing_ft_perc_mm,existing_ft_et_mm,existing_ft_snopack_mm,existing_ft_sw_final_mm,shaw_outlet_m3s,shaw_soil_layer2_C,shaw_surq_gen_mm,shaw_latq_mm,shaw_perc_mm,shaw_et_mm,shaw_snopack_mm,shaw_sw_final_mm
2021-01-01,-4.55,97.70823328628909,8.529e-07,-4.018,0.0,0.008,0.04,0.144,3.042,275.582,8.426e-07,-1.471,0.0,0.021,0.041,0.143,3.042,255.237,0.01859,-1.509,0.0,0.0,0.093,0.665,6.99,65.302
2021-01-02,-3.6,95.81493381479319,4.441e-05,-3.936,0.0,0.008,0.04,0.0,13.18,275.534,4.444e-05,-0.007,0.0,0.024,0.05,0.0,13.18,252.476,0.01791,-1.222,0.0,0.0,0.092,-0.083,17.077,66.137
2021-01-03,-3.9,93.395529128785,1.615e-06,-3.866,0.0,0.008,0.04,0.0,23.518,275.486,1.676e-06,-0.011,0.0,0.026,0.05,0.0,23.518,252.56,0.01718,-1.025,0.0,0.0,0.092,-0.08,27.396,68.279
2021-01-04,-2.35,90.86828223744152,7.136e-07,-3.642,0.0,0.008,0.04,0.0,24.018,275.438,7.936e-07,0.22,0.0,0.029,0.051,0.0,24.018,252.631,0.01653,-0.881,0.0,0.0,0.091,-0.113,28.053,70.618
2021-01-05,-4.0,88.69865093715478,7.314e-06,-3.572,0.0,0.008,0.04,0.0,25.818,275.391,7.407e-06,0.05,0.0,0.031,0.052,0.0,25.818,253.135,0.01591,-0.815,0.0,0.0,0.091,-0.07,29.975,72.591
2021-01-06,-6.45,86.91510290922137,1.139e-06,-3.806,0.0,0.008,0.04,0.0,27.718,275.343,1.239e-06,-0.263,0.0,0.032,0.051,0.0,27.718,253.21,0.01531,-0.802,0.0,0.0,0.09,0.002,31.969,74.168
2021-01-07,-6.65,85.17151854760465,1.356e-06,-4.074,0.0,0.008,0.04,0.045,28.268,275.292,1.461e-06,-0.286,0.0,0.033,0.051,0.045,28.268,252.664,0.01474,-0.786,0.0,0.0,0.089,0.297,32.609,75.706
2021-01-08,-9.3,83.97467289719856,3.28e-08,-4.504,0.0,0.008,0.04,0.462,28.568,274.868,1.396e-07,-0.586,0.0,0.033,0.051,0.458,28.568,251.713,0.0142,-0.833,0.0,0.0,0.088,0.291,32.927,76.677
2021-01-09,-7.85,82.52725295015921,1.575e-06,-4.835,0.0,0.008,0.039,0.0,28.854,274.821,1.683e-06,-0.4,0.0,0.033,0.051,0.0,28.854,250.664,0.01369,-0.832,0.0,0.0,0.09,-0.071,33.293,77.911
2021-01-10,-7.8,81.21067009802333,3.17e-08,-5.011,0.0,0.008,0.039,0.233,29.14,274.668,1.407e-07,-0.377,0.0,0.034,0.051,0.231,29.14,249.806,0.01321,-0.849,0.0,0.0,0.096,0.125,33.71,79.005
2021-01-11,-5.65,79.35132561486593,3.99e-06,-5.086,0.0,0.006,0.0,0.0,29.977,274.668,4.107e-06,-0.075,0.0,0.034,0.051,0.0,29.977,249.093,0.01278,-0.801,0.0,0.0,0.105,0.057,34.572,80.647
2021-01-12,-2.25,76.89985084121385,5.094e-06,-4.696,0.0,0.006,0.04,0.0,31.964,274.62,5.209e-06,0.389,0.0,0.034,0.051,0.0,31.964,248.851,0.01239,-0.714,0.0,0.0,0.116,-0.115,36.469,82.889
2021-01-13,-2.0,74.34743693363218,4.655e-06,-4.377,0.0,0.006,0.04,0.0,34.164,274.573,4.768e-06,0.49,0.0,0.034,0.051,0.0,34.164,249.331,0.01205,-0.648,0.0,0.0,0.128,-0.088,38.656,85.22
2021-01-14,-0.5,71.57265526547438,1.35e-06,-3.902,0.0,0.007,0.04,0.243,35.514,274.407,1.462e-06,0.685,0.0,0.033,0.051,0.241,35.514,249.85,0.01174,-0.582,0.0,0.0,0.143,0.517,40.052,87.761
2021-01-15,-0.95,69.2130385031077,2.798e-06,-3.689,0.635,0.007,0.04,0.0,34.753,275.816,3.622e-07,0.662,0.011,0.034,0.051,0.0,34.753,252.912,0.01149,-0.535,0.011,0.0,0.16,-0.119,40.398,89.917
2021-01-16,0.1,65.54070175709751,4.024e-05,-3.288,2.263,0.007,0.041,0.0,39.434,275.857,3.101e-05,0.792,0.015,0.037,0.054,0.0,39.434,256.27,0.01131,-0.382,1.094,0.0,0.174,-0.135,45.575,95.715
2021-01-17,-3.1,62.82745360229495,3.93e-06,-3.245,0.153,0.007,0.041,0.0,45.926,275.809,3.476e-06,0.503,0.0,0.041,0.054,0.0,45.926,257.399,0.01108,-0.321,0.074,0.0,0.176,0.058,51.413,98.179
2021-01-18,-9.75,61.53832492628097,3.319e-07,-3.927,0.015,0.007,0.041,0.024,46.676,275.76,1.634e-07,-0.148,0.0,0.039,0.051,0.024,46.676,258.079,0.01089,-0.357,0.007,0.0,0.176,0.193,52.221,99.202
2021-01-19,-11.2,60.61173636094489,1.286e-06,-4.735,0.002,0.007,0.04,0.151,46.914,275.686,1.26e-06,-0.371,0.0,0.038,0.051,0.15,46.914,257.67,0.01072,-0.427,0.001,0.0,0.182,0.196,52.558,99.851
2021-01-20,-11.5,59.91729234629449,1.002e-07,-5.505,0.0,0.005,0.0,0.714,47.152,274.975,1.542e-07,-0.441,0.0,0.037,0.051,0.711,47.152,256.217,0.01059,-0.511,0.0,0.0,0.199,0.376,52.676,100.24
2021-01-21,-10.0,59.27926439141775,5.594e-08,-6.156,0.0,0.004,0.0,0.362,47.152,274.613,1.51e-07,-0.322,0.0,0.036,0.051,0.36,47.152,255.009,0.01053,-0.581,0.0,0.0,0.226,0.098,52.529,100.556
2021-01-22,-5.9,57.849847827381204,4.219e-06,-6.151,0.0,0.003,0.0,0.0,48.038,274.613,4.344e-06,0.08,0.0,0.038,0.053,0.0,48.038,254.351,0.01052,-0.578,0.0,0.0,0.255,-0.091,53.398,101.646
2021-01-23,-13.3,57.275398954516255,1.901e-08,-6.789,0.0,0.002,0.0,0.228,48.925,274.511,1.54e-07,-0.542,0.0,0.037,0.051,0.227,48.925,254.25,0.01056,-0.603,0.0,0.0,0.28,0.296,54.309,101.853
2021-01-24,-15.55,57.253115236451066,1.164e-08,-7.548,0.0,0.002,0.0,0.341,48.925,274.172,1.317e-07,-0.842,0.0,0.032,0.047,0.339,48.925,252.937,0.01063,-0.658,0.0,0.0,0.29,0.134,54.326,101.485
2021-01-25,-12.7,57.071873921448194,7.365e-09,-8.104,0.0,0.001,0.0,0.413,48.925,273.759,1.349e-07,-0.638,0.0,0.033,0.051,0.409,48.925,251.063,0.01068,-0.675,0.0,0.0,0.289,0.177,54.27,101.275
2021-01-26,-6.5,55.98513449352097,5.294e-06,-7.947,0.0,0.001,0.0,0.0,50.061,273.759,5.426e-06,-0.034,0.0,0.033,0.051,0.0,50.061,249.937,0.01073,-0.612,0.0,0.0,0.286,-0.076,55.308,101.99
2021-01-27,-4.95,54.375683217129804,3.309e-06,-7.539,0.0,0.001,0.0,0.183,51.947,273.701,3.444e-06,0.202,0.0,0.033,0.051,0.182,51.947,249.707,0.01077,-0.543,0.0,0.0,0.282,0.497,57.055,103.232
2021-01-28,-11.95,53.360035165853844,6.633e-07,-8.037,0.0,0.001,0.0,0.0,52.784,273.701,7.999e-07,-0.376,0.0,0.033,0.051,0.0,52.784,249.902,0.01079,-0.545,0.0,0.0,0.279,-0.01,57.916,103.878
2021-01-29,-17.4,53.21821394420506,1.552e-09,-8.76,0.0,0.0,0.0,0.229,52.872,273.598,1.206e-07,-0.951,0.0,0.029,0.046,0.227,52.872,249.11,0.01081,-0.602,0.0,0.0,0.275,0.135,58.134,103.643
2021-01-30,-17.8,53.448411947695696,1.104e-09,-9.507,0.0,0.0,0.0,0.058,52.872,273.541,1.071e-07,-1.087,0.0,0.026,0.046,0.058,52.872,247.47,0.01082,-0.662,0.0,0.0,0.272,-0.003,58.216,103.039
2021-01-31,-18.35,53.83334932516902,7.944e-10,-10.343,0.0,0.0,0.0,0.172,52.872,273.37,9.718e-08,-1.173,0.0,0.023,0.046,0.17,52.872,245.52,0.01082,-0.716,0.0,0.0,0.27,0.046,58.304,102.282
2021-02-01,-13.35,53.74776377297819,5.777e-10,-10.782,0.0,0.0,0.0,0.368,52.872,273.003,8.981e-08,-0.762,0.0,0.022,0.046,0.363,52.872,243.262,0.01082,-0.709,0.0,0.0,0.267,0.193,58.29,102.0
2021-02-02,-5.1,52.46186986726083,2.005e-05,-10.054,0.0,0.0,0.0,0.185,57.358,272.943,2.016e-05,0.052,0.0,0.025,0.051,0.183,57.358,241.934,0.01083,-0.615,0.0,0.0,0.264,0.631,62.321,102.936
2021-02-03,-3.2,50.31718775085292,5.95e-06,-9.227,0.0,0.0,0.0,0.0,63.131,272.943,6.061e-06,0.36,0.0,0.027,0.05,0.0,63.131,241.901,0.0108,-0.514,0.0,0.0,0.261,0.031,67.728,104.745
2021-02-04,-5.5,48.177684785443276,1.3e-05,-8.812,0.0,0.0,0.0,0.0,67.369,272.943,1.312e-05,0.26,0.0,0.028,0.05,0.0,67.369,242.331,0.01079,-0.454,0.0,0.0,0.258,0.036,72.016,106.552
2021-02-05,-3.95,45.96119132737162,5.289e-06,-8.422,0.0,0.0,0.0,0.153,71.519,272.914,5.41e-06,0.37,0.0,0.029,0.05,0.152,71.519,242.58,0.01075,-0.407,0.0,0.0,0.254,0.629,76.037,108.437
2021-02-06,-6.45,43.95386542855056,1.351e-10,-8.144,0.0,0.0,0.0,0.451,72.719,272.466,1.24e-07,0.223,0.0,0.03,0.05,0.446,72.719,242.582,0.01072,-0.377,0.0,0.0,0.256,0.163,77.063,110.103
2021-02-07,-7.15,42.34002490439809,2.865e-06,-8.085,0.0,0.0,0.0,0.0,73.305,272.466,2.99e-06,0.212,0.0,0.03,0.05,0.0,73.305,242.801,0.01072,-0.365,0.0,0.0,0.264,0.151,77.595,111.371
2021-02-08,-12.95,40.952118372243945,8.219e-11,-8.532,0.0,0.0,0.0,0.132,73.891,272.454,1.266e-07,-0.216,0.0,0.03,0.05,0.131,73.891,242.992,0.01073,-0.377,0.0,0.0,0.274,0.041,78.2,112.398
2021-02-09,-10.7,39.726525067948714,6.579e-11,-8.694,0.0,0.0,0.0,0.446,73.891,272.016,1.267e-07,-0.172,0.0,0.03,0.05,0.441,73.891,242.111,0.01077,-0.396,0.0,0.0,0.289,0.144,78.198,113.241
2021-02-10,-11.5,38.71562031941074,5.367e-11,-8.906,0.0,0.0,0.0,0.455,73.891,271.56,1.263e-07,-0.224,0.0,0.03,0.05,0.45,73.891,241.285,0.01086,-0.376,0.0,0.0,0.311,0.148,78.119,113.85
2021-02-11,-14.2,38.087286433478354,4.468e-11,-9.425,0.0,0.0,0.0,0.025,73.891,271.535,1.258e-07,-0.46,0.0,0.03,0.05,0.025,73.891,240.855,0.01098,-0.366,0.0,0.0,0.334,-0.03,78.127,114.063
2021-02-12,-19.3,37.783304300393304,3.8e-11,-10.262,0.0,0.0,0.0,0.115,73.891,271.42,1.11e-07,-0.926,0.0,0.027,0.046,0.114,73.891,240.019,0.01112,-0.386,0.0,0.0,0.341,0.036,78.198,113.939
2021-02-13,-18.2,37.80749954098893,3.3e-11,-11.009,0.0,0.0,0.0,0.073,73.891,271.347,1.001e-07,-0.998,0.0,0.024,0.046,0.072,73.891,238.571,0.01125,-0.414,0.0,0.0,0.341,0.029,78.251,113.484
2021-02-14,-10.9,37.32788804340258,8.815e-07,-10.909,0.0,0.0,0.0,0.151,74.027,271.321,9.875e-07,-0.467,0.0,0.025,0.05,0.15,74.027,237.072,0.01136,-0.398,0.0,0.0,0.338,0.042,78.496,113.54
2021-02-15,-9.7,36.398616572514946,6.611e-07,-10.694,0.0,0.0,0.0,0.0,74.251,271.321,7.71e-07,-0.249,0.0,0.026,0.05,0.0,74.251,236.349,0.01146,-0.365,0.0,0.0,0.335,-0.015,78.871,114.054
2021-02-16,-6.1,35.091393987406775,1.895e-05,-10.315,0.0,0.0,0.0,0.0,78.638,271.321,1.906e-05,0.118,0.0,0.027,0.049,0.0,78.638,235.927,0.01156,-0.321,0.0,0.0,0.33,0.02,83.2,114.954
2021-02-17,-13.95,33.4402056671662,2.248e-11,-10.588,0.0,0.0,0.0,0.274,82.938,271.173,1.14e-07,-0.315,0.0,0.027,0.049,0.272,82.938,235.862,0.01161,-0.29,0.0,0.0,0.324,0.374,87.374,116.205
2021-02-18,-11.1,32.17317816127735,1.854e-11,-10.664,0.0,0.0,0.0,0.289,82.938,270.886,1.146e-07,-0.26,0.0,0.028,0.049,0.286,82.938,235.066,0.01166,-0.272,0.0,0.0,0.317,0.06,87.376,117.075
2021-02-19,-7.2,30.731284592190008,1.816e-11,-10.254,0.0,0.0,0.0,0.442,82.938,270.444,1.143e-07,0.045,0.0,0.028,0.049,0.438,82.938,234.194,0.0117,-0.25,0.0,0.0,0.313,0.125,87.334,118.123
2021-02-20,-8.55,29.244652130804585,4.628e-06,-9.941,0.0,0.0,0.0,0.089,83.924,270.436,4.742e-06,0.062,0.0,0.027,0.049,0.088,83.924,234.168,0.01175,-0.231,0.0,0.0,0.318,0.232,88.219,119.215
2021-02-21,-9.1,27.858430639142853,1.744e-11,-9.839,0.0,0.0,0.0,0.271,84.91,270.212,1.131e-07,0.03,0.0,0.027,0.049,0.269,84.91,233.951,0.01181,-0.218,0.0,0.0,0.328,0.107,89.144,120.195
2021-02-22,-6.45,26.42757470040753,6.17e-06,-9.527,0.0,0.0,0.0,0.039,86.247,270.209,6.283e-06,0.217,0.0,0.027,0.049,0.039,86.247,233.911,0.0119,-0.199,0.0,0.0,0.339,0.273,90.369,121.212
2021-02-23,0.2,24.440596575778155,2.333e-06,-8.471,0.161,0.0,0.0,0.262,86.665,272.71,2.315e-06,0.765,0.018,0.027,0.049,0.262,86.665,236.773,0.012,-0.16,0.018,0.0,0.352,0.251,92.005,122.821
2021-02-24,1.55,21.50280402413672,5.351e-05,-7.415,10.392,0.0,0.0,0.0,81.191,275.749,1.158e-05,1.049,0.248,0.028,0.05,0.0,81.191,251.733,0.01219,-0.114,2.072,0.0,0.385,0.009,93.496,125.738
2021-02-25,-5.55,18.67715554822753,4.795e-06,-7.3,0.682,0.0,0.0,0.0,77.184,275.749,2.549e-06,0.566,0.0,0.03,0.051,0.0,77.184,253.337,0.01235,0.019,0.317,0.0,0.395,0.15,94.849,128.387
2021-02-26,-9.15,17.056490720138637,1.202e-06,-7.569,0.067,0.0,0.0,0.59,77.734,275.286,1.314e-07,0.224,0.0,0.032,0.052,0.589,77.734,253.669,0.01256,0.06,0.028,0.0,0.418,0.524,95.034,129.52
2021-02-27,-2.25,15.499475860403596,1.097e-05,-7.154,0.007,0.0,0.0,0.0,80.021,275.286,1.049e-05,0.607,0.0,0.033,0.052,0.0,80.021,253.893,0.01277,0.092,0.003,0.0,0.421,0.217,97.015,130.596
2021-02-28,1.1,12.76320561019067,4.636e-05,-6.397,10.943,0.0,0.0,0.451,76.34,275.85,1.733e-06,0.964,0.207,0.046,0.061,0.451,76.34,266.806,0.01297,0.136,0.207,0.0,0.429,0.455,98.907,133.597
2021-03-01,-6.1,9.9960565633753,2.262e-05,-6.678,0.723,0.0,0.0,0.27,74.86,275.707,2.029e-05,0.52,0.0,0.057,0.062,0.27,74.86,268.208,0.01323,0.154,0.0,0.0,0.456,0.897,102.555,136.066
2021-03-02,-14.8,7.345007778354366,1.302e-06,-7.425,0.071,0.0,0.0,0.248,79.346,275.461,2.113e-07,-0.145,0.0,0.051,0.051,0.248,79.346,268.762,0.01352,0.152,0.0,0.0,0.497,0.397,106.344,138.173
2021-03-03,-7.15,5.996088362328851,3.746e-06,-7.355,0.008,0.0,0.0,0.0,79.982,275.461,3.337e-06,0.163,0.0,0.061,0.062,0.0,79.982,268.28,0.01391,0.295,0.0,0.0,0.541,0.073,106.95,138.924
2021-03-04,-8.7,4.997325755810488,3.357e-07,-7.403,0.001,0.0,0.0,0.426,80.619,275.162,2.809e-07,0.149,0.0,0.068,0.062,0.426,80.619,268.072,0.01434,0.37,0.0,0.0,0.576,0.195,107.537,139.307
2021-03-05,-12.3,4.251087763821245,1.704e-07,-7.726,0.0,0.0,0.0,0.475,80.619,274.687,2.444e-07,-0.09,0.0,0.059,0.051,0.475,80.619,267.725,0.01476,0.383,0.0,0.0,0.584,0.175,107.411,139.419
2021-03-06,-10.3,3.657611126767603,8.654e-08,-7.854,0.0,0.0,0.0,0.139,80.619,274.548,2.175e-07,-0.031,0.0,0.053,0.051,0.139,80.619,267.28,0.01518,0.393,0.0,0.0,0.59,-0.003,107.36,139.372
2021-03-07,-10.6,2.996249166867981,4.395e-08,-8.07,0.0,0.0,0.0,0.293,80.619,274.255,1.975e-07,-0.036,0.0,0.048,0.051,0.292,80.619,266.794,0.01558,0.407,0.0,0.0,0.591,0.113,107.341,139.393
2021-03-08,-8.55,2.378710862944389,2.232e-08,-8.218,0.0,0.0,0.0,0.362,80.619,273.893,2.362e-07,0.095,0.0,0.057,0.061,0.361,80.619,266.172,0.01596,0.428,0.0,0.0,0.592,0.122,107.259,139.368
2021-03-09,-1.15,1.0311846939456644,3.758e-06,-7.505,0.0,0.0,0.0,0.0,81.348,274.005,4.01e-06,0.624,0.0,0.064,0.061,0.0,81.348,266.262,0.01632,0.466,0.0,0.0,0.592,0.057,107.975,140.112
2021-03-10,2.4,0.4194909398166652,9.159e-05,-6.78,22.449,0.0,0.0,0.0,69.141,275.991,6.323e-05,1.056,16.188,0.093,0.079,0.0,69.141,275.831,0.01668,0.629,0.508,0.0,0.602,-0.572,102.35,153.177
2021-03-11,10.0,0.07838410128405914,0.0002054,-5.239,50.144,0.0,0.0,0.007,30.441,276.077,0.0002116,3.91,51.295,0.104,0.072,0.007,30.441,275.953,0.018,0.588,1.098,0.0,1.574,-1.494,76.512,191.897
2021-03-12,1.55,0.03561030847101092,3.867e-05,-4.753,8.932,0.002,0.041,0.32,2.339,276.051,6.723e-05,1.571,15.631,0.116,0.075,0.331,2.339,276.061,0.02668,0.689,0.128,0.0,5.23,0.243,51.625,198.702
2021-03-13,-5.75,0.6262322624461671,8.447e-06,-4.728,0.681,0.003,0.041,0.283,0.008,275.804,2.033e-05,-2.612,3.501,0.089,0.046,0.293,0.008,276.075,0.03687,0.576,0.0,0.0,5.939,0.443,45.312,193.828
2021-03-14,-8.25,2.3619474406920666,5.731e-06,-5.004,0.071,0.005,0.039,0.004,0.302,275.757,7.33e-06,-4.065,0.278,0.068,0.041,0.004,0.302,271.078,0.04452,0.543,0.0,0.0,4.836,0.262,44.609,187.31
2021-03-15,-13.75,6.954210958906999,2.131e-06,-5.852,0.008,0.003,0.0,0.043,0.588,275.752,3.01e-06,-7.15,0.029,0.052,0.041,0.043,0.588,263.541,0.05002,0.387,0.0,0.0,3.925,0.25,44.782,178.727
2021-03-16,-7.4,8.704963725121356,1.085e-06,-6.191,0.001,0.002,0.0,0.614,0.588,275.224,1.585e-06,-3.919,0.003,0.04,0.04,0.611,0.588,250.247,0.05404,0.197,0.0,0.0,3.29,0.483,44.599,173.599
2021-03-17,1.5,7.1086835550439025,5.532e-07,-5.638,0.002,0.002,0.0,0.864,0.294,274.946,8.804e-07,1.115,0.001,0.039,0.051,0.883,0.294,243.269,0.057,0.268,2.589,0.0,2.844,0.544,42.831,172.114
2021-03-18,-2.15,6.889665774935956,2.847e-06,-5.251,0.039,0.001,0.0,0.594,0.0,275.41,2.926e-06,-1.07,0.001,0.033,0.046,0.608,0.0,245.479,0.0593,0.292,2.981,0.0,2.591,0.539,39.82,170.111
2021-03-19,-7.3,11.257136878647248,1.535e-07,-5.343,0.002,0.001,0.0,0.696,0.0,274.714,2.938e-07,-4.378,0.0,0.026,0.041,0.718,0.0,242.914,0.06093,0.109,0.251,0.0,2.316,0.825,38.01,163.497
2021-03-20,0.8,9.830096421279407,8.729e-08,-4.741,0.0,0.003,0.04,0.683,0.0,273.983,2.107e-07,0.464,0.0,0.028,0.051,0.698,0.0,234.98,0.06185,0.273,3.673,0.0,1.976,0.467,34.885,163.928
2021-03-21,6.65,4.028354614093575,4.961e-07,-3.64,0.0,0.004,0.04,0.591,0.0,273.543,6.105e-07,4.497,0.0,0.029,0.05,0.602,0.0,235.197,0.06267,0.323,1.341,0.0,1.979,0.084,25.226,180.45
2021-03-22,9.45,3.460813043753375e-05,4.028e-08,-2.42,0.0,0.005,0.04,1.154,0.0,272.341,1.497e-07,6.53,0.0,0.03,0.05,1.188,0.0,240.95,0.06599,2.105,0.113,0.0,3.262,0.974,13.658,189.443
2021-03-23,11.0,0.0,3.352e-08,-1.192,0.0,0.006,0.041,1.27,0.0,271.022,1.402e-07,7.684,0.0,0.031,0.05,1.319,0.0,249.966,0.07088,5.708,0.011,0.0,4.213,1.394,7.265,187.335
2021-03-24,10.3,0.0,4.27e-06,-0.111,0.035,0.013,0.051,0.448,0.0,272.249,4.152e-06,7.457,0.007,0.042,0.059,0.47,0.0,263.794,0.07574,7.558,0.008,0.0,4.5,0.448,3.676,187.634
2021-03-25,14.9,0.0,6.613e-07,1.256,0.002,0.037,0.065,0.59,0.0,271.692,4.856e-06,10.054,0.708,0.062,0.068,0.617,0.0,275.203,0.08096,11.179,0.0,0.0,4.921,0.498,0.919,184.47
2021-03-26,7.8,0.0,0.0001038,1.785,13.992,0.067,0.075,0.412,0.0,275.798,0.0001861,6.069,33.62,0.095,0.082,0.429,0.0,275.99,0.08597,8.625,0.369,0.0,4.865,1.135,0.0,197.259
2021-03-27,1.6,0.40776507422047176,3.901e-06,1.781,0.959,0.079,0.067,1.209,0.0,274.409,4.453e-05,2.248,10.683,0.109,0.075,1.272,0.0,275.49,0.09204,3.414,0.0,0.0,5.516,2.845,0.0,189.15
2021-03-28,4.45,0.0,7.04e-05,2.004,9.905,0.092,0.07,0.335,0.0,275.837,9.065e-05,3.471,14.315,0.116,0.072,0.348,0.0,276.046,0.09666,5.493,0.209,0.0,4.808,0.894,0.0,195.488
2021-03-29,0.8,0.13514887701744693,1.422e-05,1.861,2.053,0.099,0.069,0.461,0.0,275.796,2.097e-05,1.466,3.178,0.117,0.069,0.48,0.0,276.012,0.1017,3.665,0.01,0.0,5.142,1.472,0.0,191.087
2021-03-30,5.95,0.0009872891564420118,7.23e-06,2.071,0.625,0.104,0.068,0.556,0.0,275.752,9.362e-06,4.156,0.784,0.117,0.068,0.579,0.0,275.971,0.1052,5.949,0.085,0.0,4.414,1.32,0.0,186.969
2021-03-31,9.15,0.0,1.473e-05,2.656,1.817,0.108,0.069,0.425,0.0,275.84,1.773e-05,6.229,2.31,0.118,0.069,0.442,0.0,276.068,0.1075,8.376,0.017,0.0,3.912,0.751,0.0,184.611
2021-04-01,-1.9,0.5056443723625417,1.518e-05,2.221,0.124,0.109,0.068,0.0,3.034,275.658,1.76e-05,1.537,0.621,0.118,0.068,0.0,3.034,276.203,0.1091,2.94,0.0,0.0,3.556,1.204,0.521,184.178
2021-04-02,-4.2,3.851386567121628,9.997e-07,1.485,0.012,0.11,0.067,0.442,6.067,275.168,1.449e-06,0.696,0.045,0.116,0.067,0.442,6.067,275.756,0.1103,1.797,0.0,0.0,3.424,1.37,0.725,177.255
2021-04-03,-0.1,1.9518793313898137,1.881e-05,1.045,4.326,0.113,0.069,0.775,3.034,275.619,2.025e-05,0.812,4.572,0.114,0.066,0.813,3.034,275.851,0.1105,2.279,0.078,0.0,2.906,0.989,0.204,175.681
2021-04-04,4.05,0.007864239507878474,1.723e-06,1.355,0.292,0.113,0.067,0.946,0.0,274.494,1.872e-06,3.009,0.312,0.113,0.067,0.992,0.0,274.674,0.1102,4.152,0.0,0.0,2.638,1.515,0.0,173.428
2021-04-05,6.25,0.0,1.103e-06,1.844,0.029,0.112,0.066,1.045,0.0,273.273,1.18e-06,5.004,0.031,0.112,0.066,1.096,0.0,273.678,0.1093,5.7,0.0,0.0,2.341,1.816,0.0,169.278
2021-04-06,6.65,0.0,7.848e-07,2.306,0.003,0.11,0.066,0.908,0.0,272.194,8.252e-07,5.969,0.003,0.111,0.066,0.954,0.0,272.797,0.1078,6.47,0.0,0.0,2.02,1.737,0.0,165.521
2021-04-07,10.1,0.0,6.188e-07,3.061,0.0,0.108,0.065,0.925,0.0,271.101,6.408e-07,8.155,0.0,0.109,0.065,0.977,0.0,271.652,0.106,8.843,0.0,0.0,1.761,1.576,0.0,162.183
2021-04-08,13.15,0.0,5.291e-07,3.987,0.0,0.106,0.064,1.736,0.0,269.202,5.419e-07,10.608,0.0,0.106,0.064,1.839,0.0,269.649,0.1038,10.025,0.0,0.0,1.542,2.822,0.0,157.821
2021-04-09,15.55,0.0,4.763e-07,5.036,0.0,0.103,0.063,1.805,0.0,267.239,4.846e-07,12.811,0.0,0.103,0.063,1.921,0.0,267.57,0.1013,11.731,0.0,0.0,1.323,2.846,0.0,153.651
2021-04-10,16.45,0.0,4.41e-07,6.07,0.0,0.099,0.062,2.301,0.0,264.787,4.469e-07,14.162,0.0,0.099,0.062,2.441,0.0,264.979,0.09851,12.087,0.0,0.0,1.133,3.516,0.0,149.004
2021-04-11,13.35,0.0,4.138e-07,6.677,0.0,0.095,0.061,1.746,0.0,262.898,4.184e-07,13.147,0.0,0.095,0.061,1.844,0.0,262.991,0.09556,11.253,0.0,0.0,0.959,3.124,0.0,144.922
2021-04-12,11.7,0.0,6.123e-07,7.077,0.0,0.09,0.06,0.904,0.0,261.955,6.164e-07,11.969,0.0,0.091,0.06,0.949,0.0,262.004,0.09249,11.429,0.0,0.0,0.825,1.723,0.0,142.469
2021-04-13,11.2,0.0,3.728e-07,7.367,0.0,0.086,0.059,1.529,0.0,260.292,3.769e-07,11.307,0.0,0.086,0.059,1.608,0.0,260.262,0.0894,10.328,0.0,0.0,0.733,2.81,0.0,138.93
2021-04-14,10.95,0.0,3.537e-07,7.596,0.0,0.082,0.058,1.338,0.0,258.827,3.577e-07,10.96,0.0,0.082,0.058,1.406,0.0,258.73,0.08629,10.274,0.0,0.0,0.645,2.453,0.0,135.831
2021-04-15,7.3,0.0,4.972e-05,7.483,1.914,0.092,0.068,0.84,0.0,273.937,5.103e-05,9.012,2.125,0.092,0.068,0.877,0.0,273.574,0.08327,8.807,0.333,0.0,0.594,2.693,0.0,149.66
2021-04-16,2.05,0.0,9.375e-05,6.908,12.826,0.101,0.07,0.513,0.0,275.421,9.393e-05,5.453,12.39,0.101,0.07,0.531,0.0,275.495,0.08083,5.962,0.283,0.0,0.845,1.666,0.0,162.767
2021-04-17,4.35,0.0,1.523e-05,6.612,2.208,0.106,0.068,0.886,0.0,275.261,1.529e-05,5.291,2.176,0.106,0.068,0.921,0.0,275.333,0.07952,6.141,0.013,0.0,1.374,2.528,0.0,161.866
2021-04-18,7.05,0.0,2.799e-06,6.586,0.184,0.107,0.067,1.372,0.0,273.711,2.848e-06,6.642,0.184,0.107,0.067,1.432,0.0,273.722,0.07847,6.913,0.0,0.0,1.465,2.343,0.0,158.095
2021-04-19,9.0,0.0,1.644e-06,6.735,0.019,0.107,0.066,1.562,0.0,271.975,1.669e-06,8.156,0.019,0.107,0.066,1.635,0.0,271.914,0.0772,7.92,0.0,0.0,1.319,2.532,0.0,154.246
2021-04-20,6.45,0.0,3.258e-06,6.645,0.003,0.106,0.065,0.745,0.0,272.059,3.271e-06,7.402,0.003,0.106,0.065,0.774,0.0,271.969,0.07569,7.969,0.001,0.0,1.164,1.492,0.0,152.548
2021-04-21,-0.65,0.07643301737428142,3.18e-06,5.895,0.002,0.106,0.066,0.536,0.0,272.45,3.183e-06,3.398,0.002,0.105,0.065,0.555,0.0,272.346,0.07408,4.429,0.001,0.0,1.072,1.302,0.0,151.08
2021-04-22,-1.8,1.420996440924952,6.019e-07,5.124,0.0,0.105,0.065,0.793,0.0,271.489,6e-07,1.234,0.0,0.104,0.065,0.828,0.0,271.352,0.07238,2.844,0.0,0.0,0.985,1.646,0.0,147.294
2021-04-23,6.4,0.0,5.202e-07,5.195,0.0,0.104,0.065,1.399,0.0,269.925,5.159e-07,4.691,0.0,0.103,0.064,1.46,0.0,269.729,0.07061,5.619,0.0,0.0,0.901,2.078,0.0,145.703
2021-04-24,11.25,0.0,1.355e-06,5.706,0.0,0.102,0.064,0.817,0.0,269.346,1.35e-06,8.528,0.0,0.101,0.064,0.848,0.0,269.123,0.06877,10.267,0.0,0.0,0.825,0.837,0.0,144.35
2021-04-25,8.1,0.0,3.754e-06,5.858,0.004,0.101,0.064,0.959,0.0,269.723,3.75e-06,8.326,0.004,0.1,0.064,0.995,0.0,269.464,0.06692,8.438,0.004,0.0,0.77,2.279,0.0,142.868
2021-04-26,1.75,0.34297566042150707,4.318e-07,5.422,0.0,0.099,0.063,1.498,0.0,268.067,4.281e-07,4.926,0.0,0.098,0.063,1.561,0.0,267.746,0.06505,4.024,0.0,0.0,0.718,2.295,0.0,139.543
2021-04-27,6.1,0.023025247088378175,4.172e-07,5.412,0.0,0.097,0.062,1.697,0.0,266.218,4.141e-07,5.912,0.0,0.096,0.062,1.768,0.0,265.828,0.06314,5.616,0.0,0.0,0.648,2.645,0.0,136.563
2021-04-28,11.85,0.0,7.201e-05,5.976,6.877,0.109,0.073,1.338,0.0,274.719,7.158e-05,9.294,6.453,0.108,0.073,1.389,0.0,274.711,0.06127,9.516,0.318,0.0,0.601,4.248,0.0,148.159
2021-04-29,12.0,0.0,3.349e-05,6.507,4.543,0.112,0.069,1.06,0.0,275.027,3.343e-05,10.687,4.482,0.111,0.069,1.099,0.0,275.036,0.05975,10.905,0.073,0.0,0.764,2.42,0.0,150.929
2021-04-30,6.05,0.0,0.0001102,6.398,16.432,0.116,0.07,0.948,0.0,275.187,0.0001102,8.105,16.399,0.115,0.07,0.981,0.0,275.195,0.05881,7.868,0.342,0.0,0.996,3.074,0.0,164.991
2021-05-01,4.5,0.0,7.252e-06,6.217,1.107,0.116,0.068,0.856,0.0,274.949,7.242e-06,6.34,1.106,0.115,0.068,0.884,0.0,274.928,0.05884,7.79,0.0,0.0,1.512,2.115,0.0,162.817
2021-05-02,9.05,0.0,3.019e-06,6.5,0.109,0.114,0.067,1.794,0.0,272.977,3.013e-06,8.017,0.109,0.114,0.067,1.859,0.0,272.893,0.05896,8.657,0.0,0.0,1.539,3.192,0.0,158.191
2021-05-03,5.4,0.0,4.187e-06,6.389,0.013,0.112,0.066,1.36,0.0,272.542,4.184e-06,6.836,0.013,0.112,0.066,1.405,0.0,272.413,0.05871,6.822,0.001,0.0,1.347,2.712,0.0,155.217
2021-05-04,10.1,0.0,3.547e-06,6.743,0.003,0.111,0.066,0.902,0.0,272.566,3.545e-06,8.748,0.003,0.111,0.066,0.929,0.0,272.41,0.05819,10.386,0.001,0.0,1.206,1.576,0.0,153.398
2021-05-05,9.25,0.0,6.833e-05,6.97,8.808,0.117,0.072,0.86,0.0,275.212,6.816e-05,9.098,8.628,0.117,0.072,0.885,0.0,275.214,0.05766,10.313,0.224,0.0,1.171,2.257,0.0,162.336
2021-05-06,6.4,0.0,1.094e-05,6.903,1.401,0.117,0.068,0.842,0.0,275.231,1.091e-05,7.754,1.375,0.117,0.068,0.867,0.0,275.233,0.05763,9.093,0.008,0.0,1.439,2.264,0.0,161.01
2021-05-07,7.8,0.0,2.101e-06,6.994,0.117,0.116,0.067,1.957,0.0,273.096,2.096e-06,7.944,0.116,0.116,0.067,2.022,0.0,273.033,0.05762,8.072,0.0,0.0,1.438,3.869,0.0,155.98
2021-05-08,9.8,0.0,1.737e-06,7.253,0.012,0.113,0.066,0.882,0.0,272.241,1.735e-06,9.072,0.012,0.113,0.066,0.907,0.0,272.154,0.05724,10.553,0.0,0.0,1.248,1.556,0.0,153.312
2021-05-09,9.3,0.0,1.324e-06,7.44,0.001,0.111,0.065,1.061,0.0,271.211,1.323e-06,9.27,0.001,0.111,0.065,1.092,0.0,271.092,0.05662,11.057,0.0,0.0,1.115,1.759,0.0,150.636
2021-05-10,10.85,0.0,6.679e-07,7.756,0.0,0.108,0.065,1.366,0.0,269.679,6.671e-07,10.139,0.0,0.108,0.065,1.41,0.0,269.517,0.05582,11.159,0.0,0.0,1.002,2.659,0.0,147.039
2021-05-11,8.2,0.0,5.518e-07,7.772,0.0,0.105,0.064,1.714,0.0,267.805,5.512e-07,9.15,0.0,0.105,0.064,1.769,0.0,267.587,0.05481,8.801,0.0,0.0,0.879,3.376,0.0,142.785
2021-05-12,9.6,0.0,7.062e-07,7.93,0.0,0.102,0.063,0.936,0.0,266.813,7.057e-07,9.473,0.0,0.102,0.063,0.964,0.0,266.569,0.05362,10.933,0.0,0.0,0.76,1.615,0.0,140.459
2021-05-13,11.7,0.0,4.455e-07,8.282,0.0,0.098,0.062,1.873,0.0,264.79,4.449e-07,10.684,0.0,0.098,0.062,1.932,0.0,264.487,0.05233,10.9,0.0,0.0,0.677,3.475,0.0,136.36
2021-05-14,14.6,0.0,4.163e-07,8.872,0.0,0.094,0.061,1.957,0.0,262.689,4.156e-07,12.63,0.0,0.094,0.061,2.019,0.0,262.326,0.05093,12.636,0.0,0.0,0.59,3.371,0.0,132.399
2021-05-15,15.45,0.0,3.906e-07,9.474,0.0,0.089,0.059,3.119,0.0,259.436,3.897e-07,13.831,0.0,0.089,0.059,3.216,0.0,258.977,0.04944,12.081,0.0,0.0,0.508,5.105,0.0,126.788
2021-05-16,15.0,0.0,3.625e-07,9.962,0.0,0.083,0.057,2.428,0.0,256.885,3.613e-07,14.113,0.0,0.083,0.057,2.501,0.0,256.354,0.04787,12.702,0.0,0.0,0.426,4.069,0.0,122.292
2021-05-17,15.45,0.0,3.327e-07,10.445,0.0,0.077,0.056,3.348,0.0,253.424,3.313e-07,14.477,0.0,0.076,0.055,3.446,0.0,252.795,0.04623,12.095,0.0,0.0,0.359,5.393,0.0,116.542
2021-05-18,17.5,0.0,2.99e-07,11.057,0.0,0.069,0.053,3.309,0.0,250.014,2.972e-07,15.678,0.0,0.068,0.053,3.403,0.0,249.293,0.04457,13.519,0.0,0.0,0.3,4.896,0.0,111.348
2021-05-19,17.6,0.0,2.634e-07,11.618,0.0,0.061,0.052,2.223,0.0,247.7,2.613e-07,16.238,0.0,0.06,0.051,2.284,0.0,246.92,0.04288,14.774,0.0,0.0,0.251,3.522,0.0,107.574
2021-05-20,21.95,0.0,2.314e-07,12.537,0.0,0.054,0.051,2.577,0.0,245.039,2.299e-07,18.677,0.0,0.053,0.05,2.644,0.0,244.193,0.04121,17.904,0.0,0.0,0.213,3.398,0.0,103.962
2021-05-21,24.2,0.0,6.598e-06,13.558,0.021,0.048,0.05,1.829,0.0,246.007,6.597e-06,20.807,0.021,0.047,0.05,1.865,0.0,245.125,0.03957,21.053,0.021,0.0,0.185,2.199,0.0,104.029
2021-05-22,21.85,0.0,2.394e-06,14.228,0.001,0.044,0.05,2.165,0.0,244.759,2.393e-06,20.532,0.001,0.043,0.05,2.208,0.0,243.834,0.03796,20.147,0.001,0.0,0.167,3.139,0.0,102.088
2021-05-23,13.0,0.0,1.499e-06,13.979,0.0,0.041,0.05,1.626,0.0,243.651,1.499e-06,15.79,0.0,0.04,0.05,1.653,0.0,242.7,0.03641,15.288,0.0,0.0,0.155,2.819,0.0,99.681
2021-05-24,11.6,0.0,1.672e-07,13.632,0.0,0.039,0.05,3.609,0.0,239.96,1.666e-07,13.385,0.0,0.038,0.05,3.646,0.0,238.973,0.03491,11.889,0.0,0.0,0.141,4.95,0.0,94.69
2021-05-25,16.5,0.0,3.798e-07,13.799,0.0,0.037,0.05,1.783,0.0,238.196,3.794e-07,15.144,0.0,0.036,0.05,1.802,0.0,237.19,0.03345,15.89,0.0,0.0,0.126,1.812,0.0,92.771
2021-05-26,23.55,0.0,7.425e-06,14.621,0.027,0.035,0.05,3.825,0.0,237.564,7.425e-06,19.432,0.027,0.035,0.05,3.862,0.0,236.522,0.0,19.029,0.027,0.0,0.112,5.443,0.0,90.484
2021-05-27,10.45,0.0,1.477e-07,14.093,0.0,0.034,0.049,3.289,0.0,234.196,1.473e-07,14.023,0.0,0.034,0.049,3.303,0.0,233.139,0.0,11.937,0.0,0.0,0.102,4.508,0.0,85.961
2021-05-28,5.85,0.0,1.43e-07,13.172,0.0,0.033,0.049,2.742,0.0,231.375,1.426e-07,9.754,0.0,0.032,0.049,2.751,0.0,230.31,0.0,8.648,0.0,0.0,0.093,3.183,0.0,82.685
2021-05-29,9.95,0.0,1.384e-07,12.763,0.0,0.032,0.049,3.978,0.0,227.32,1.379e-07,10.452,0.0,0.031,0.049,3.99,0.0,226.244,0.0,9.444,0.0,0.0,0.082,4.045,0.0,78.56
2021-05-30,10.2,0.0,5.643e-06,12.422,0.015,0.031,0.049,2.207,0.0,227.521,5.643e-06,10.773,0.015,0.03,0.048,2.219,0.0,226.434,0.0,10.772,0.015,0.0,0.072,3.565,0.0,77.289
2021-05-31,10.85,0.0,1.71e-05,12.175,0.108,0.03,0.049,1.841,0.0,233.196,1.71e-05,11.166,0.108,0.029,0.048,1.85,0.0,232.101,0.0,11.445,0.108,0.0,0.065,2.851,0.0,80.049
2021-06-01,14.7,0.0,5.685e-07,12.419,0.0,0.029,0.048,3.419,0.0,229.901,5.679e-07,13.329,0.0,0.029,0.048,3.438,0.0,228.788,0.0,13.172,0.0,0.0,0.059,4.967,0.0,77.249
2021-06-02,17.55,0.0,1.244e-07,12.916,0.0,0.028,0.048,4.611,0.0,225.216,1.237e-07,15.569,0.0,0.028,0.048,4.624,0.0,224.091,0.0,14.679,0.0,0.0,0.055,4.556,0.0,72.645
2021-06-03,16.2,0.0,1.29e-05,13.133,0.071,0.028,0.048,2.463,0.0,228.409,1.29e-05,15.617,0.071,0.027,0.048,2.469,0.0,227.279,0.0,15.497,0.071,0.0,0.053,3.015,0.0,74.003
2021-06-04,20.55,0.0,2.763e-06,13.8,0.002,0.027,0.048,3.283,0.0,226.251,2.762e-06,18.029,0.002,0.026,0.047,3.297,0.0,225.109,0.0,18.555,0.002,0.0,0.05,3.021,0.0,73.132
2021-06-05,21.65,0.0,1.466e-05,14.498,0.086,0.026,0.048,3.79,0.0,228.904,1.466e-05,19.459,0.086,0.026,0.047,3.805,0.0,227.747,0.0,19.21,0.086,0.0,0.049,4.973,0.0,73.915
2021-06-06,24.1,0.0,1.435e-06,15.374,0.0,0.025,0.047,4.894,0.0,224.539,1.434e-06,21.33,0.0,0.025,0.047,4.913,0.0,223.364,0.0,20.137,0.0,0.0,0.048,5.467,0.0,69.986
2021-06-07,25.8,0.0,1.102e-07,16.299,0.0,0.025,0.047,7.215,0.0,217.254,1.092e-07,22.866,0.0,0.024,0.047,7.215,0.0,216.079,0.0,20.088,0.0,0.0,0.047,6.001,0.0,63.963
2021-06-08,24.85,0.0,9.889e-07,16.995,0.0,0.024,0.047,3.819,0.0,213.766,9.879e-07,22.885,0.0,0.024,0.047,3.823,0.0,212.588,0.0,21.87,0.0,0.0,0.045,3.233,0.0,60.917
2021-06-09,20.75,0.0,5.614e-06,17.248,0.015,0.023,0.046,3.495,0.0,212.688,5.613e-06,20.791,0.015,0.023,0.046,3.508,0.0,211.498,0.0,19.842,0.015,0.0,0.044,4.236,0.0,58.792
2021-06-10,15.35,0.0,1.022e-07,16.937,0.0,0.023,0.046,4.446,0.0,208.174,1.011e-07,17.268,0.0,0.023,0.046,4.446,0.0,206.984,0.0,15.17,0.0,0.0,0.042,5.481,0.0,53.77
2021-06-11,16.65,0.0,3.846e-06,16.785,0.006,0.022,0.046,3.269,0.0,206.533,3.845e-06,16.857,0.006,0.022,0.046,3.28,0.0,205.332,0.0,16.571,0.006,0.0,0.038,3.779,0.0,51.343
2021-06-12,17.35,0.0,9.754e-08,16.759,0.0,0.022,0.046,4.726,0.0,201.741,9.641e-08,17.049,0.0,0.021,0.046,4.726,0.0,200.541,0.0,15.336,0.0,0.0,0.035,4.93,0.0,46.704
2021-06-13,19.1,0.0,3.159e-07,16.912,0.0,0.021,0.046,2.959,0.0,198.816,3.148e-07,17.974,0.0,0.021,0.046,2.959,0.0,197.616,0.0,17.261,0.0,0.0,0.032,3.05,0.0,43.761
2021-06-14,17.75,0.0,3.557e-05,16.853,0.287,0.021,0.046,2.543,0.0,212.021,3.557e-05,17.574,0.287,0.02,0.045,2.55,0.0,210.815,0.0,16.775,0.287,0.0,0.03,3.488,0.0,52.236
2021-06-15,16.55,0.0,6.041e-06,16.725,0.018,0.02,0.046,2.85,0.0,211.789,6.039e-06,16.829,0.018,0.02,0.045,2.858,0.0,210.576,0.0,16.187,0.018,0.0,0.029,3.422,0.0,52.886
2021-06-16,13.45,0.0,8.931e-08,16.306,0.0,0.02,0.045,4.177,0.0,207.548,8.648e-08,14.912,0.0,0.019,0.045,4.177,0.0,206.336,0.0,13.144,0.0,0.0,0.028,6.04,0.0,49.161
2021-06-17,15.05,0.0,8.78e-08,16.116,0.0,0.02,0.045,4.53,0.0,202.954,8.469e-08,15.175,0.0,0.019,0.045,4.53,0.0,201.743,0.0,13.266,0.0,0.0,0.027,4.542,0.0,44.595
2021-06-18,17.4,0.0,6.256e-06,16.163,0.019,0.019,0.045,3.403,0.0,202.269,6.253e-06,16.452,0.019,0.018,0.045,3.414,0.0,201.048,0.0,15.296,0.019,0.0,0.023,4.756,0.0,42.363
2021-06-19,19.5,0.0,7.135e-06,16.394,0.025,0.019,0.045,2.936,0.0,202.445,7.132e-06,17.955,0.025,0.018,0.045,2.944,0.0,201.218,0.0,17.145,0.025,0.0,0.022,3.413,0.0,41.495
2021-06-20,19.6,0.0,8.206e-08,16.627,0.0,0.018,0.045,4.606,0.0,197.776,7.847e-08,18.496,0.0,0.018,0.045,4.606,0.0,196.551,0.0,16.393,0.0,0.0,0.022,4.788,0.0,38.276
2021-06-21,23.85,0.0,4.486e-06,17.242,0.009,0.018,0.045,3.485,0.0,196.222,4.484e-06,20.85,0.009,0.017,0.044,3.495,0.0,194.986,0.0,19.792,0.009,0.0,0.022,2.983,0.0,37.18
2021-06-22,14.75,0.0,8.45e-06,16.897,0.035,0.017,0.044,3.179,0.0,196.749,8.448e-06,16.955,0.035,0.017,0.044,3.188,0.0,195.505,0.0,15.193,0.035,0.0,0.022,5.216,0.0,36.213
2021-06-23,13.15,0.0,7.372e-08,16.448,0.0,0.017,0.044,5.321,0.0,191.369,7.226e-08,14.92,0.0,0.016,0.044,5.321,0.0,190.125,0.0,12.589,0.0,0.0,0.021,4.478,0.0,34.249
2021-06-24,17.2,0.0,7.029e-08,16.472,0.0,0.016,0.043,4.79,0.0,186.522,6.92e-08,16.333,0.0,0.015,0.043,4.794,0.0,185.275,0.0,14.245,0.0,0.0,0.02,3.186,0.0,32.857
2021-06-25,20.45,0.0,6.483e-08,16.763,0.0,0.015,0.042,5.807,0.0,180.662,6.401e-08,18.402,0.0,0.014,0.041,5.807,0.0,179.416,0.0,16.484,0.0,0.0,0.018,2.583,0.0,31.475
2021-06-26,20.5,0.0,3.774e-05,16.988,0.309,0.013,0.04,4.196,0.0,193.21,3.774e-05,19.116,0.309,0.013,0.039,4.208,0.0,191.953,0.0,16.939,0.309,0.0,0.017,5.352,0.0,33.677
2021-06-27,26.45,0.0,1.151e-06,17.784,0.0,0.011,0.039,4.726,0.0,188.937,1.151e-06,22.791,0.0,0.011,0.039,4.74,0.0,187.667,0.0,20.555,0.0,0.0,0.017,5.412,0.0,32.282
2021-06-28,25.8,0.0,4.854e-07,18.422,0.0,0.01,0.039,3.995,0.0,185.096,4.851e-07,23.551,0.0,0.01,0.039,4.003,0.0,183.818,0.0,21.738,0.0,0.0,0.017,3.171,0.0,31.255
2021-06-29,24.9,0.0,1.143e-06,18.904,0.0,0.01,0.039,3.572,0.0,181.978,1.143e-06,23.319,0.0,0.009,0.038,3.582,0.0,180.69,0.0,21.766,0.0,0.0,0.018,2.417,0.0,30.432
2021-06-30,22.35,0.0,1.48e-05,19.101,0.088,0.009,0.039,3.214,0.0,185.329,1.48e-05,21.935,0.088,0.009,0.038,3.227,0.0,184.03,0.0,20.199,0.088,0.0,0.019,3.852,0.0,30.546
2021-07-01,19.15,0.0,2.57e-07,18.954,0.0,0.009,0.039,2.76,0.0,182.623,2.569e-07,19.829,0.0,0.008,0.038,2.777,0.0,181.307,0.0,18.494,0.0,0.0,0.02,3.289,0.0,29.749
2021-07-02,15.9,0.0,2.009e-05,18.495,0.137,0.008,0.039,3.589,0.0,187.951,2.009e-05,17.449,0.137,0.008,0.038,3.613,0.0,186.612,0.0,15.772,0.137,0.0,0.019,5.525,0.0,30.129
2021-07-03,14.6,0.0,2.546e-07,17.965,0.0,0.008,0.038,2.307,0.0,185.699,2.545e-07,15.936,0.0,0.008,0.038,2.321,0.0,184.346,0.0,15.055,0.0,0.0,0.018,3.252,0.0,29.373
2021-07-04,15.65,0.0,3.346e-08,17.631,0.0,0.008,0.038,4.757,0.0,180.895,3.341e-08,16.005,0.0,0.008,0.038,4.788,0.0,179.513,0.0,13.974,0.0,0.0,0.017,3.602,0.0,28.191
2021-07-05,18.2,0.0,3.289e-08,17.623,0.0,0.008,0.038,6.975,0.0,173.876,3.286e-08,17.339,0.0,0.008,0.037,7.02,0.0,172.449,0.0,15.051,0.0,0.0,0.015,2.818,0.0,27.232
2021-07-06,22.5,0.0,1.795e-06,17.984,0.0,0.008,0.038,4.079,0.0,170.552,1.795e-06,19.998,0.0,0.007,0.037,4.107,0.0,169.098,0.0,18.285,0.0,0.0,0.014,1.755,0.0,26.678
2021-07-07,14.95,0.0,6.931e-07,17.57,0.0,0.007,0.037,3.309,0.0,167.498,6.93e-07,16.935,0.0,0.007,0.036,3.33,0.0,166.025,0.0,14.41,0.0,0.0,0.014,1.67,0.0,26.051
2021-07-08,15.1,0.0,1.413e-05,17.213,0.082,0.007,0.036,3.903,0.0,169.87,1.413e-05,16.016,0.082,0.007,0.035,3.921,0.0,168.381,0.0,14.012,0.082,0.0,0.014,5.786,0.0,25.889
2021-07-09,15.9,0.0,3.22e-05,16.972,0.254,0.007,0.036,3.469,0.0,180.705,3.22e-05,16.104,0.254,0.007,0.035,3.491,0.0,179.194,0.0,14.441,0.254,0.0,0.013,5.014,0.0,27.938
2021-07-10,17.1,0.0,3.06e-08,16.93,0.0,0.007,0.035,5.845,0.0,174.817,3.044e-08,16.769,0.0,0.007,0.034,5.881,0.0,173.271,0.0,14.053,0.0,0.0,0.012,7.034,0.0,26.111
2021-07-11,19.0,0.0,3.034e-08,17.062,0.0,0.007,0.035,4.463,0.0,170.313,3.017e-08,18.001,0.0,0.007,0.034,4.49,0.0,168.741,0.0,15.562,0.0,0.0,0.012,2.652,0.0,25.182
2021-07-12,21.7,0.0,2.675e-06,17.432,0.002,0.007,0.035,3.545,0.0,167.924,2.674e-06,19.815,0.002,0.007,0.034,3.568,0.0,166.331,0.0,18.721,0.002,0.0,0.012,1.649,0.0,24.733
2021-07-13,20.25,0.0,2.454e-06,17.572,0.001,0.007,0.035,4.008,0.0,164.974,2.454e-06,19.631,0.001,0.007,0.034,4.032,0.0,163.357,0.0,17.684,0.001,0.0,0.012,2.562,0.0,24.179
2021-07-14,23.05,0.0,8.403e-06,17.986,0.035,0.007,0.034,3.597,0.0,165.101,8.403e-06,21.066,0.035,0.007,0.033,3.62,0.0,163.464,0.0,19.916,0.035,0.0,0.013,2.827,0.0,23.94
2021-07-15,23.3,0.0,2.927e-08,18.407,0.0,0.007,0.033,5.831,0.0,159.231,2.907e-08,21.728,0.0,0.006,0.032,5.864,0.0,157.561,0.0,18.858,0.0,0.0,0.013,3.03,0.0,23.182
2021-07-16,20.3,0.0,1.131e-06,18.462,0.0,0.007,0.032,3.222,0.0,156.471,1.13e-06,20.371,0.0,0.006,0.031,3.241,0.0,154.782,0.0,18.866,0.0,0.0,0.013,0.939,0.0,22.819
2021-07-17,20.25,0.0,1.791e-06,18.515,0.0,0.006,0.031,2.773,0.0,154.46,1.791e-06,19.925,0.0,0.006,0.03,2.719,0.0,152.827,0.0,18.908,0.0,0.0,0.013,1.047,0.0,22.459
2021-07-18,19.3,0.0,5.556e-05,18.437,0.49,0.006,0.03,3.083,0.0,176.051,5.556e-05,19.284,0.49,0.006,0.029,3.101,0.0,174.401,0.0,18.383,0.489,0.0,0.013,3.624,0.0,33.357
2021-07-19,20.7,0.0,2.716e-08,18.532,0.0,0.006,0.03,6.382,0.0,169.633,2.695e-08,19.923,0.0,0.006,0.029,6.417,0.0,167.949,0.0,16.962,0.0,0.0,0.013,8.233,0.0,27.222
2021-07-20,19.6,0.0,1.479e-05,18.507,0.088,0.006,0.03,3.466,0.0,172.743,1.479e-05,19.49,0.088,0.006,0.029,3.486,0.0,171.04,0.0,17.64,0.088,0.0,0.013,5.025,0.0,26.747
2021-07-21,15.45,0.0,8.621e-06,18.07,0.036,0.006,0.03,2.736,0.0,173.835,8.621e-06,16.979,0.036,0.006,0.029,2.752,0.0,172.118,0.0,15.29,0.036,0.0,0.013,4.987,0.0,25.986
2021-07-22,17.3,0.0,2.629e-08,17.914,0.0,0.006,0.03,4.254,0.0,169.544,2.607e-08,17.244,0.0,0.006,0.029,4.277,0.0,167.806,0.0,15.156,0.0,0.0,0.013,4.536,0.0,23.897
2021-07-23,18.5,0.0,1.348e-06,17.881,0.0,0.006,0.03,3.922,0.0,166.187,1.348e-06,17.994,0.0,0.006,0.029,3.944,0.0,164.428,0.0,16.251,0.0,0.0,0.012,3.67,0.0,23.08
2021-07-24,19.3,0.0,2.593e-08,17.949,0.0,0.006,0.03,4.73,0.0,161.422,2.571e-08,18.661,0.0,0.006,0.029,4.755,0.0,159.639,0.0,16.221,0.0,0.0,0.012,3.087,0.0,22.294
2021-07-25,21.3,0.0,2.647e-05,18.162,0.198,0.006,0.029,3.112,0.0,170.076,2.647e-05,19.961,0.198,0.006,0.028,3.129,0.0,168.278,0.0,18.382,0.198,0.0,0.011,3.63,0.0,23.933
2021-07-26,21.3,0.0,1.789e-06,18.358,0.0,0.006,0.029,3.569,0.0,167.272,1.788e-06,20.445,0.0,0.006,0.028,3.588,0.0,165.456,0.0,18.603,0.0,0.0,0.011,4.585,0.0,22.835
2021-07-27,17.35,0.0,3.11e-05,18.131,0.244,0.006,0.029,2.808,0.0,178.284,3.11e-05,18.364,0.244,0.006,0.028,2.823,0.0,176.454,0.0,16.903,0.244,0.0,0.012,3.634,0.0,27.911
2021-07-28,16.85,0.0,2.542e-08,17.904,0.0,0.006,0.029,4.347,0.0,173.902,2.52e-08,17.419,0.0,0.006,0.028,4.369,0.0,172.052,0.0,14.867,0.0,0.0,0.012,6.173,0.0,25.039
2021-07-29,16.2,0.0,1.677e-05,17.637,0.106,0.006,0.029,4.0,0.0,177.361,1.677e-05,16.75,0.106,0.006,0.028,4.021,0.0,175.491,0.0,14.58,0.106,0.0,0.012,7.75,0.0,24.007
2021-07-30,15.0,0.0,4.873e-06,17.25,0.011,0.006,0.029,2.406,0.0,177.108,4.873e-06,15.825,0.011,0.006,0.028,2.419,0.0,175.228,0.0,14.811,0.011,0.0,0.011,3.119,0.0,23.438
2021-07-31,15.5,0.0,2.514e-08,17.003,0.0,0.006,0.029,4.975,0.0,172.099,2.492e-08,15.8,0.0,0.006,0.028,4.999,0.0,170.196,0.0,13.46,0.0,0.0,0.011,4.649,0.0,22.283
2021-08-01,15.15,0.0,9.501e-06,16.679,0.043,0.006,0.029,3.35,0.0,172.971,9.501e-06,15.584,0.043,0.006,0.028,3.367,0.0,171.053,0.0,13.64,0.043,0.0,0.01,5.232,0.0,22.142
2021-08-02,16.8,0.0,3.969e-05,16.558,0.329,0.007,0.029,2.542,0.0,188.061,3.969e-05,16.438,0.329,0.006,0.028,2.555,0.0,186.133,0.0,15.41,0.329,0.0,0.01,3.04,0.0,29.556
2021-08-03,18.35,0.0,2.49e-08,16.604,0.0,0.006,0.029,4.645,0.0,183.382,2.468e-08,17.588,0.0,0.006,0.027,4.666,0.0,181.434,0.0,14.392,0.0,0.0,0.009,6.139,0.0,26.363
2021-08-04,19.85,0.0,2.485e-08,16.782,0.0,0.006,0.029,4.809,0.0,178.539,2.463e-08,18.804,0.0,0.006,0.027,4.831,0.0,176.57,0.0,15.008,0.0,0.0,0.009,4.108,0.0,22.918
2021-08-05,20.9,0.0,2.48e-08,17.041,0.0,0.006,0.029,5.41,0.0,173.095,2.458e-08,19.768,0.0,0.006,0.027,5.435,0.0,171.102,0.0,15.869,0.0,0.0,0.009,3.878,0.0,21.978
2021-08-06,21.7,0.0,2.476e-08,17.353,0.0,0.006,0.029,4.136,0.0,168.925,2.454e-08,20.533,0.0,0.006,0.027,4.155,0.0,166.915,0.0,16.869,0.0,0.0,0.01,2.841,0.0,21.079
2021-08-07,21.95,0.0,7.297e-06,17.647,0.027,0.006,0.029,2.878,0.0,169.285,7.297e-06,20.928,0.027,0.006,0.027,2.892,0.0,167.264,0.0,18.803,0.027,0.0,0.01,2.557,0.0,21.016
2021-08-08,22.1,0.0,4.653e-07,17.925,0.0,0.006,0.028,2.79,0.0,166.662,4.651e-07,21.184,0.0,0.005,0.027,2.802,0.0,164.629,0.0,19.324,0.0,0.0,0.01,2.067,0.0,20.417
2021-08-09,24.05,0.0,2.449e-07,18.352,0.0,0.006,0.028,2.842,0.0,163.886,2.447e-07,22.37,0.0,0.005,0.027,2.855,0.0,161.842,0.0,20.635,0.0,0.0,0.011,1.323,0.0,19.773
2021-08-10,24.45,0.0,2.449e-08,18.778,0.0,0.006,0.028,5.427,0.0,158.425,2.427e-08,22.963,0.0,0.005,0.027,5.451,0.0,156.359,0.0,20.005,0.0,0.0,0.011,2.23,0.0,19.031
2021-08-11,25.7,0.0,9.28e-06,19.27,0.042,0.006,0.028,4.264,0.0,158.286,9.28e-06,23.794,0.042,0.005,0.027,4.284,0.0,156.202,0.0,20.783,0.042,0.0,0.012,3.853,0.0,18.772
2021-08-12,25.1,0.0,6.854e-07,19.656,0.0,0.006,0.028,3.591,0.0,154.961,6.852e-07,23.783,0.0,0.005,0.027,3.607,0.0,152.863,0.0,21.231,0.0,0.0,0.012,1.876,0.0,18.178
2021-08-13,25.55,0.0,2.403e-08,20.049,0.0,0.005,0.027,4.044,0.0,150.885,2.381e-08,24.028,0.0,0.005,0.026,4.069,0.0,148.764,0.0,21.051,0.0,0.0,0.012,1.384,0.0,17.627
2021-08-14,19.4,0.0,1.92e-05,19.809,0.129,0.005,0.025,3.702,0.0,155.724,1.919e-05,20.858,0.129,0.005,0.024,3.719,0.0,153.588,0.0,17.732,0.129,0.0,0.012,6.532,0.0,18.04
2021-08-15,16.3,0.0,2.283e-08,19.298,0.0,0.005,0.025,4.716,0.0,150.978,2.261e-08,18.095,0.0,0.005,0.024,4.736,0.0,148.824,0.0,14.818,0.0,0.0,0.012,2.804,0.0,17.145
2021-08-16,17.65,0.0,2.232e-08,18.983,0.0,0.005,0.025,2.96,0.0,147.988,2.21e-08,17.952,0.0,0.005,0.023,2.977,0.0,145.819,0.0,15.634,0.0,0.0,0.011,0.991,0.0,16.674
2021-08-17,18.6,0.0,3.327e-06,18.778,0.004,0.005,0.023,2.144,0.0,147.312,3.327e-06,18.382,0.004,0.005,0.022,2.155,0.0,145.134,0.0,17.228,0.004,0.0,0.01,1.026,0.0,16.492
2021-08-18,22.8,0.0,1.104e-05,18.993,0.056,0.005,0.023,2.924,0.0,149.305,1.104e-05,20.737,0.056,0.005,0.021,2.937,0.0,147.116,0.0,19.151,0.056,0.0,0.01,3.015,0.0,16.76
2021-08-19,21.3,0.0,3.748e-05,19.035,0.307,0.005,0.023,3.356,0.0,162.616,3.748e-05,20.722,0.307,0.004,0.021,3.369,0.0,160.414,0.0,18.375,0.307,0.0,0.01,4.953,0.0,20.108
2021-08-20,24.1,0.0,4.427e-06,19.353,0.009,0.005,0.022,2.946,0.0,161.634,4.427e-06,22.381,0.009,0.004,0.021,2.958,0.0,159.422,0.0,20.665,0.009,0.0,0.01,3.016,0.0,20.529
2021-08-21,25.4,0.0,1.97e-08,19.767,0.0,0.005,0.022,4.461,0.0,157.146,1.947e-08,23.654,0.0,0.004,0.021,4.478,0.0,154.919,0.0,20.198,0.0,0.0,0.01,4.537,0.0,17.922
2021-08-22,24.45,0.0,1.947e-08,20.035,0.0,0.004,0.022,6.851,0.0,150.269,1.925e-08,23.513,0.0,0.004,0.021,6.877,0.0,148.017,0.0,20.254,0.0,0.0,0.011,3.237,0.0,17.132
2021-08-23,23.1,0.0,2.223e-06,20.144,0.001,0.004,0.022,3.854,0.0,147.388,2.223e-06,22.708,0.001,0.004,0.021,3.869,0.0,145.122,0.0,20.077,0.001,0.0,0.011,2.52,0.0,16.676
2021-08-24,24.05,0.0,1.908e-08,20.343,0.0,0.004,0.022,2.934,0.0,144.428,1.885e-08,22.936,0.0,0.004,0.021,2.954,0.0,142.143,0.0,20.484,0.0,0.0,0.012,1.898,0.0,16.089
2021-08-25,24.1,0.0,1.852e-08,20.528,0.0,0.004,0.02,3.37,0.0,141.033,1.83e-08,23.05,0.0,0.004,0.019,3.393,0.0,138.728,0.0,20.556,0.0,0.0,0.012,1.559,0.0,15.588
2021-08-26,25.45,0.0,1.763e-08,20.82,0.0,0.004,0.019,2.746,0.0,138.265,1.741e-08,23.81,0.0,0.004,0.017,2.764,0.0,135.943,0.0,21.737,0.0,0.0,0.012,1.167,0.0,15.14
2021-08-27,17.95,0.0,1.654e-08,20.347,0.0,0.004,0.017,2.136,0.0,136.109,1.632e-08,20.179,0.0,0.004,0.015,2.149,0.0,133.776,0.0,18.707,0.0,0.0,0.012,0.922,0.0,14.713
2021-08-28,15.85,0.0,1.5e-05,19.713,0.09,0.004,0.016,2.325,0.0,140.476,1.5e-05,17.826,0.09,0.003,0.014,2.333,0.0,138.135,0.0,16.045,0.09,0.0,0.012,4.085,0.0,15.086
2021-08-29,18.5,0.0,8.168e-06,19.418,0.033,0.003,0.015,2.206,0.0,141.918,8.168e-06,18.353,0.033,0.003,0.014,2.216,0.0,139.569,0.0,17.898,0.033,0.0,0.011,2.699,0.0,15.252
2021-08-30,21.85,0.0,1.103e-05,19.49,0.056,0.003,0.015,2.161,0.0,144.682,1.103e-05,20.327,0.056,0.003,0.014,2.172,0.0,142.325,0.0,19.704,0.056,0.0,0.011,3.572,0.0,15.646
2021-08-31,19.15,0.0,1.348e-08,19.292,0.0,0.003,0.015,4.274,0.0,140.39,1.325e-08,19.544,0.0,0.003,0.014,4.298,0.0,138.01,0.0,16.805,0.0,0.0,0.01,3.61,0.0,14.691
2021-09-01,15.9,0.0,4.538e-07,18.715,0.0,0.003,0.015,0.976,0.0,139.596,4.536e-07,17.501,0.0,0.003,0.014,0.981,0.0,137.212,0.0,16.639,0.0,0.0,0.01,0.526,0.0,14.424
2021-09-02,13.95,0.0,1.115e-06,18.016,0.0,0.003,0.015,0.779,0.0,139.299,1.114e-06,15.747,0.0,0.003,0.014,0.784,0.0,136.912,0.0,15.101,0.0,0.0,0.01,0.748,0.0,14.208
2021-09-03,16.1,0.0,1.251e-08,17.601,0.0,0.003,0.015,1.065,0.0,138.217,1.229e-08,16.25,0.0,0.003,0.013,1.074,0.0,135.822,0.0,15.902,0.0,0.0,0.009,0.783,0.0,13.793
2021-09-04,16.65,0.0,1.229e-08,17.275,0.0,0.003,0.015,1.129,0.0,137.07,1.206e-08,16.713,0.0,0.003,0.013,1.138,0.0,134.668,0.0,16.352,0.0,0.0,0.009,0.484,0.0,13.452
2021-09-05,17.7,0.0,4.199e-06,17.098,0.008,0.003,0.015,0.75,0.0,138.195,4.199e-06,17.405,0.008,0.003,0.013,0.755,0.0,135.79,0.0,16.778,0.008,0.0,0.009,1.013,0.0,13.433
2021-09-06,16.15,0.0,1.5e-05,16.797,0.09,0.003,0.015,0.738,0.0,144.149,1.5e-05,16.817,0.09,0.003,0.013,0.743,0.0,141.741,0.0,15.582,0.09,0.0,0.009,1.938,0.0,14.57
2021-09-07,16.7,0.0,1.182e-08,16.579,0.0,0.003,0.014,1.357,0.0,142.775,1.159e-08,16.862,0.0,0.003,0.013,1.367,0.0,140.358,0.0,14.786,0.0,0.0,0.009,2.934,0.0,13.636
2021-09-08,18.8,0.0,5.488e-05,16.58,0.484,0.003,0.014,1.005,0.0,166.167,5.488e-05,18.011,0.484,0.003,0.013,1.013,0.0,163.744,0.0,17.18,0.482,0.0,0.008,2.582,0.0,29.613
2021-09-09,17.75,0.0,1.235e-05,16.497,0.067,0.003,0.014,0.829,0.0,170.853,1.235e-05,17.851,0.067,0.003,0.013,0.835,0.0,168.426,0.0,16.88,0.067,0.0,0.008,1.775,0.0,30.584
2021-09-10,13.45,0.0,5.741e-06,15.998,0.016,0.003,0.014,0.749,0.0,172.67,5.741e-06,15.389,0.016,0.003,0.013,0.754,0.0,170.24,0.0,13.999,0.016,0.0,0.009,2.322,0.0,31.268
2021-09-11,15.55,0.0,2.319e-07,15.736,0.0,0.003,0.014,0.758,0.0,171.995,2.316e-07,15.649,0.0,0.003,0.013,0.763,0.0,169.562,0.0,15.192,0.0,0.0,0.009,1.417,0.0,30.064
2021-09-12,17.8,0.0,1.145e-08,15.729,0.0,0.003,0.014,1.225,0.0,170.753,1.122e-08,17.006,0.0,0.003,0.013,1.234,0.0,168.312,0.0,15.545,0.0,0.0,0.009,2.38,0.0,27.726
2021-09-13,15.9,0.0,1.995e-06,15.548,0.001,0.003,0.014,1.309,0.0,170.326,1.994e-06,16.436,0.001,0.003,0.013,1.318,0.0,167.879,0.0,14.066,0.001,0.0,0.009,2.776,0.0,25.831
2021-09-14,14.95,0.0,1.139e-08,15.272,0.0,0.003,0.014,1.147,0.0,169.162,1.116e-08,15.675,0.0,0.003,0.013,1.155,0.0,166.708,0.0,13.682,0.0,0.0,0.009,2.424,0.0,23.412
2021-09-15,16.45,0.0,6.559e-05,15.184,0.558,0.011,0.016,0.732,0.0,195.722,6.543e-05,16.231,0.558,0.011,0.014,0.736,0.0,193.266,0.0,15.653,0.549,0.0,0.009,1.593,0.0,48.52
2021-09-16,15.65,0.0,3.944e-06,15.011,0.0,0.009,0.016,0.96,0.0,195.543,3.863e-06,16.003,0.0,0.009,0.014,0.966,0.0,193.083,0.0,14.635,0.0,0.0,0.009,2.523,0.0,47.376
2021-09-17,18.3,0.0,1.118e-06,15.116,0.0,0.007,0.016,2.062,0.0,193.462,1.077e-06,17.32,0.0,0.007,0.014,2.076,0.0,190.991,0.0,14.535,0.0,0.0,0.009,3.543,0.0,43.832
2021-09-18,15.4,0.0,5.771e-07,14.936,0.0,0.006,0.016,1.384,0.0,192.059,5.559e-07,16.261,0.0,0.006,0.014,1.394,0.0,189.58,0.0,13.583,0.0,0.0,0.009,2.691,0.0,41.133
2021-09-19,12.6,0.0,3.013e-07,14.498,0.0,0.005,0.016,1.003,0.0,191.037,2.904e-07,14.361,0.0,0.005,0.014,1.01,0.0,188.554,0.0,12.261,0.0,0.0,0.009,2.235,0.0,38.89
2021-09-20,15.3,0.0,1.605e-07,14.349,0.0,0.005,0.016,1.156,0.0,189.862,1.549e-07,15.087,0.0,0.004,0.014,1.164,0.0,187.373,0.0,13.481,0.0,0.0,0.008,2.184,0.0,36.701
2021-09-21,18.35,0.0,7.496e-07,14.541,0.0,0.004,0.016,0.782,0.0,189.362,7.467e-07,16.981,0.0,0.004,0.014,0.786,0.0,186.871,0.0,16.286,0.0,0.0,0.008,1.126,0.0,35.779
2021-09-22,20.05,0.0,2.719e-07,14.875,0.0,0.004,0.016,0.794,0.0,188.65,2.703e-07,18.58,0.0,0.004,0.014,0.798,0.0,186.156,0.0,17.732,0.0,0.0,0.008,1.228,0.0,34.662
2021-09-23,23.7,0.0,2.529e-07,15.537,0.0,0.004,0.016,1.155,0.0,187.576,2.519e-07,21.108,0.0,0.003,0.014,1.162,0.0,185.077,0.0,19.699,0.0,0.0,0.009,1.776,0.0,33.038
2021-09-24,16.9,0.0,2.758e-05,15.455,0.188,0.006,0.016,0.784,0.0,198.078,2.757e-05,18.451,0.188,0.005,0.014,0.788,0.0,195.576,0.0,16.353,0.188,0.0,0.01,2.43,0.0,41.288
2021-09-25,15.35,0.0,1.143e-06,15.228,0.0,0.005,0.016,2.279,0.0,195.78,1.142e-06,16.62,0.0,0.005,0.014,2.292,0.0,193.268,0.0,12.725,0.0,0.0,0.011,4.581,0.0,37.332
2021-09-26,14.1,0.0,5.88e-07,14.921,0.0,0.004,0.016,1.928,0.0,193.833,5.872e-07,15.309,0.0,0.004,0.014,1.94,0.0,191.311,0.0,11.724,0.0,0.0,0.011,3.291,0.0,34.05
2021-09-27,12.0,0.0,4.272e-06,14.465,0.007,0.004,0.016,0.74,0.0,194.868,4.272e-06,13.715,0.007,0.004,0.014,0.744,0.0,192.344,0.0,11.874,0.007,0.0,0.009,1.908,0.0,33.883
2021-09-28,9.35,0.0,6.025e-07,13.786,0.0,0.004,0.016,0.661,0.0,194.388,6.021e-07,11.67,0.0,0.003,0.014,0.665,0.0,191.862,0.0,10.485,0.0,0.0,0.008,1.576,0.0,32.521
2021-09-29,7.85,0.0,3.088e-07,13.055,0.0,0.003,0.016,0.505,0.0,193.964,3.085e-07,10.088,0.0,0.003,0.014,0.508,0.0,191.438,0.0,9.412,0.0,0.0,0.008,1.239,0.0,31.33
2021-09-30,9.7,0.0,4.918e-07,12.574,0.0,0.003,0.016,0.611,0.0,193.534,4.915e-07,10.462,0.0,0.003,0.014,0.614,0.0,191.007,0.0,10.336,0.0,0.0,0.007,1.146,0.0,30.352
2021-10-01,10.05,0.0,3.185e-08,12.082,0.0,0.003,0.016,1.778,0.0,191.737,3.16e-08,10.754,0.0,0.003,0.014,1.788,0.0,189.203,0.0,7.663,0.0,0.0,0.006,2.668,0.0,27.789
2021-10-02,9.95,0.0,3.043e-05,11.728,0.205,0.007,0.017,0.33,0.0,203.468,3.043e-05,10.765,0.205,0.007,0.015,0.332,0.0,200.934,0.0,9.356,0.205,0.0,0.006,0.619,0.0,38.598
2021-10-03,11.9,0.0,1.204e-05,11.568,0.038,0.009,0.019,0.842,0.0,206.555,1.204e-05,11.796,0.038,0.009,0.017,0.846,0.0,204.019,0.0,9.771,0.038,0.0,0.005,2.509,0.0,40.612
2021-10-04,12.4,0.0,1.65e-06,11.419,0.0,0.008,0.019,1.785,0.0,204.747,1.65e-06,12.405,0.0,0.007,0.017,1.794,0.0,202.204,0.0,8.769,0.0,0.0,0.005,2.611,0.0,38.053
2021-10-05,12.85,0.0,8.492e-07,11.351,0.0,0.006,0.019,0.911,0.0,203.814,8.487e-07,12.85,0.0,0.006,0.017,0.916,0.0,201.269,0.0,10.042,0.0,0.0,0.005,1.304,0.0,36.741
2021-10-06,14.1,0.0,4.413e-07,11.33,0.0,0.006,0.019,1.322,0.0,202.47,4.409e-07,13.68,0.0,0.005,0.017,1.329,0.0,199.92,0.0,10.458,0.0,0.0,0.005,1.751,0.0,34.998
2021-10-07,14.35,0.0,2.333e-07,11.319,0.0,0.005,0.019,0.934,0.0,201.514,2.33e-07,14.105,0.0,0.005,0.017,0.939,0.0,198.961,0.0,11.287,0.0,0.0,0.005,1.309,0.0,33.688
2021-10-08,14.95,0.0,1.27e-07,11.353,0.0,0.005,0.019,2.281,0.0,199.211,1.268e-07,14.582,0.0,0.004,0.017,2.292,0.0,196.649,0.0,10.022,0.0,0.0,0.005,3.031,0.0,30.677
2021-10-09,14.55,0.0,7.263e-08,11.418,0.0,0.004,0.019,1.858,0.0,197.331,7.237e-08,14.538,0.0,0.004,0.017,1.867,0.0,194.762,0.0,10.118,0.0,0.0,0.006,2.319,0.0,28.357
2021-10-10,14.0,0.0,4.232e-06,11.444,0.008,0.004,0.019,0.358,0.0,198.844,4.231e-06,14.236,0.008,0.004,0.017,0.359,0.0,196.275,0.0,12.102,0.008,0.0,0.006,0.481,0.0,29.486
2021-10-11,16.7,0.0,3.115e-06,11.732,0.003,0.004,0.018,0.379,0.0,199.839,3.115e-06,15.614,0.003,0.004,0.017,0.38,0.0,197.272,0.0,14.092,0.003,0.0,0.006,0.499,0.0,30.386
2021-10-12,17.95,0.0,4.634e-07,12.051,0.0,0.004,0.018,0.475,0.0,199.542,4.632e-07,16.781,0.0,0.004,0.017,0.477,0.0,196.975,0.0,15.201,0.0,0.0,0.006,0.444,0.0,30.274
2021-10-13,17.35,0.0,2.391e-07,12.306,0.0,0.004,0.018,0.587,0.0,199.034,2.389e-07,16.865,0.0,0.003,0.017,0.589,0.0,196.466,0.0,14.686,0.0,0.0,0.007,0.96,0.0,29.5
2021-10-14,16.8,0.0,1.663e-08,12.571,0.0,0.004,0.018,1.137,0.0,197.875,1.64e-08,16.613,0.0,0.003,0.017,1.142,0.0,195.304,0.0,13.392,0.0,0.0,0.008,1.694,0.0,27.821
2021-10-15,17.55,0.0,1.117e-06,12.831,0.0,0.004,0.018,0.435,0.0,197.918,1.117e-06,16.956,0.0,0.003,0.017,0.436,0.0,195.348,0.0,15.024,0.0,0.0,0.008,0.42,0.0,27.769
2021-10-16,15.45,0.0,5.145e-05,12.79,0.384,0.015,0.026,0.564,0.0,217.398,5.145e-05,15.938,0.384,0.015,0.025,0.566,0.0,214.828,0.0,13.718,0.384,0.0,0.008,1.294,0.0,46.06
2021-10-17,10.0,0.0,3.135e-05,12.316,0.173,0.022,0.034,0.313,0.0,227.637,3.135e-05,12.616,0.173,0.021,0.032,0.314,0.0,225.069,0.0,10.643,0.173,0.0,0.009,0.999,0.0,55.655
2021-10-18,7.2,0.0,4.524e-06,11.66,0.0,0.018,0.034,0.282,0.0,227.615,4.523e-06,9.929,0.0,0.017,0.032,0.283,0.0,225.048,0.0,8.587,0.0,0.0,0.008,0.806,0.0,55.389
2021-10-19,6.6,0.0,1.262e-05,11.008,0.04,0.018,0.036,0.273,0.0,231.346,1.262e-05,8.642,0.04,0.018,0.034,0.273,0.0,228.78,0.0,7.71,0.04,0.0,0.007,0.704,0.0,58.456
2021-10-20,10.05,0.0,3.023e-06,10.63,0.0,0.015,0.036,0.781,0.0,231.022,3.023e-06,10.036,0.0,0.015,0.034,0.784,0.0,228.456,0.0,8.499,0.0,0.0,0.006,1.772,0.0,57.79
2021-10-21,11.75,0.0,1.623e-05,10.586,0.073,0.018,0.04,0.432,0.0,236.353,1.623e-05,11.404,0.073,0.017,0.038,0.433,0.0,233.787,0.0,9.89,0.073,0.0,0.006,0.843,0.0,62.133
2021-10-22,8.85,0.0,2.932e-05,10.149,0.168,0.025,0.047,0.437,0.0,246.256,2.931e-05,10.262,0.168,0.024,0.045,0.439,0.0,243.691,0.0,8.545,0.168,0.0,0.006,1.52,0.0,71.037
2021-10-23,3.8,0.0,3.299e-06,9.359,0.0,0.025,0.047,0.354,0.0,245.929,3.297e-06,7.12,0.0,0.024,0.045,0.355,0.0,243.368,0.0,5.501,0.0,0.0,0.007,1.313,0.0,70.437
2021-10-24,5.4,0.00908837114241249,1.617e-06,8.744,0.0,0.025,0.047,1.088,0.0,244.769,1.615e-06,6.869,0.0,0.024,0.045,1.092,0.0,242.208,0.0,4.712,0.0,0.0,0.007,1.606,0.0,68.827
2021-10-25,5.2,0.0,1.499e-05,8.278,0.067,0.029,0.049,0.23,0.0,249.982,1.499e-05,6.634,0.067,0.027,0.047,0.231,0.0,247.424,0.0,5.579,0.067,0.0,0.008,0.543,0.0,73.188
2021-10-26,9.25,0.0,2.439e-05,8.235,0.131,0.038,0.055,0.282,0.0,258.25,2.439e-05,8.689,0.131,0.036,0.053,0.282,0.0,255.697,0.0,7.865,0.131,0.0,0.008,0.377,0.0,81.469
2021-10-27,7.5,0.0,6.466e-06,7.963,0.004,0.046,0.056,0.267,0.0,259.354,6.462e-06,8.415,0.004,0.043,0.054,0.268,0.0,256.808,0.0,7.394,0.004,0.0,0.01,0.537,0.0,82.478
2021-10-28,5.5,0.011754833631130324,1.728e-06,7.509,0.0,0.052,0.056,1.191,0.0,258.042,1.723e-06,7.218,0.0,0.048,0.054,1.195,0.0,255.499,0.0,4.642,0.0,0.0,0.014,2.319,0.0,80.707
2021-10-29,6.9,0.01167832437903803,1.002e-06,7.214,0.0,0.055,0.055,1.402,0.0,256.522,9.97e-07,7.536,0.0,0.051,0.054,1.406,0.0,253.98,0.0,4.685,0.0,0.0,0.017,1.719,0.0,78.973
2021-10-30,7.7,0.0,2.994e-05,7.071,0.188,0.066,0.062,0.533,0.0,267.142,2.993e-05,8.061,0.188,0.062,0.06,0.535,0.0,264.607,0.0,6.311,0.188,0.0,0.019,1.806,0.0,87.841
2021-10-31,8.4,0.0,0.0001652,7.128,21.702,0.093,0.076,0.251,0.0,273.136,0.0001638,8.589,19.247,0.089,0.076,0.252,0.0,273.084,0.0,7.42,0.594,0.0,0.023,0.496,0.0,116.626
2021-11-01,6.6,0.0,9.818e-06,6.879,1.718,0.098,0.066,0.155,0.0,273.204,9.819e-06,7.771,1.693,0.096,0.066,0.155,0.0,273.153,0.0,6.421,0.0,0.0,0.058,0.152,0.0,117.018
2021-11-02,3.9,0.005006427391331711,4.234e-06,6.4,0.164,0.102,0.066,0.598,0.0,272.432,4.235e-06,6.002,0.161,0.1,0.066,0.6,0.0,272.378,0.0,3.954,0.0,0.0,0.108,1.345,0.0,116.192
2021-11-03,1.65,1.3804341920797465,2.374e-06,5.737,0.018,0.104,0.065,0.883,0.0,271.374,2.374e-06,4.146,0.018,0.102,0.065,0.886,0.0,271.318,0.0,1.991,0.0,0.0,0.14,1.14,0.0,113.568
2021-11-04,0.2,3.3783020498880934,1.428e-06,4.985,0.002,0.104,0.065,0.551,0.0,270.651,1.428e-06,2.685,0.002,0.103,0.065,0.553,0.0,270.594,0.0,1.141,0.0,0.0,0.159,0.739,0.0,110.716
2021-11-05,1.65,1.7325879970614073,9.457e-07,4.446,0.0,0.104,0.064,0.389,0.0,270.093,9.462e-07,2.92,0.0,0.104,0.064,0.39,0.0,270.035,0.0,1.117,0.0,0.0,0.157,0.321,0.0,111.845
2021-11-06,3.35,0.8625852029423844,6.992e-07,4.093,0.0,0.104,0.064,0.617,0.0,269.309,6.996e-07,3.873,0.0,0.103,0.064,0.619,0.0,269.249,0.0,1.518,0.0,0.0,0.155,0.623,0.0,111.918
2021-11-07,5.8,0.02655694514302059,5.715e-07,3.979,0.0,0.103,0.064,0.359,0.0,268.786,5.718e-07,5.498,0.0,0.103,0.064,0.36,0.0,268.725,0.0,2.84,0.0,0.0,0.16,0.361,0.0,112.214
2021-11-08,8.65,0.0,5.038e-07,4.253,0.0,0.102,0.063,1.016,0.0,267.608,5.04e-07,7.594,0.0,0.102,0.063,1.019,0.0,267.544,0.0,4.377,0.0,0.0,0.173,0.906,0.0,111.161
2021-11-09,9.4,0.0,4.649e-07,4.573,0.0,0.1,0.062,1.328,0.0,266.122,4.65e-07,8.731,0.0,0.1,0.062,1.332,0.0,266.055,0.0,4.939,0.0,0.0,0.179,1.366,0.0,109.616
2021-11-10,5.25,0.0,4.852e-06,4.4,0.009,0.099,0.062,0.119,0.0,267.811,4.852e-06,6.898,0.009,0.099,0.062,0.119,0.0,267.744,0.0,4.8,0.009,0.0,0.179,0.087,0.0,110.879
2021-11-11,3.35,0.07430084113725911,4.325e-07,4.062,0.0,0.098,0.062,0.371,0.0,267.307,4.326e-07,5.238,0.0,0.098,0.062,0.371,0.0,267.239,0.0,3.146,0.0,0.0,0.179,0.992,0.0,110.099
2021-11-12,6.05,0.0,0.0001183,4.083,14.92,0.115,0.076,0.547,0.0,273.414,0.0001183,6.137,14.904,0.115,0.076,0.548,0.0,273.362,0.0,4.18,0.44,0.0,0.186,1.889,0.0,130.027
2021-11-13,5.3,0.0,0.0001044,3.993,15.644,0.117,0.069,0.288,0.0,274.254,0.0001044,6.003,15.643,0.117,0.069,0.288,0.0,274.202,0.0,4.529,0.307,0.0,0.309,0.873,0.0,145.537
2021-11-14,2.85,0.0,1.533e-05,3.773,2.322,0.117,0.068,0.117,0.0,274.41,1.533e-05,4.605,2.322,0.117,0.068,0.117,0.0,274.358,0.0,3.422,0.007,0.0,0.629,0.28,0.0,146.421
2021-11-15,1.2,0.02938545395572617,3.185e-05,3.477,4.24,0.118,0.069,0.081,0.0,274.653,3.185e-05,3.209,4.24,0.118,0.069,0.081,0.0,274.601,0.0,2.174,0.054,0.0,0.817,0.159,0.0,150.132
2021-11-16,-1.65,5.353073967776452,3.775e-06,2.877,0.298,0.117,0.067,0.326,0.115,274.275,3.77e-06,1.139,0.298,0.116,0.066,0.327,0.115,274.227,0.0,0.957,0.0,0.0,0.886,1.277,0.011,143.482
2021-11-17,-0.15,8.72374695019993,1.604e-05,2.334,1.876,0.117,0.068,0.384,0.115,274.642,1.61e-05,1.211,1.891,0.113,0.066,0.384,0.115,274.59,1.02e-05,0.615,1.006,0.0,0.829,0.951,0.201,139.681
2021-11-18,7.65,0.10153956811264622,8.44e-05,2.641,12.253,0.119,0.069,0.193,0.0,275.316,8.439e-05,5.46,12.233,0.116,0.069,0.194,0.0,275.286,4.22e-05,3.268,3.767,0.0,0.79,-0.132,0.19,157.693
2021-11-19,0.0,2.0922808444405314,2.23e-05,2.309,3.462,0.119,0.069,0.247,0.0,275.362,2.229e-05,2.692,3.431,0.117,0.069,0.247,0.0,275.362,7.429e-06,0.977,0.28,0.0,1.13,0.9,0.28,156.056
2021-11-20,-0.85,3.483624722663722,3.375e-06,1.856,0.261,0.118,0.067,0.156,0.006,275.212,3.364e-06,1.29,0.26,0.115,0.066,0.156,0.006,275.218,5.201e-07,0.788,0.02,0.0,1.198,0.401,0.521,153.946
2021-11-21,3.65,0.9226326021202604,5.635e-06,1.96,0.467,0.117,0.068,0.077,0.006,275.432,5.649e-06,3.251,0.472,0.115,0.068,0.077,0.006,275.432,2.244e-06,2.301,0.231,0.0,1.196,-0.14,0.434,156.025
2021-11-22,1.7,1.0839978724220185,2.48e-05,1.767,3.515,0.118,0.069,0.063,0.0,275.523,2.479e-05,2.823,3.515,0.117,0.069,0.063,0.0,275.522,9.055e-06,1.665,0.408,0.0,1.226,0.027,0.483,157.869
2021-11-23,-5.1,12.854878301078879,2.17e-06,1.056,0.238,0.117,0.067,0.189,0.073,275.278,2.075e-06,-1.057,0.238,0.095,0.051,0.189,0.073,275.373,4.511e-07,0.241,0.0,0.0,1.204,1.101,0.62,144.698
2021-11-24,-4.5,18.661942381613457,2.439e-06,0.352,0.023,0.116,0.067,0.077,0.383,275.093,2.28e-06,-1.494,0.023,0.079,0.051,0.077,0.383,275.281,1.327e-06,0.25,0.0,0.0,0.962,0.521,1.23,137.324
2021-11-25,-0.5,17.701826338898755,1.621e-05,0.168,1.904,0.112,0.064,0.0,0.935,275.584,1.689e-05,0.487,2.068,0.087,0.066,0.0,0.935,275.584,0.001501,0.254,0.817,0.0,0.767,-0.03,2.717,137.611
2021-11-26,-0.25,16.87205587033983,2.199e-05,0.077,1.911,0.109,0.064,0.0,3.23,275.642,2.187e-05,0.966,1.901,0.095,0.069,0.0,3.23,275.642,0.002823,0.252,1.212,0.0,0.712,0.014,5.975,137.868
2021-11-27,-5.15,19.146329588790586,4.037e-06,-0.479,0.133,0.089,0.05,0.187,5.862,275.498,3.986e-06,-0.327,0.133,0.079,0.051,0.187,5.862,275.495,0.003969,0.179,0.094,0.0,0.668,0.973,8.895,134.727
2021-11-28,-6.8,22.318832679084924,7.008e-07,-1.202,0.013,0.069,0.045,0.721,6.512,274.719,6.824e-07,-0.935,0.013,0.067,0.051,0.721,6.512,274.691,0.005019,0.049,0.009,0.0,0.641,0.447,9.419,130.679
2021-11-29,-7.85,24.917111496663097,1.754e-06,-1.914,0.001,0.053,0.041,0.0,6.748,274.671,1.771e-06,-1.273,0.001,0.059,0.051,0.0,6.748,274.606,0.005978,-0.182,0.001,0.0,0.618,0.178,9.706,127.251
2021-11-30,-5.9,26.79419946706569,2.796e-07,-2.358,0.0,0.041,0.041,0.424,6.984,274.327,3.209e-07,-0.835,0.0,0.052,0.051,0.424,6.984,274.109,0.006844,-0.275,0.0,0.0,0.595,0.201,10.068,124.589
2021-12-01,-3.35,26.846641752018616,1.512e-06,-2.536,0.0,0.032,0.04,0.0,7.22,274.279,1.572e-06,-0.097,0.0,0.047,0.051,0.0,7.22,273.847,0.007594,-0.201,0.0,0.0,0.555,-0.052,10.418,123.853
2021-12-02,0.4,24.27073892329322,9.134,-2.406,8.208,0.026,0.04,0.0,4.881,275.767,4.28e-05,0.857,7.592,0.069,0.07,0.0,4.881,275.772,0.008247,-0.097,3.327,0.0,0.512,-0.19,11.361,125.944
2021-12-03,-4.2,25.61007116309153,2.209e-06,-2.744,0.546,0.021,0.041,0.0,2.356,275.719,2.277e-06,-0.975,0.504,0.06,0.051,0.0,2.356,275.74,0.008772,-0.169,0.24,0.0,0.487,0.003,12.12,124.005
2021-12-04,-7.35,28.49168288802441,2.8e-06,-3.357,0.053,0.018,0.041,0.0,2.806,275.671,2.881e-06,-2.131,0.049,0.048,0.046,0.0,2.806,275.451,0.009277,-0.302,0.023,0.0,0.477,0.035,12.718,120.535
2021-12-05,-5.3,29.272766333292584,4.959e-06,-3.6,0.006,0.015,0.04,0.0,4.206,275.623,5.059e-06,-1.094,0.005,0.045,0.051,0.0,4.206,274.987,0.009708,-0.247,0.003,0.0,0.452,-0.046,14.254,119.197
2021-12-06,2.8,25.211431067458733,0.0002222,-3.16,35.926,0.013,0.04,0.308,2.603,275.93,9.433,2.018,34.964,0.067,0.071,0.309,2.603,275.964,0.01023,-0.097,21.337,0.0,0.429,0.763,20.325,122.984
2021-12-07,-3.75,24.33733147346572,9.062e-06,-3.318,2.384,0.012,0.041,0.237,0.087,275.771,9.296e-06,-1.595,2.364,0.059,0.051,0.237,0.087,275.975,0.01035,-0.085,1.44,0.0,0.396,0.617,25.457,123.396
2021-12-08,-8.0,25.36315213688713,4.28e-06,-3.739,0.233,0.011,0.041,0.25,0.174,275.473,4.355e-06,-4.242,0.23,0.045,0.041,0.251,0.174,275.354,0.0106,-0.142,0.141,0.0,0.392,0.12,25.596,121.907
2021-12-09,-9.65,26.706567501204727,2.632e-06,-4.22,0.026,0.01,0.039,0.0,0.212,275.426,2.703e-06,-5.379,0.025,0.035,0.041,0.0,0.212,274.574,0.01086,-0.221,0.015,0.0,0.399,-0.053,25.731,120.108
2021-12-10,-5.2,26.541080704403583,2.012e-06,-4.429,0.003,0.009,0.039,0.0,0.448,275.38,2.071e-06,-2.526,0.003,0.028,0.04,0.0,0.448,269.264,0.01111,-0.194,0.002,0.0,0.399,-0.066,26.099,119.817
2021-12-11,5.6,21.91579758095668,9.242,-3.7,19.809,0.009,0.04,0.48,0.323,275.95,9.01e-05,3.753,10.597,0.062,0.076,0.474,0.323,275.612,0.01151,-0.059,20.443,0.0,0.417,1.345,25.051,124.252
2021-12-12,2.15,19.183188611558514,5.873e-06,-3.097,1.391,0.009,0.041,0.0,0.0,276.104,9.067,1.657,6.287,0.082,0.072,0.0,0.0,275.883,0.01158,0.015,1.647,0.0,0.386,-0.109,23.747,126.842
2021-12-13,4.4,15.87290506575666,2.515e-06,-2.291,0.131,0.008,0.041,0.826,0.0,275.356,1.185e-05,3.047,2.148,0.093,0.069,0.83,0.0,275.521,0.01179,0.185,0.179,0.0,0.399,0.787,22.451,131.995
2021-12-14,-1.7,18.6030429505974,1.293e-06,-2.374,0.014,0.008,0.041,0.318,0.0,274.99,2.501e-06,-0.429,0.249,0.077,0.051,0.32,0.0,275.714,0.01205,0.15,0.137,0.0,0.425,0.257,20.978,128.935
2021-12-15,-1.55,19.346139792348595,1.224e-05,-2.446,1.267,0.008,0.04,0.016,0.0,276.045,1.472e-05,-0.504,1.823,0.066,0.051,0.016,0.0,275.995,0.01235,0.141,2.141,0.0,0.449,-0.101,20.456,128.162
2021-12-16,8.95,13.93230078409816,5.087e-05,-1.491,7.74,0.008,0.041,0.028,0.0,276.164,5.026e-05,5.68,7.557,0.081,0.07,0.028,0.0,276.037,0.01267,0.246,5.678,0.0,0.461,-0.676,14.707,146.896
2021-12-17,5.65,7.573749681110393,9.001e-06,-1.038,1.532,0.01,0.046,0.013,0.0,276.189,1.217e-05,4.213,2.176,0.092,0.069,0.013,0.0,276.172,0.01339,0.379,0.478,0.0,0.697,-0.388,7.542,157.46
2021-12-18,-3.45,14.262900467360492,6.639e-06,-1.274,0.119,0.01,0.041,0.0,1.194,276.141,8.812e-06,-0.363,0.564,0.077,0.051,0.0,1.194,276.182,0.01474,0.255,0.048,0.0,1.046,0.225,7.124,149.436
2021-12-19,-9.0,19.432564928066498,1.584e-06,-2.195,0.012,0.009,0.041,0.23,2.588,275.988,2.015e-06,-2.796,0.044,0.061,0.046,0.23,2.588,275.843,0.01604,0.092,0.005,0.0,1.067,0.848,8.707,142.932
2021-12-20,-9.65,23.65787040542152,1.035e-06,-3.24,0.001,0.009,0.04,0.0,2.875,275.94,1.302e-06,-3.246,0.005,0.047,0.041,0.0,2.875,275.289,0.01715,-0.217,0.001,0.0,1.003,0.029,9.238,137.556
2021-12-21,-3.4,24.171569107969056,1.969e-06,-3.329,0.0,0.008,0.04,0.0,3.362,275.892,2.171e-06,-0.771,0.001,0.044,0.051,0.0,3.362,274.631,0.01809,-0.152,0.0,0.0,0.926,-0.04,9.918,135.899
2021-12-22,-3.85,25.970114324378677,1.443e-06,-3.583,0.0,0.008,0.04,0.082,4.062,275.837,1.608e-06,-0.83,0.0,0.041,0.051,0.082,4.062,274.358,0.01882,-0.203,0.0,0.0,0.839,0.401,10.646,133.099
2021-12-23,-13.5,31.3737554737859,1.4e-06,-4.629,0.0,0.008,0.034,0.0,4.625,275.797,1.514e-06,-3.982,0.0,0.032,0.041,0.0,4.625,274.123,0.01936,-0.415,0.0,0.0,0.758,0.06,11.317,126.914
2021-12-24,-9.8,34.98814138816978,4.677e-08,-5.368,0.0,0.006,0.0,0.297,4.888,275.626,1.358e-07,-2.858,0.0,0.026,0.041,0.297,4.888,272.762,0.01966,-0.45,0.0,0.0,0.652,0.25,11.714,122.482
2021-12-25,-5.8,35.293265137066385,1.369e-05,-5.396,0.0,0.004,0.0,0.0,7.924,275.626,1.379e-05,-0.832,0.0,0.028,0.051,0.0,7.924,268.412,0.01981,-0.391,0.0,0.0,0.583,-0.056,14.663,121.355
2021-12-26,-5.15,34.40166337221012,4.206e-06,-5.287,0.0,0.003,0.0,0.0,11.911,275.626,4.317e-06,-0.56,0.0,0.03,0.051,0.0,11.911,267.011,0.01987,-0.338,0.0,0.0,0.552,-0.093,18.627,121.573
2021-12-27,-7.9,33.88176390435201,4.861e-06,-5.512,0.0,0.002,0.0,0.0,13.961,275.626,4.96e-06,-0.982,0.0,0.026,0.046,0.0,13.961,266.059,0.0199,-0.324,0.0,0.0,0.532,-0.089,20.882,121.434
2021-12-28,-4.5,32.915687280443336,2.653e-06,-5.408,0.0,0.002,0.0,0.227,15.661,275.525,2.763e-06,-0.279,0.0,0.028,0.051,0.226,15.661,264.344,0.0199,-0.28,0.0,0.0,0.517,0.811,22.601,121.771
2021-12-29,-4.65,31.91730275386142,2.65e-06,-5.301,0.0,0.001,0.0,0.0,16.798,275.525,2.768e-06,-0.207,0.0,0.029,0.051,0.0,16.798,263.81,0.01988,-0.243,0.0,0.0,0.505,0.114,23.664,122.16
2021-12-30,-2.2,30.42131492484597,1.555e-06,-4.951,0.0,0.003,0.034,0.204,17.685,275.406,1.719e-06,0.256,0.0,0.042,0.06,0.203,17.685,263.253,0.01984,-0.186,0.0,0.0,0.495,0.196,24.532,123.068
2021-12-31,-1.15,29.244226557529128,2.379e-07,-4.553,0.0,0.004,0.039,0.0,18.043,275.359,4.349e-07,0.481,0.0,0.052,0.06,0.0,18.043,263.472,0.01978,-0.14,0.0,0.0,0.485,-0.079,24.932,123.664
2022-01-01,0.9,27.540230361273395,3.749e-05,-4.087,8.56,0.005,0.04,0.0,13.518,276.245,2.702e-06,0.871,0.229,0.067,0.067,0.0,13.518,273.883,0.01969,-0.067,0.16,0.0,0.471,0.318,25.332,124.914
2022-01-02,-9.5,28.344087299629866,5.724e-06,-4.863,0.569,0.005,0.034,0.038,9.835,276.202,3.968e-06,-1.499,0.22,0.053,0.046,0.038,9.835,274.983,0.01957,-0.114,0.0,0.0,0.451,0.388,26.374,123.529
2022-01-03,-18.9,30.835093243779593,1.008e-06,-6.285,0.056,0.004,0.0,0.056,10.685,276.196,1.71e-07,-3.752,0.001,0.041,0.041,0.056,10.685,272.398,0.01941,-0.277,0.0,0.0,0.434,0.069,27.188,120.448
2022-01-04,-13.75,32.53920550289142,1.838e-06,-7.342,0.006,0.003,0.0,0.0,10.942,276.196,1.456e-06,-2.612,0.0,0.032,0.041,0.0,10.942,266.162,0.01925,-0.339,0.0,0.0,0.422,0.122,27.592,118.19
2022-01-05,-2.05,30.760107002124787,8.639e-06,-6.819,0.001,0.002,0.0,0.0,13.099,276.196,8.55e-06,0.071,0.0,0.042,0.058,0.0,13.099,261.835,0.01907,-0.219,0.021,0.0,0.405,-0.06,29.569,119.499
2022-01-06,-0.85,28.81516840983708,8.29e-06,-6.129,0.0,0.002,0.0,0.0,16.849,276.196,8.359e-06,0.39,0.0,0.049,0.058,0.0,16.849,261.788,0.01886,-0.133,0.002,0.0,0.392,0.375,32.911,120.982
2022-01-07,-9.75,28.82025448474736,4.919e-06,-6.529,0.0,0.001,0.0,0.281,19.799,276.042,5.018e-06,-0.914,0.0,0.041,0.047,0.28,19.799,262.144,0.01864,-0.144,0.0,0.0,0.379,1.069,35.472,120.49
2022-01-08,-14.05,29.25392366123479,3.713e-08,-7.424,0.0,0.001,0.0,0.0,20.899,276.042,1.43e-07,-1.639,0.0,0.035,0.046,0.0,20.899,260.622,0.0184,-0.187,0.0,0.0,0.368,0.003,36.423,119.581
2022-01-09,-3.1,27.4381779783667,1.412e-05,-7.042,0.0,0.001,0.0,0.0,24.035,276.042,1.427e-05,0.079,0.0,0.041,0.056,0.0,24.035,257.937,0.01819,-0.124,0.02,0.0,0.361,-0.05,39.455,120.969
2022-01-10,-13.8,27.25531916014041,2.31e-07,-7.868,0.0,0.001,0.0,0.0,27.222,276.042,3.627e-07,-1.206,0.0,0.034,0.046,0.0,27.222,257.963,0.01796,-0.149,0.002,0.0,0.354,0.081,42.532,120.703
2022-01-11,-22.4,28.957704242148825,5.839e-09,-9.173,0.0,0.0,0.0,0.0,27.272,276.042,1.126e-07,-2.466,0.0,0.027,0.041,0.0,27.272,256.039,0.01774,-0.253,0.0,0.0,0.351,0.268,42.715,118.535
2022-01-12,-12.25,29.339657506706597,5.292e-06,-9.58,0.0,0.0,0.0,0.0,28.472,276.042,5.39e-06,-1.134,0.0,0.025,0.046,0.0,28.472,252.196,0.01754,-0.236,0.0,0.0,0.348,-0.043,43.875,117.714
2022-01-13,-6.75,28.435300313012362,8.155e-06,-9.164,0.0,0.0,0.0,0.043,31.522,276.039,8.266e-06,-0.324,0.0,0.027,0.051,0.043,31.522,250.388,0.01732,-0.188,0.0,0.0,0.336,0.431,46.636,118.201
2022-01-14,-15.65,27.82813704155547,8.826e-07,-9.994,0.0,0.0,0.0,0.0,33.552,276.039,9.83e-07,-1.292,0.0,0.025,0.046,0.0,33.552,249.822,0.01708,-0.198,0.0,0.0,0.325,0.006,48.562,118.395
2022-01-15,-24.5,28.40019638161449,7.282e-10,-11.198,0.0,0.0,0.0,0.035,33.732,276.036,8.275e-08,-2.435,0.0,0.02,0.041,0.035,33.732,247.841,0.01685,-0.259,0.0,0.0,0.32,0.22,48.874,117.4
2022-01-16,-17.55,28.998657083939175,4.742e-10,-12.009,0.0,0.0,0.0,0.262,33.732,275.868,6.901e-08,-1.752,0.0,0.017,0.041,0.259,33.732,244.175,0.01663,-0.285,0.0,0.0,0.317,0.313,48.959,116.383
2022-01-17,-5.55,28.058500922320064,2.578e-05,-11.414,0.0,0.0,0.0,0.001,39.519,275.868,2.587e-05,-0.242,0.0,0.021,0.051,0.001,39.519,241.79,0.01643,-0.229,0.0,0.0,0.31,0.248,54.504,116.935
2022-01-18,-15.25,26.845423288216047,2.238e-10,-11.897,0.0,0.0,0.0,0.446,45.306,275.549,8.372e-08,-1.049,0.0,0.02,0.046,0.441,45.306,241.116,0.01617,-0.215,0.0,0.0,0.302,0.594,59.991,117.76
2022-01-19,-11.1,25.770696973248967,1.322e-06,-12.166,0.0,0.0,0.0,0.0,45.542,275.549,1.402e-06,-0.716,0.0,0.02,0.047,0.0,45.542,239.691,0.01595,-0.213,0.0,0.0,0.299,-0.083,60.291,118.454
2022-01-20,-13.55,24.897541785528244,6.612e-07,-12.507,0.0,0.0,0.0,0.0,45.928,275.549,7.386e-07,-0.894,0.0,0.019,0.046,0.0,45.928,238.72,0.01573,-0.221,0.0,0.0,0.301,-0.009,60.821,118.943
2022-01-21,-23.35,24.973714523234932,9.128e-11,-13.454,0.0,0.0,0.0,0.109,46.078,275.539,6.514e-08,-1.921,0.0,0.016,0.041,0.108,46.078,237.539,0.01555,-0.256,0.0,0.0,0.307,0.049,61.069,118.466
2022-01-22,-18.9,25.32742784589382,7.141e-11,-14.192,0.0,0.0,0.0,0.194,46.078,275.372,5.613e-08,-1.652,0.0,0.014,0.041,0.192,46.078,234.921,0.01538,-0.3,0.0,0.0,0.313,0.047,61.148,117.702
2022-01-23,-14.35,25.26471679684046,2.204e-07,-14.267,0.0,0.0,0.0,0.0,46.086,275.372,2.801e-07,-1.165,0.0,0.015,0.046,0.0,46.086,232.829,0.01523,-0.294,0.0,0.0,0.314,-0.11,61.31,117.363
2022-01-24,-18.5,25.471000687765578,4.714e-11,-14.726,0.0,0.0,0.0,0.231,46.094,275.227,5.22e-08,-1.531,0.0,0.013,0.041,0.228,46.094,231.228,0.01507,-0.313,0.0,0.0,0.311,0.086,61.464,116.751
2022-01-25,-11.7,25.44759114265904,3.981e-11,-14.404,0.0,0.0,0.0,0.547,46.094,274.68,5.665e-08,-0.891,0.0,0.014,0.046,0.54,46.094,228.778,0.01492,-0.299,0.0,0.0,0.306,0.187,61.439,116.373
2022-01-26,-21.3,26.033549117991555,3.451e-11,-14.974,0.0,0.0,0.0,0.157,46.094,274.522,4.992e-08,-1.797,0.0,0.012,0.041,0.155,46.094,227.519,0.01476,-0.339,0.0,0.0,0.299,0.046,61.426,115.391
2022-01-27,-15.9,26.566997258407493,3.052e-11,-15.268,0.0,0.0,0.0,0.241,46.094,274.281,4.499e-08,-1.372,0.0,0.011,0.041,0.238,46.094,225.096,0.0146,-0.344,0.0,0.0,0.293,0.071,61.475,114.47
2022-01-28,-14.5,26.718172422631277,1.322e-06,-15.361,0.0,0.0,0.0,0.0,46.33,274.281,1.364e-06,-1.17,0.0,0.01,0.041,0.0,46.33,223.444,0.01442,-0.336,0.0,0.0,0.283,-0.03,61.817,113.949
2022-01-29,-20.35,27.292416966069048,2.517e-11,-15.69,0.0,0.0,0.0,0.099,46.566,274.272,3.872e-08,-1.754,0.0,0.01,0.04,0.098,46.566,222.033,0.01424,-0.361,0.0,0.0,0.272,0.071,62.196,113.009
2022-01-30,-16.5,27.919402817245103,2.337e-11,-15.707,0.0,0.0,0.0,0.335,46.566,273.975,3.678e-08,-1.444,0.0,0.009,0.04,0.33,46.566,219.663,0.01404,-0.364,0.0,0.0,0.263,0.115,62.247,112.022
2022-01-31,-13.0,28.205892430412923,1.918e-11,-15.421,0.0,0.0,0.0,0.355,46.566,273.62,4.517e-08,-1.046,0.0,0.011,0.045,0.35,46.566,217.608,0.01384,-0.348,0.0,0.0,0.253,0.096,62.246,111.39
2022-02-01,-7.9,27.724138999654187,2.204e-07,-14.748,0.0,0.0,0.0,0.007,46.574,273.62,2.713e-07,-0.467,0.0,0.013,0.046,0.007,46.574,216.368,0.01362,-0.308,0.0,0.0,0.243,-0.004,62.333,111.548
2022-02-02,1.95,25.140121449583006,9.115,-13.063,16.131,0.0,0.0,0.0,39.326,276.273,1.219e-05,0.718,0.373,0.017,0.049,0.0,39.326,235.358,0.01345,-0.203,4.206,0.0,0.246,-0.061,62.416,114.323
2022-02-03,-4.55,22.86806849976041,2.324e-05,-12.36,1.06,0.0,0.0,0.181,36.52,276.218,1.97e-05,0.066,0.0,0.02,0.049,0.18,36.52,236.293,0.01323,-0.15,0.826,0.0,0.233,1.145,65.812,116.725
2022-02-04,-12.8,21.435355242848683,1.462e-05,-12.166,0.104,0.0,0.0,0.0,43.807,276.218,1.286e-05,-0.656,0.0,0.02,0.046,0.0,43.807,236.301,0.01303,-0.13,0.073,0.0,0.241,0.086,71.967,118.123
2022-02-05,-17.65,20.22925256311535,1.376e-06,-12.579,0.011,0.0,0.0,0.1,46.744,276.209,5.181e-07,-1.208,0.0,0.019,0.046,0.099,46.744,235.192,0.01285,-0.127,0.008,0.0,0.252,0.423,74.8,119.136
2022-02-06,-14.15,19.114027207828112,6.951e-07,-12.853,0.001,0.0,0.0,0.0,46.853,276.209,2.957e-07,-0.961,0.0,0.018,0.046,0.0,46.853,233.254,0.01272,-0.133,0.001,0.0,0.267,0.014,74.874,120.05
2022-02-07,-4.1,17.778737425238724,2.004e-06,-11.994,0.0,0.0,0.0,0.0,47.257,276.209,1.849e-06,0.039,0.0,0.021,0.049,0.0,47.257,231.695,0.01263,-0.05,0.0,0.0,0.286,0.06,75.172,121.191
2022-02-08,-4.0,16.424881942746364,7.835e-07,-11.141,0.0,0.0,0.0,0.179,47.804,276.155,7.55e-07,0.208,0.0,0.023,0.049,0.178,47.804,231.596,0.01258,0.046,0.0,0.0,0.304,0.06,75.517,122.377
2022-02-09,-2.55,14.814070416620869,2.266e-06,-10.37,0.0,0.0,0.0,0.0,48.391,276.155,2.303e-06,0.392,0.0,0.024,0.049,0.0,48.391,231.803,0.01254,0.105,0.0,0.0,0.314,-0.084,75.933,123.855
2022-02-10,1.55,12.39158657555735,4.755e-05,-9.096,10.223,0.0,0.0,0.143,44.489,276.338,5.612e-06,0.837,0.18,0.025,0.049,0.143,44.489,243.265,0.01252,0.157,0.18,0.0,0.319,0.588,76.638,127.067
2022-02-11,2.9,9.958842044941168,9.518e-05,-7.97,21.844,0.0,0.0,0.0,30.137,276.421,6.562e-06,1.115,0.438,0.041,0.061,0.0,30.137,266.817,0.01251,0.191,0.438,0.0,0.329,0.231,76.16,132.711
2022-02-12,-4.3,7.623306666803529,1.466e-05,-7.968,2.697,0.0,0.0,0.0,20.25,276.448,3.69e-06,0.021,0.003,0.044,0.056,0.0,20.25,270.125,0.01258,0.213,0.003,0.0,0.375,0.077,74.644,137.463
2022-02-13,-16.9,7.8142844180073165,3.334e-06,-8.682,0.227,0.0,0.0,0.205,20.375,276.369,1.393e-07,-1.81,0.0,0.037,0.046,0.205,20.375,269.962,0.0128,0.199,0.0,0.0,0.461,0.472,73.624,137.349
2022-02-14,-16.65,9.393798050956937,1.693e-06,-9.293,0.024,0.0,0.0,0.383,20.375,275.988,1.104e-07,-1.926,0.0,0.029,0.041,0.382,20.375,265.945,0.01314,0.159,0.0,0.0,0.529,0.191,73.264,135.174
2022-02-15,-14.65,10.695945221831687,8.594e-07,-9.784,0.003,0.0,0.0,0.167,20.375,275.821,8.92e-08,-1.68,0.0,0.023,0.041,0.166,20.375,261.985,0.0135,0.113,0.0,0.0,0.539,0.087,73.225,133.266
2022-02-16,-6.1,10.202512906815222,1.538e-06,-9.771,0.0,0.0,0.0,0.0,20.561,275.821,1.206e-06,-0.456,0.0,0.026,0.051,0.0,20.561,258.683,0.0138,0.138,0.054,0.0,0.516,-0.071,73.464,133.198
2022-02-17,2.6,7.74331209882379,9.402,-8.612,38.792,0.0,0.0,0.138,11.071,276.521,0.0001398,1.566,22.786,0.072,0.085,0.138,11.071,275.459,0.01409,0.182,1.218,0.0,0.494,0.699,77.63,147.864
2022-02-18,-9.35,5.456742564615704,4.088e-05,-8.864,2.563,0.0,0.0,0.0,8.583,276.521,9.057,-0.902,4.294,0.062,0.051,0.0,8.583,275.53,0.01465,0.197,0.028,0.0,0.699,0.111,87.404,152.188
2022-02-19,-9.95,4.193963502377057,4.746e-06,-9.075,0.251,0.0,0.0,0.0,15.821,276.521,3.814e-06,-1.109,0.339,0.05,0.046,0.0,15.821,273.522,0.01567,0.344,0.003,0.0,0.963,0.218,93.217,152.723
2022-02-20,-9.2,3.1068445663519517,3.62e-06,-9.364,0.028,0.0,0.0,0.0,16.171,276.521,3.212e-06,-0.985,0.035,0.041,0.046,0.0,16.171,271.109,0.01678,0.42,0.0,0.0,1.02,0.04,93.365,153.009
2022-02-21,-2.0,1.8189838847798832,3.591e-06,-8.641,0.003,0.0,0.0,0.0,17.021,276.521,3.523e-06,0.159,0.004,0.054,0.063,0.0,17.021,268.883,0.01785,0.462,0.0,0.0,1.024,0.127,93.876,153.479
2022-02-22,-0.75,0.21728958208136573,6.919e-05,-8.059,9.467,0.0,0.0,0.0,19.202,276.593,4.362e-05,0.453,3.441,0.074,0.07,0.0,19.202,275.517,0.01894,0.513,0.161,0.0,1.042,0.046,98.601,158.192
2022-02-23,-2.45,0.0,9.076,-7.914,10.935,0.0,0.0,0.0,22.015,276.666,7.602e-05,0.278,11.153,0.085,0.068,0.0,22.015,275.621,0.02024,0.647,0.18,0.0,1.209,0.414,105.856,164.398
2022-02-24,-13.0,0.0,3.604e-06,-8.293,0.746,0.0,0.0,0.322,23.196,276.471,4.487e-06,-1.033,1.022,0.067,0.047,0.322,23.196,275.58,0.02208,0.66,0.0,0.0,1.553,0.5,106.795,166.634
2022-02-25,-14.5,0.0,2.269e-06,-8.824,0.074,0.0,0.0,0.0,23.234,276.471,2.28e-06,-1.319,0.092,0.054,0.046,0.0,23.234,273.267,0.02422,0.651,0.0,0.0,1.741,-0.038,104.238,166.395
2022-02-26,-12.45,0.0,9.285e-07,-9.322,0.008,0.0,0.0,0.375,23.271,276.221,1.003e-06,-1.106,0.01,0.044,0.046,0.374,23.271,270.134,0.02628,0.648,0.0,0.0,1.736,0.107,103.285,165.194
2022-02-27,-7.95,0.0,6.421e-06,-9.287,0.001,0.0,0.0,0.0,24.557,276.221,6.538e-06,-0.477,0.001,0.042,0.051,0.0,24.557,267.7,0.02812,0.71,0.0,0.0,1.667,0.133,103.885,163.901
2022-02-28,-16.75,0.0,2.394e-07,-9.883,0.0,0.0,0.0,0.144,25.843,276.201,3.562e-07,-1.47,0.0,0.035,0.046,0.144,25.843,266.586,0.02972,0.728,0.0,0.0,1.591,0.34,104.58,162.772
2022-03-01,-10.1,0.0,5.623e-07,-10.027,0.0,0.0,0.0,0.0,25.881,276.201,6.728e-07,-0.775,0.0,0.031,0.047,0.0,25.881,263.458,0.03112,0.741,0.0,0.0,1.518,-0.074,104.287,161.628
2022-03-02,-8.45,0.0,3.147e-06,-9.82,0.0,0.0,0.0,0.053,26.619,276.197,3.269e-06,-0.499,0.0,0.032,0.051,0.053,26.619,261.754,0.03234,0.738,0.0,0.0,1.454,0.264,104.375,161.009
2022-03-03,-12.4,0.0,1.354e-06,-10.116,0.0,0.0,0.0,0.0,27.594,276.197,1.463e-06,-0.909,0.0,0.028,0.046,0.0,27.594,260.64,0.03342,0.718,0.0,0.0,1.414,-0.016,104.454,160.336
2022-03-04,-13.1,0.0,1.592e-08,-10.513,0.0,0.0,0.0,0.305,27.869,276.019,1.161e-07,-1.028,0.0,0.025,0.046,0.303,27.869,258.532,0.03438,0.699,0.0,0.0,1.375,0.167,104.077,159.448
2022-03-05,-6.4,0.0,6.692e-07,-10.176,0.0,0.0,0.0,0.026,27.956,276.018,7.804e-07,-0.277,0.0,0.027,0.051,0.026,27.956,256.358,0.03521,0.707,0.0,0.0,1.329,0.026,103.554,158.839
2022-03-06,6.2,0.0,0.0002215,-8.761,43.881,0.0,0.0,0.36,14.022,276.629,0.0001462,4.033,26.067,0.076,0.087,0.357,14.022,275.256,0.03606,0.623,1.053,0.0,1.34,-0.034,101.545,179.459
2022-03-07,1.25,0.0,9.131,-7.597,10.255,0.0,0.0,0.285,0.0,276.719,9.187,1.247,16.932,0.097,0.076,0.288,0.0,275.509,0.03965,0.654,0.12,0.0,2.972,0.135,95.889,192.272
2022-03-08,-4.85,0.0,2.372e-05,-7.163,0.773,0.0,0.0,0.0,3.786,276.719,3.311e-05,-0.569,3.446,0.08,0.051,0.0,3.786,275.619,0.04623,0.749,0.0,0.0,4.583,0.464,93.704,191.576
2022-03-09,-2.25,0.0,3.868e-06,-6.729,0.079,0.0,0.0,0.0,7.673,276.719,4.58e-06,-0.015,0.268,0.07,0.054,0.0,7.673,274.202,0.05229,0.76,0.0,0.0,4.414,0.209,94.28,189.79
2022-03-10,-0.75,0.0,7.039e-06,-6.103,1.081,0.0,0.0,0.0,7.354,276.805,3.175e-06,0.338,0.035,0.082,0.067,0.0,7.354,275.14,0.05763,0.751,0.002,0.0,4.178,-0.054,91.503,189.377
2022-03-11,0.1,0.0,2.418e-05,-5.492,5.67,0.0,0.001,0.295,3.836,276.821,2.39e-05,0.431,5.571,0.093,0.07,0.295,3.836,275.653,0.06262,0.774,0.076,0.0,4.106,0.103,88.054,188.737
2022-03-12,-2.6,0.0,2.301e-05,-5.353,0.381,0.0,0.001,0.0,5.474,276.82,2.561e-05,0.08,0.937,0.098,0.067,0.0,5.474,275.714,0.06723,0.755,0.0,0.0,3.999,0.33,88.67,188.711
2022-03-13,-8.15,0.001175301380096988,1.383e-06,-5.609,0.037,0.0,0.0,0.0,10.311,276.82,1.922e-06,-1.004,0.11,0.081,0.051,0.0,10.311,275.677,0.0716,0.79,0.0,0.0,3.995,0.358,89.995,187.035
2022-03-14,-1.0,0.0,1.825e-05,-5.242,3.889,0.0,0.001,0.0,8.673,276.92,9.334e-06,0.23,1.69,0.087,0.065,0.0,8.673,275.722,0.07522,0.821,0.043,0.0,3.712,0.072,87.986,185.943
2022-03-15,-0.15,0.0,1.083e-05,-4.681,2.169,0.002,0.041,0.0,6.267,276.958,1.181e-05,0.527,2.274,0.096,0.069,0.0,6.267,275.767,0.07851,0.82,0.011,0.0,3.631,0.02,85.066,187.053
2022-03-16,2.6,0.0,2.902e-05,-4.098,6.277,0.003,0.041,0.324,2.799,276.934,3.272e-05,1.857,7.103,0.105,0.07,0.33,2.799,275.76,0.08214,0.791,0.094,0.0,3.911,-0.088,77.828,194.783
2022-03-17,10.15,0.0,1.962e-06,-2.679,0.425,0.005,0.041,0.864,0.0,276.022,1.565e-05,6.063,3.379,0.11,0.07,0.886,0.0,275.483,0.08848,0.902,0.0,0.0,5.474,0.636,64.397,205.194
2022-03-18,6.55,0.0,1.008e-06,-1.732,0.042,0.006,0.041,1.522,0.0,274.45,4.761e-05,4.613,10.651,0.123,0.076,1.562,0.0,275.356,0.1005,0.844,0.0,0.0,8.365,1.048,44.94,218.336
2022-03-19,6.35,0.0,3.699e-05,-0.897,4.419,0.009,0.047,0.919,0.0,276.303,9.195,4.466,14.888,0.131,0.076,0.942,0.0,275.895,0.122,0.993,0.106,0.0,13.208,2.01,24.355,229.127
2022-03-20,3.55,0.0,5.341e-05,-0.424,7.768,0.018,0.054,0.44,0.0,276.841,9.039e-05,2.948,16.608,0.137,0.076,0.449,0.0,276.327,0.1463,2.796,0.137,0.0,15.347,1.312,12.764,225.472
2022-03-21,1.85,0.26671496424420627,2.625e-06,-0.179,0.545,0.024,0.054,1.1,0.0,275.644,2.552e-05,1.867,5.345,0.136,0.071,1.13,0.0,276.021,0.1628,1.943,0.0,0.0,12.263,1.738,9.41,213.977
2022-03-22,-1.4,1.7778350229940743,1.39e-06,-0.269,0.054,0.029,0.054,0.513,0.0,275.035,1.461e-05,-0.072,2.711,0.111,0.054,0.528,0.0,276.32,0.1717,1.403,0.0,0.0,8.86,0.861,7.658,204.141
2022-03-23,-0.1,1.1184084026290972,7.668e-07,-0.298,0.006,0.032,0.053,0.56,0.0,274.379,3.207e-06,0.427,0.201,0.111,0.066,0.576,0.0,275.304,0.1764,1.653,0.0,0.0,6.907,0.628,6.221,198.762
2022-03-24,4.4,0.0,9.092,0.179,12.78,0.053,0.067,0.654,0.0,276.694,9.061,2.986,14.621,0.115,0.07,0.67,0.0,276.347,0.1812,3.465,0.305,0.0,7.199,2.017,4.345,208.844
2022-03-25,5.15,0.002381961180956534,2.679e-05,0.67,4.159,0.071,0.069,0.461,0.0,276.816,4.886e-05,3.678,9.253,0.122,0.073,0.471,0.0,276.568,0.1887,4.905,0.043,0.0,8.826,0.62,1.978,206.145
2022-03-26,3.4,0.0,2.838e-06,0.959,0.307,0.082,0.067,0.696,0.0,275.938,2.791e-05,2.817,6.043,0.126,0.072,0.716,0.0,276.487,0.1934,3.975,0.0,0.0,7.474,1.554,0.365,198.481
2022-03-27,-4.25,9.816764763289552,1.638e-06,0.383,0.031,0.089,0.066,0.726,0.0,275.036,2.017e-05,-1.577,4.191,0.102,0.051,0.746,0.0,276.531,0.1938,1.094,0.0,0.0,5.165,1.84,0.0,181.96
2022-03-28,-11.15,30.795226646887915,2.496e-06,-0.695,0.004,0.075,0.051,0.003,0.286,274.951,4.543e-06,-5.583,0.307,0.077,0.041,0.003,0.286,273.569,0.191,-0.488,0.0,0.0,3.465,1.338,0.081,157.021
2022-03-29,-6.85,32.27246215768869,1.222e-06,-1.359,0.0,0.057,0.041,0.117,0.721,274.892,2.263e-06,-3.251,0.031,0.059,0.041,0.117,0.721,263.705,0.1864,-0.289,0.0,0.0,2.462,0.346,0.675,152.205
2022-03-30,-2.95,30.751027713375414,3.211e-06,-1.705,0.0,0.044,0.041,0.0,1.466,274.844,3.751e-06,-0.957,0.003,0.048,0.047,0.0,1.466,258.148,0.1811,-0.165,0.774,0.0,1.986,0.173,1.296,151.552
2022-03-31,6.15,15.390619229892009,9.446e-05,-1.144,14.413,0.036,0.045,0.71,1.032,276.482,3.521e-05,4.16,0.329,0.063,0.066,0.726,1.032,273.207,0.1757,0.02,9.199,0.0,1.788,1.547,0.702,170.145
2022-04-01,3.2,2.091888655998282,1.254e-05,-0.643,1.936,0.036,0.051,0.69,0.0,276.55,2.59e-05,2.44,4.986,0.082,0.072,0.705,0.0,276.403,0.1714,1.414,0.639,0.0,2.226,1.515,0.0,181.766
2022-04-02,0.45,1.2157634111915379,2.656e-06,-0.463,0.169,0.036,0.051,0.388,0.0,276.276,1.71e-05,0.917,3.893,0.095,0.071,0.396,0.0,276.605,0.1687,1.976,0.051,0.0,2.895,0.794,0.0,179.125
2022-04-03,2.05,0.044391143914362545,2.028e-05,-0.141,2.427,0.036,0.052,0.468,0.0,276.817,2.792e-05,1.681,4.521,0.103,0.07,0.478,0.0,276.629,0.1659,3.201,0.063,0.0,2.848,1.092,0.0,179.529
2022-04-04,3.7,0.0,3.369e-06,0.287,0.25,0.055,0.067,0.513,0.0,276.748,1.541e-05,2.699,3.003,0.109,0.07,0.525,0.0,276.653,0.1632,4.776,0.001,0.0,2.809,1.268,0.0,176.593
2022-04-05,4.5,0.17460294923546765,9.6e-07,0.731,0.024,0.07,0.067,1.874,0.0,274.696,1.687e-05,3.293,3.227,0.114,0.07,1.926,0.0,275.98,0.16,3.55,0.0,0.0,2.461,3.212,0.0,170.853
2022-04-06,9.1,0.0,6.741e-07,1.566,0.003,0.08,0.066,1.324,0.0,273.2,1.798e-05,5.997,3.773,0.118,0.071,1.361,0.0,276.204,0.1562,6.963,0.0,0.0,2.082,2.076,0.0,166.862
2022-04-07,5.35,0.0,9.105,1.971,26.566,0.1,0.076,0.491,0.0,276.716,9.449,4.278,38.112,0.129,0.076,0.502,0.0,276.717,0.1532,6.453,0.659,0.0,2.368,1.528,0.0,194.478
2022-04-08,4.0,0.0,0.0001012,2.194,16.089,0.106,0.07,0.505,0.0,276.767,9.065,3.361,19.865,0.131,0.072,0.516,0.0,276.779,0.1559,5.812,0.287,0.0,5.295,1.658,0.0,203.339
2022-04-09,3.5,0.0,3.789e-05,2.35,5.425,0.11,0.069,0.962,0.0,276.585,4.178e-05,2.951,6.16,0.129,0.069,0.986,0.0,276.604,0.1606,4.689,0.067,0.0,6.442,3.32,0.0,199.657
2022-04-10,2.7,0.052984504669420104,4.908e-06,2.407,0.41,0.111,0.067,1.292,0.0,275.114,6.181e-06,2.445,0.467,0.125,0.067,1.326,0.0,275.471,0.1634,3.792,0.0,0.0,5.495,2.017,0.0,192.177
2022-04-11,5.15,0.0,2.718e-06,2.66,0.042,0.11,0.066,0.981,0.0,273.959,3.379e-06,3.791,0.048,0.121,0.067,1.007,0.0,274.542,0.1638,5.467,0.0,0.0,4.332,1.785,0.0,186.109
2022-04-12,10.25,0.0,2.122e-05,3.404,1.597,0.113,0.069,0.852,0.0,276.385,2.535e-05,6.828,2.33,0.121,0.069,0.872,0.0,276.555,0.163,9.224,0.059,0.0,3.7,1.519,0.0,185.584
2022-04-13,7.6,0.0,2.198e-05,3.81,2.74,0.115,0.069,0.578,0.0,276.695,2.601e-05,7.202,3.788,0.122,0.069,0.59,0.0,276.75,0.1619,8.384,0.036,0.0,3.55,1.629,0.0,184.084
2022-04-14,10.1,0.0,7.597e-05,4.398,11.095,0.117,0.07,1.28,0.0,276.406,7.904e-05,8.641,11.782,0.123,0.07,1.311,0.0,276.474,0.1609,8.769,0.218,0.0,3.566,5.167,0.0,188.409
2022-04-15,8.4,0.0,8.582e-06,4.744,1.047,0.117,0.068,0.855,0.0,276.552,1.025e-05,8.339,1.385,0.121,0.068,0.875,0.0,276.647,0.1603,9.014,0.004,0.0,3.795,2.033,0.0,184.306
2022-04-16,3.7,0.0,9.076,4.615,6.656,0.119,0.07,0.732,0.0,276.676,4.793e-05,5.787,6.695,0.122,0.069,0.747,0.0,276.743,0.1592,6.27,0.116,0.0,3.489,2.626,0.0,185.573
2022-04-17,1.55,0.9010884594144968,2.99e-06,4.294,0.454,0.117,0.067,1.5,0.0,274.997,3.166e-06,3.717,0.457,0.119,0.067,1.538,0.0,275.027,0.1579,3.2,0.0,0.0,3.338,3.339,0.0,178.647
2022-04-18,4.7,0.0,1.749e-06,4.281,0.045,0.114,0.066,0.961,0.0,273.862,1.841e-06,4.58,0.045,0.116,0.066,0.984,0.0,273.869,0.1555,5.428,0.0,0.0,2.771,1.745,0.0,175.011
2022-04-19,2.5,0.0,5.627e-05,4.096,6.971,0.119,0.071,0.566,0.0,276.681,5.617e-05,3.789,6.902,0.12,0.071,0.577,0.0,276.749,0.153,5.074,0.179,0.0,2.582,1.382,0.0,181.338
2022-04-20,2.55,0.008848124347326779,3.153e-06,3.937,0.492,0.117,0.067,0.925,0.0,275.776,3.174e-06,3.477,0.489,0.118,0.067,0.944,0.0,275.825,0.1511,3.972,0.0,0.0,2.889,2.193,0.0,177.075
2022-04-21,5.1,0.0,2.392e-05,4.017,2.783,0.118,0.069,0.547,0.0,276.688,2.387e-05,4.685,2.754,0.119,0.069,0.558,0.0,276.756,0.1488,6.191,0.049,0.0,2.649,1.316,0.0,177.081
2022-04-22,5.9,0.0,1.842e-06,4.182,0.2,0.117,0.067,1.156,0.0,275.352,1.846e-06,5.569,0.199,0.117,0.067,1.183,0.0,275.393,0.1464,6.099,0.0,0.0,2.528,2.691,0.0,172.455
2022-04-23,3.0,0.19910600823445262,1.167e-06,4.038,0.02,0.115,0.066,1.466,0.0,273.712,1.17e-06,4.402,0.02,0.115,0.066,1.5,0.0,273.719,0.1435,3.952,0.0,0.0,2.151,2.615,0.0,167.496
2022-04-24,7.6,0.0,1.26e-06,4.355,0.002,0.112,0.066,0.785,0.0,272.956,1.262e-06,6.333,0.002,0.112,0.065,0.799,0.0,272.949,0.14,7.287,0.0,0.0,1.849,1.3,0.0,164.735
2022-04-25,13.4,0.0,5.052e-06,5.213,0.009,0.111,0.066,1.103,0.0,273.672,5.052e-06,10.108,0.009,0.111,0.066,1.126,0.0,273.642,0.1364,11.046,0.009,0.0,1.66,1.826,0.0,163.215
2022-04-26,10.9,0.0,4.894e-05,5.743,5.602,0.115,0.07,0.699,0.0,276.5,9.096,10.302,5.496,0.116,0.07,0.712,0.0,276.568,0.1329,10.773,0.152,0.0,1.614,1.623,0.0,169.01
2022-04-27,3.55,0.0,1.696e-05,5.479,2.361,0.117,0.069,0.531,0.0,276.596,1.694e-05,6.56,2.348,0.117,0.069,0.54,0.0,276.664,9.187,6.764,0.021,0.0,1.848,1.891,0.0,168.18
2022-04-28,3.65,0.00803061841558658,1.925e-06,5.251,0.175,0.116,0.067,1.103,0.0,275.314,1.921e-06,5.187,0.174,0.116,0.067,1.127,0.0,275.358,0.1272,5.314,0.0,0.0,1.817,2.749,0.0,164.223
2022-04-29,4.3,0.004482115825689907,1.209e-06,5.104,0.018,0.114,0.066,1.023,0.0,274.116,1.207e-06,5.032,0.018,0.114,0.066,1.045,0.0,274.138,0.1241,5.449,0.0,0.0,1.604,1.999,0.0,160.623
2022-04-30,6.7,0.0,8.413e-07,5.213,0.002,0.112,0.066,1.299,0.0,272.646,8.403e-07,6.217,0.002,0.112,0.066,1.326,0.0,272.64,0.1208,6.593,0.0,0.0,1.409,2.223,0.0,156.996
2022-05-01,10.0,0.0,6.487e-07,5.736,0.0,0.109,0.065,1.282,0.0,271.198,6.48e-07,8.357,0.0,0.109,0.065,1.309,0.0,271.166,0.1173,9.389,0.0,0.0,1.232,2.426,0.0,153.336
2022-05-02,12.55,0.0,1.206e-06,6.437,0.0,0.106,0.064,1.129,0.0,270.207,1.205e-06,10.514,0.0,0.106,0.064,1.148,0.0,270.156,0.1137,11.58,0.0,0.0,1.079,2.027,0.0,150.524
2022-05-03,12.75,0.0,4.857e-07,7.065,0.0,0.103,0.063,2.312,0.0,267.739,4.85e-07,11.49,0.0,0.103,0.063,2.359,0.0,267.641,0.11,10.579,0.0,0.0,0.954,4.104,0.0,145.474
2022-05-04,9.4,0.0,5.048e-05,7.276,4.087,0.11,0.07,1.207,0.0,275.188,5.01e-05,10.202,4.008,0.11,0.07,1.23,0.0,275.155,0.1063,10.273,0.226,0.0,0.844,3.164,0.0,153.879
2022-05-05,8.2,0.0,2.141e-06,7.36,0.32,0.11,0.066,1.347,0.0,273.665,2.13e-06,9.08,0.314,0.11,0.066,1.374,0.0,273.605,0.1029,9.047,0.0,0.0,0.963,3.636,0.0,149.942
2022-05-06,7.2,0.0,1.313e-06,7.332,0.032,0.109,0.065,1.565,0.0,271.929,1.307e-06,8.162,0.031,0.108,0.065,1.596,0.0,271.839,0.09972,7.917,0.0,0.0,0.921,3.249,0.0,145.773
2022-05-07,7.65,0.00778603749488754,8.868e-07,7.362,0.004,0.106,0.064,2.355,0.0,269.41,8.835e-07,8.04,0.003,0.106,0.064,2.401,0.0,269.275,0.09642,7.14,0.0,0.0,0.802,4.241,0.0,140.725
2022-05-08,10.5,0.0,6.621e-07,7.676,0.0,0.103,0.063,2.161,0.0,267.093,6.601e-07,9.451,0.0,0.102,0.063,2.203,0.0,266.917,0.09304,8.947,0.0,0.0,0.679,3.738,0.0,136.315
2022-05-09,14.3,0.0,5.387e-07,8.333,0.0,0.098,0.061,2.48,0.0,264.466,5.373e-07,11.949,0.0,0.098,0.061,2.536,0.0,264.235,0.08963,10.943,0.0,0.0,0.575,4.261,0.0,131.476
2022-05-10,16.45,0.0,4.655e-07,9.127,0.0,0.093,0.06,2.261,0.0,262.066,4.642e-07,14.04,0.0,0.093,0.06,2.309,0.0,261.787,0.0862,13.199,0.0,0.0,0.486,3.761,0.0,127.228
2022-05-11,18.05,0.0,4.174e-07,9.988,0.0,0.088,0.059,2.486,0.0,259.448,4.16e-07,15.689,0.0,0.088,0.059,2.537,0.0,259.119,0.08281,14.409,0.0,0.0,0.413,4.143,0.0,122.676
2022-05-12,20.6,0.0,3.803e-07,11.002,0.0,0.083,0.057,3.322,0.0,256.001,3.787e-07,17.65,0.0,0.082,0.057,3.387,0.0,255.609,0.07945,15.506,0.0,0.0,0.35,5.231,0.0,117.094
2022-05-13,22.3,0.0,3.462e-07,12.056,0.0,0.076,0.055,3.902,0.0,251.986,3.443e-07,19.297,0.0,0.076,0.055,3.974,0.0,251.522,0.07615,16.457,0.0,0.0,0.294,5.836,0.0,110.965
2022-05-14,22.9,0.0,3.103e-07,13.046,0.0,0.069,0.053,3.677,0.0,248.208,3.079e-07,20.302,0.0,0.068,0.053,3.744,0.0,247.678,0.07291,17.556,0.0,0.0,0.243,5.513,0.0,105.208
2022-05-15,19.0,0.0,4.828e-05,13.509,0.393,0.076,0.062,1.819,0.0,266.738,4.822e-05,18.806,0.393,0.075,0.062,1.832,0.0,266.196,0.0698,17.739,0.393,0.0,0.205,3.346,0.0,121.105
2022-05-16,18.95,0.0,8.527e-05,13.931,9.312,0.092,0.07,1.813,0.0,271.18,8.425e-05,18.312,9.095,0.091,0.07,1.823,0.0,270.864,0.0668,18.186,0.298,0.0,0.211,3.147,0.0,134.051
2022-05-17,9.95,0.0,4.593e-05,13.381,5.515,0.098,0.067,1.159,0.0,272.64,4.589e-05,13.468,5.492,0.098,0.067,1.167,0.0,272.323,0.06416,12.781,0.114,0.0,0.324,3.445,0.0,138.171
2022-05-18,9.4,0.0,3.748e-06,12.856,0.458,0.1,0.065,2.063,0.0,270.408,3.739e-06,11.343,0.456,0.1,0.065,2.077,0.0,270.077,0.0619,11.077,0.0,0.0,0.457,4.243,0.0,134.525
2022-05-19,9.45,0.0,3.32e-05,12.395,3.046,0.105,0.068,1.461,0.0,272.793,3.311e-05,10.591,3.028,0.105,0.068,1.471,0.0,272.473,0.05984,11.77,0.1,0.0,0.482,2.27,0.0,137.921
2022-05-20,16.35,0.0,2.198e-06,12.706,0.245,0.105,0.065,2.474,0.0,270.149,2.193e-06,13.898,0.244,0.104,0.065,2.49,0.0,269.814,0.05789,14.165,0.0,0.0,0.507,3.936,0.0,134.53
2022-05-21,23.6,0.0,6.632e-06,13.691,0.038,0.105,0.065,2.317,0.0,270.05,6.63e-06,18.917,0.038,0.104,0.064,2.334,0.0,269.7,0.05604,19.437,0.014,0.0,0.499,2.851,0.0,133.51
2022-05-22,18.4,0.0,9.103,14.048,5.602,0.111,0.07,1.768,0.0,273.288,5.353e-05,18.115,5.57,0.11,0.07,1.782,0.0,272.959,0.05427,17.824,0.183,0.0,0.485,2.793,0.0,140.06
2022-05-23,9.8,0.0,2.276e-06,13.485,0.448,0.11,0.066,2.192,0.0,270.924,2.271e-06,13.275,0.445,0.109,0.065,2.205,0.0,270.584,0.05265,12.107,0.0,0.0,0.541,4.557,0.0,136.308
2022-05-24,10.8,0.0,1.379e-06,13.099,0.044,0.107,0.064,3.088,0.0,267.673,1.376e-06,12.045,0.044,0.106,0.064,3.105,0.0,267.317,0.05113,11.179,0.0,0.0,0.537,4.17,0.0,131.605
2022-05-25,14.05,0.0,9.111e-07,13.09,0.005,0.102,0.062,3.265,0.0,264.256,9.096e-07,13.311,0.005,0.101,0.062,3.282,0.0,263.885,0.04955,12.776,0.0,0.0,0.47,3.915,0.0,127.218
2022-05-26,18.35,0.0,5.729e-06,13.499,0.013,0.097,0.061,1.943,0.0,264.458,5.728e-06,16.015,0.013,0.096,0.06,1.954,0.0,264.078,0.04793,16.554,0.013,0.0,0.409,1.97,0.0,126.736
2022-05-27,18.65,0.0,2.193e-05,13.879,0.15,0.1,0.066,2.086,0.0,271.749,2.193e-05,17.194,0.15,0.099,0.066,2.097,0.0,271.359,9.089,17.269,0.149,0.0,0.381,2.526,0.0,132.223
2022-05-28,14.6,0.0,5.566e-05,13.811,6.361,0.107,0.07,2.243,0.0,273.68,5.539e-05,15.487,6.303,0.106,0.07,2.248,0.0,273.35,0.04489,15.527,0.183,0.0,0.411,2.998,0.0,139.935
2022-05-29,16.85,0.0,1.544e-06,13.995,0.511,0.107,0.066,3.737,0.0,269.771,1.541e-06,16.096,0.506,0.106,0.066,3.753,0.0,269.426,0.04367,15.405,0.0,0.0,0.512,5.059,0.0,135.905
2022-05-30,18.65,0.0,1.216e-06,14.336,0.051,0.104,0.064,2.125,0.0,267.587,1.215e-06,17.288,0.05,0.103,0.063,2.133,0.0,267.234,0.0,17.447,0.0,0.0,0.524,1.76,0.0,133.649
2022-05-31,16.85,0.0,9.283e-07,14.445,0.006,0.1,0.062,3.476,0.0,264.06,9.274e-07,16.768,0.006,0.099,0.062,3.488,0.0,263.696,0.0009424,15.659,0.0,0.0,0.485,4.107,0.0,129.225
2022-06-01,12.95,0.0,4.733e-06,14.152,0.009,0.094,0.06,2.498,0.0,263.315,4.733e-06,14.537,0.009,0.093,0.06,2.506,0.0,262.945,0.001741,14.744,0.008,0.0,0.433,2.737,0.0,127.555
2022-06-02,15.2,0.0,1.333e-06,14.163,0.0,0.088,0.059,2.516,0.0,261.068,1.333e-06,14.935,0.0,0.087,0.059,2.524,0.0,260.691,0.002418,15.453,0.0,0.0,0.395,2.563,0.0,125.261
2022-06-03,17.0,0.0,7.448e-06,14.363,0.025,0.084,0.059,3.038,0.0,261.075,7.448e-06,16.032,0.025,0.083,0.058,3.047,0.0,260.69,0.00301,16.794,0.025,0.0,0.363,2.98,0.0,124.581
2022-06-04,16.45,0.0,3.567e-07,14.508,0.0,0.079,0.057,6.188,0.0,254.765,3.56e-07,16.12,0.0,0.078,0.057,6.189,0.0,254.382,0.003506,14.285,0.0,0.0,0.334,6.914,0.0,117.985
2022-06-05,13.25,0.0,3.105e-07,14.309,0.0,0.07,0.053,4.513,0.0,250.153,3.098e-07,14.443,0.0,0.069,0.053,4.514,0.0,249.769,0.003895,12.698,0.0,0.0,0.288,5.179,0.0,112.519
2022-06-06,15.8,0.0,2.64e-07,14.411,0.0,0.061,0.051,3.878,0.0,246.189,2.635e-07,15.229,0.0,0.06,0.051,3.878,0.0,245.805,0.004174,14.41,0.0,0.0,0.241,4.062,0.0,108.211
2022-06-07,20.25,0.0,7.503e-06,14.927,0.027,0.054,0.051,3.319,0.0,246.058,7.502e-06,17.821,0.027,0.053,0.051,3.32,0.0,245.673,0.004378,17.876,0.027,0.0,0.207,3.039,0.0,107.509
2022-06-08,17.0,0.0,4.168e-05,15.028,0.347,0.059,0.059,2.702,0.0,261.678,4.168e-05,17.026,0.347,0.058,0.059,2.709,0.0,261.288,0.004559,16.559,0.347,0.0,0.186,3.382,0.0,120.485
2022-06-09,12.8,0.0,0.0001001,14.655,9.984,0.084,0.075,3.553,0.0,273.152,9.138,14.522,9.552,0.083,0.075,3.562,0.0,273.193,0.004745,13.355,0.506,0.0,0.204,6.612,0.0,139.167
2022-06-10,14.8,0.0,4.282e-06,14.563,0.685,0.089,0.066,4.062,0.0,269.519,4.276e-06,14.759,0.679,0.089,0.066,4.07,0.0,269.553,0.005148,13.944,0.0,0.0,0.361,5.87,0.0,136.151
2022-06-11,16.65,0.0,1.693e-06,14.698,0.067,0.091,0.064,5.194,0.0,264.167,1.69e-06,15.825,0.067,0.09,0.064,5.194,0.0,264.2,0.005784,14.388,0.0,0.0,0.465,5.31,0.0,130.398
2022-06-12,18.45,0.0,3.899e-06,15.003,0.01,0.087,0.06,2.675,0.0,262.651,3.897e-06,17.153,0.01,0.087,0.06,2.681,0.0,262.678,0.006321,16.617,0.003,0.0,0.428,2.619,0.0,128.325
2022-06-13,17.1,0.0,6.9e-07,15.11,0.001,0.084,0.059,4.78,0.0,257.739,6.89e-07,16.898,0.001,0.083,0.059,4.78,0.0,257.765,0.006751,15.225,0.0,0.0,0.388,5.352,0.0,122.907
2022-06-14,16.95,0.0,4.951e-07,15.222,0.0,0.077,0.056,5.608,0.0,252.018,4.945e-07,16.745,0.0,0.077,0.056,5.608,0.0,252.044,0.007064,14.441,0.0,0.0,0.335,5.806,0.0,116.771
2022-06-15,17.95,0.0,1.029e-06,15.407,0.0,0.067,0.052,2.801,0.0,249.426,1.028e-06,17.229,0.0,0.067,0.052,2.806,0.0,249.447,0.007261,16.394,0.0,0.0,0.283,2.591,0.0,114.05
2022-06-16,20.65,0.0,1.55e-05,15.816,0.092,0.06,0.053,3.12,0.0,253.019,1.55e-05,18.831,0.092,0.06,0.053,3.127,0.0,253.033,0.007397,17.969,0.092,0.0,0.25,3.242,0.0,115.202
2022-06-17,16.35,0.0,1.172e-05,15.8,0.059,0.057,0.054,3.982,0.0,254.076,1.172e-05,17.096,0.059,0.057,0.054,3.991,0.0,254.081,0.007479,15.414,0.059,0.0,0.235,7.641,0.0,114.494
2022-06-18,9.35,0.0,4.418e-06,14.984,0.008,0.053,0.053,2.777,0.0,253.098,4.418e-06,12.716,0.008,0.053,0.053,2.782,0.0,253.097,0.007532,12.284,0.008,0.0,0.225,4.374,0.0,111.927
2022-06-19,12.6,0.0,6.472e-07,14.674,0.0,0.048,0.051,2.812,0.0,250.399,6.467e-07,13.036,0.0,0.048,0.051,2.813,0.0,250.398,0.007555,13.271,0.0,0.0,0.208,3.696,0.0,108.358
2022-06-20,14.55,0.0,1.887e-07,14.61,0.0,0.045,0.051,3.528,0.0,246.786,1.884e-07,14.148,0.0,0.045,0.051,3.533,0.0,246.779,0.007547,13.858,0.0,0.0,0.191,3.952,0.0,104.226
2022-06-21,16.0,0.0,3.041e-06,14.658,0.003,0.042,0.051,2.534,0.0,245.464,3.041e-06,15.273,0.003,0.042,0.051,2.543,0.0,245.448,0.007494,15.033,0.003,0.0,0.165,2.759,0.0,102.244
2022-06-22,17.65,0.0,2.729e-05,14.855,0.205,0.043,0.054,3.084,0.0,254.375,2.729e-05,16.541,0.205,0.043,0.054,3.095,0.0,254.348,0.007437,15.848,0.205,0.0,0.151,4.21,0.0,106.987
2022-06-23,15.6,0.0,1.739e-05,14.788,0.11,0.048,0.057,3.015,0.0,258.931,1.739e-05,15.854,0.11,0.048,0.057,3.024,0.0,258.895,0.007338,15.132,0.11,0.0,0.146,3.801,0.0,110.731
2022-06-24,19.2,0.0,1.093e-06,15.15,0.0,0.05,0.056,2.823,0.0,256.396,1.093e-06,17.628,0.0,0.05,0.056,2.828,0.0,256.355,0.007253,16.845,0.0,0.0,0.156,3.293,0.0,110.514
2022-06-25,21.2,0.0,2.106e-07,15.684,0.0,0.05,0.054,6.211,0.0,250.082,2.1e-07,19.314,0.0,0.05,0.054,6.211,0.0,250.041,0.007196,16.365,0.0,0.0,0.16,6.339,0.0,104.529
2022-06-26,24.25,0.0,1.93e-07,16.461,0.0,0.046,0.051,7.398,0.0,242.598,1.925e-07,21.533,0.0,0.046,0.051,7.398,0.0,242.557,0.007123,18.041,0.0,0.0,0.148,6.299,0.0,98.084
2022-06-27,18.6,0.0,6.106e-05,16.544,0.549,0.058,0.063,2.64,0.0,266.856,6.106e-05,19.264,0.549,0.058,0.063,2.645,0.0,266.81,0.007087,17.393,0.542,0.0,0.134,3.548,0.0,118.026
2022-06-28,16.95,0.0,2.734e-07,16.447,0.0,0.065,0.062,4.504,0.0,262.206,2.728e-07,17.691,0.0,0.065,0.061,4.504,0.0,262.161,0.006949,15.434,0.0,0.0,0.145,7.179,0.0,114.136
2022-06-29,17.85,0.0,2.102e-05,16.481,0.143,0.073,0.064,3.875,0.0,267.428,2.102e-05,17.657,0.143,0.073,0.064,3.882,0.0,267.376,0.0,15.807,0.143,0.0,0.18,7.656,0.0,114.385
2022-06-30,16.65,0.0,3.85e-06,16.367,0.005,0.077,0.062,3.323,0.0,265.552,3.849e-06,16.982,0.005,0.076,0.062,3.329,0.0,265.493,0.0,15.781,0.005,0.0,0.194,4.589,0.0,112.276
2022-07-01,21.95,0.0,5.841e-06,16.813,0.015,0.078,0.061,3.511,0.0,264.381,5.84e-06,19.643,0.015,0.078,0.061,3.503,0.0,264.331,0.00036,18.595,0.015,0.0,0.196,3.314,0.0,110.694
2022-07-02,19.95,0.0,7.043e-05,16.998,6.429,0.094,0.073,3.173,0.0,273.496,7.015e-05,19.453,6.371,0.094,0.073,3.178,0.0,273.504,0.0007307,18.234,0.36,0.0,0.195,3.617,0.0,123.127
2022-07-03,17.6,0.0,2.795e-06,16.931,0.425,0.098,0.066,6.126,0.0,267.197,2.785e-06,18.147,0.421,0.098,0.066,6.126,0.0,267.205,0.001053,15.046,0.0,0.0,0.225,8.555,0.0,117.8
2022-07-04,17.4,0.0,1.611e-06,16.868,0.042,0.095,0.062,4.509,0.0,262.537,1.606e-06,17.609,0.041,0.095,0.062,4.509,0.0,262.545,0.001434,15.217,0.0,0.0,0.241,4.892,0.0,112.664
2022-07-05,17.0,0.0,1.334e-05,16.738,0.072,0.092,0.061,2.946,0.0,264.978,1.334e-05,17.205,0.071,0.092,0.061,2.951,0.0,264.981,0.001784,16.083,0.067,0.0,0.227,3.578,0.0,113.03
2022-07-06,17.2,0.0,3.99e-06,16.658,0.005,0.089,0.06,3.657,0.0,262.679,3.989e-06,17.162,0.005,0.088,0.06,3.663,0.0,262.676,0.002078,15.732,0.004,0.0,0.217,5.409,0.0,110.21
2022-07-07,17.3,0.0,5.105e-07,16.639,0.0,0.084,0.058,5.365,0.0,257.185,5.096e-07,17.192,0.0,0.084,0.058,5.365,0.0,257.182,0.00234,14.599,0.0,0.0,0.203,5.726,0.0,104.336
2022-07-08,18.7,0.0,3.989e-07,16.751,0.0,0.076,0.055,5.46,0.0,251.617,3.983e-07,17.954,0.0,0.076,0.055,5.46,0.0,251.614,0.002551,15.08,0.0,0.0,0.18,5.407,0.0,98.751
2022-07-09,14.85,0.0,3.158e-07,16.458,0.0,0.065,0.052,5.638,0.0,245.89,3.155e-07,16.156,0.0,0.065,0.052,5.651,0.0,245.874,0.00271,12.835,0.0,0.0,0.155,5.971,0.0,92.629
2022-07-10,17.1,0.0,2.609e-07,16.47,0.0,0.057,0.051,4.858,0.0,240.947,2.606e-07,16.739,0.0,0.057,0.051,4.871,0.0,240.918,0.00282,13.893,0.0,0.0,0.132,5.074,0.0,87.422
2022-07-11,20.55,0.0,2.243e-07,16.802,0.0,0.051,0.051,6.214,0.0,234.648,2.242e-07,18.731,0.0,0.051,0.051,6.231,0.0,234.603,0.00289,15.239,0.0,0.0,0.113,5.575,0.0,81.736
2022-07-12,21.85,0.0,3.942e-05,17.207,0.324,0.046,0.05,4.242,0.0,247.799,3.942e-05,20.091,0.324,0.046,0.05,4.257,0.0,247.739,0.0,17.335,0.324,0.0,0.098,4.894,0.0,90.783
2022-07-13,19.75,0.0,1.801e-07,17.334,0.0,0.042,0.05,4.148,0.0,243.569,1.8e-07,19.506,0.0,0.042,0.05,4.159,0.0,243.499,0.0,16.472,0.0,0.0,0.095,5.573,0.0,88.549
2022-07-14,17.25,0.0,1.868e-05,17.195,0.122,0.04,0.05,3.778,0.0,247.986,1.868e-05,17.992,0.122,0.04,0.05,3.791,0.0,247.903,0.0,15.624,0.122,0.0,0.092,6.921,0.0,88.67
2022-07-15,18.25,0.0,1.574e-07,17.214,0.0,0.038,0.05,5.118,0.0,242.787,1.574e-07,18.04,0.0,0.037,0.05,5.131,0.0,242.691,0.0,15.068,0.0,0.0,0.091,6.062,0.0,83.666
2022-07-16,20.85,0.0,8.083e-06,17.48,0.031,0.036,0.05,3.703,0.0,242.571,8.083e-06,19.454,0.031,0.036,0.05,3.715,0.0,242.463,0.0,17.57,0.031,0.0,0.086,4.684,0.0,81.898
2022-07-17,21.9,0.0,1.446e-07,17.831,0.0,0.035,0.05,7.321,0.0,235.169,1.446e-07,20.499,0.0,0.034,0.05,7.339,0.0,235.044,0.0,16.857,0.0,0.0,0.08,6.868,0.0,75.52
2022-07-18,21.35,0.0,3.408e-05,18.034,0.272,0.034,0.05,3.402,0.0,246.815,3.408e-05,20.549,0.272,0.033,0.05,3.413,0.0,246.678,0.0,18.548,0.272,0.0,0.074,3.447,0.0,83.667
2022-07-19,22.5,0.0,7.409e-06,18.338,0.027,0.033,0.05,4.574,0.0,245.433,7.408e-06,21.252,0.027,0.033,0.05,4.589,0.0,245.283,0.0,18.521,0.027,0.0,0.074,7.163,0.0,83.042
2022-07-20,23.45,0.0,1.336e-07,18.739,0.0,0.032,0.05,6.0,0.0,239.353,1.335e-07,22.024,0.0,0.032,0.05,6.015,0.0,239.188,0.0,18.553,0.0,0.0,0.076,5.719,0.0,77.363
2022-07-21,25.45,0.0,1.71e-05,19.253,0.108,0.031,0.05,3.576,0.0,243.29,1.71e-05,23.37,0.108,0.031,0.05,3.587,0.0,243.114,0.0,20.895,0.108,0.0,0.074,3.623,0.0,78.826
2022-07-22,22.55,0.0,1.288e-07,19.426,0.0,0.031,0.05,5.935,0.0,237.276,1.287e-07,22.294,0.0,0.031,0.049,5.948,0.0,237.088,0.0,18.555,0.0,0.0,0.073,7.418,0.0,73.767
2022-07-23,23.6,0.0,1.27e-07,19.71,0.0,0.03,0.049,6.139,0.0,231.059,1.269e-07,22.539,0.0,0.03,0.049,6.153,0.0,230.856,0.0,18.966,0.0,0.0,0.07,5.628,0.0,68.068
2022-07-24,24.15,0.0,4.753e-06,19.995,0.01,0.03,0.049,3.872,0.0,229.201,4.752e-06,22.901,0.01,0.029,0.049,3.884,0.0,228.986,0.0,20.813,0.01,0.0,0.065,3.51,0.0,66.033
2022-07-25,20.9,0.0,2.987e-05,19.91,0.231,0.029,0.049,3.203,0.0,239.191,2.987e-05,21.299,0.231,0.029,0.049,3.213,0.0,238.968,0.0,19.346,0.231,0.0,0.06,3.808,0.0,72.531
2022-07-26,18.9,0.0,1.209e-07,19.629,0.0,0.029,0.049,6.987,0.0,232.129,1.208e-07,19.713,0.0,0.028,0.049,7.002,0.0,231.89,0.0,16.043,0.0,0.0,0.059,9.311,0.0,66.624
2022-07-27,19.3,0.0,1.193e-07,19.457,0.0,0.028,0.049,4.658,0.0,227.396,1.192e-07,19.409,0.0,0.028,0.048,4.668,0.0,227.148,0.0,16.401,0.0,0.0,0.059,4.813,0.0,61.748
2022-07-28,22.15,0.0,2.215e-05,19.596,0.156,0.027,0.048,5.645,0.0,231.522,2.215e-05,20.801,0.156,0.027,0.048,5.662,0.0,231.256,0.0,17.64,0.156,0.0,0.053,10.812,0.0,60.365
2022-07-29,19.95,0.0,1.15e-07,19.464,0.0,0.027,0.048,5.223,0.0,226.226,1.149e-07,20.068,0.0,0.027,0.048,5.234,0.0,225.949,0.0,16.977,0.0,0.0,0.05,5.433,0.0,55.242
2022-07-30,17.5,0.0,1.134e-07,19.08,0.0,0.026,0.048,5.633,0.0,220.52,1.132e-07,18.522,0.0,0.026,0.048,5.645,0.0,220.231,0.0,15.206,0.0,0.0,0.049,5.427,0.0,49.772
2022-07-31,20.15,0.0,1.12e-07,19.056,0.0,0.026,0.048,3.87,0.0,216.577,1.118e-07,19.421,0.0,0.026,0.048,3.878,0.0,216.28,0.0,17.012,0.0,0.0,0.046,3.727,0.0,45.996
2022-08-01,22.1,0.0,6.721e-06,19.179,0.022,0.026,0.048,2.949,0.0,216.534,6.721e-06,20.693,0.022,0.025,0.048,2.957,0.0,216.229,0.0,18.923,0.022,0.0,0.04,3.039,0.0,45.138
2022-08-02,19.15,0.0,2.312e-06,18.992,0.001,0.025,0.048,4.248,0.0,213.214,2.312e-06,19.553,0.001,0.025,0.048,4.26,0.0,212.897,0.0,16.454,0.001,0.0,0.038,5.746,0.0,41.228
2022-08-03,17.8,0.0,7.668e-07,18.699,0.0,0.025,0.048,2.717,0.0,210.726,7.666e-07,18.493,0.0,0.024,0.047,2.725,0.0,210.402,0.0,16.764,0.0,0.0,0.035,2.533,0.0,39.426
2022-08-04,22.65,0.0,9.138e-06,18.903,0.04,0.024,0.047,3.429,0.0,211.288,9.138e-06,20.673,0.04,0.024,0.047,3.438,0.0,210.956,0.0,18.998,0.04,0.0,0.033,3.999,0.0,39.041
2022-08-05,20.9,0.0,1.012e-07,18.916,0.0,0.023,0.047,4.067,0.0,207.152,1.009e-07,20.445,0.0,0.023,0.047,4.075,0.0,206.812,0.0,17.869,0.0,0.0,0.031,4.316,0.0,36.975
2022-08-06,23.45,0.0,9.947e-08,19.212,0.0,0.023,0.047,7.096,0.0,199.988,9.922e-08,21.686,0.0,0.023,0.047,7.11,0.0,199.633,0.0,17.999,0.0,0.0,0.03,4.65,0.0,34.517
2022-08-07,25.4,0.0,6.48e-06,19.656,0.021,0.021,0.044,4.356,0.0,198.453,6.479e-06,23.081,0.021,0.02,0.044,4.367,0.0,198.088,0.0,20.182,0.021,0.0,0.028,4.563,0.0,33.27
2022-08-08,17.95,0.0,5.054e-05,19.269,0.437,0.019,0.043,2.725,0.0,218.135,5.054e-05,19.753,0.437,0.018,0.043,2.732,0.0,217.763,0.0,17.466,0.437,0.0,0.027,3.587,0.0,45.642
2022-08-09,15.2,0.0,4.723e-05,18.636,0.404,0.018,0.044,2.561,0.0,236.508,4.723e-05,17.138,0.404,0.018,0.044,2.567,0.0,236.131,0.0,15.143,0.404,0.0,0.026,4.151,0.0,60.384
2022-08-10,18.7,0.0,6.754e-08,18.448,0.0,0.017,0.044,4.138,0.0,232.312,6.732e-08,18.201,0.0,0.017,0.044,4.146,0.0,231.928,0.0,15.861,0.0,0.0,0.031,6.192,0.0,57.581
2022-08-11,18.45,0.0,7.115e-06,18.268,0.025,0.016,0.044,2.69,0.0,232.739,7.115e-06,18.37,0.025,0.016,0.044,2.696,0.0,232.35,0.0,16.425,0.025,0.0,0.039,3.898,0.0,56.32
2022-08-12,14.15,0.0,6.076e-08,17.659,0.0,0.016,0.044,4.487,0.0,228.194,6.055e-08,16.023,0.0,0.015,0.044,4.495,0.0,227.797,0.0,13.046,0.0,0.0,0.042,5.259,0.0,51.525
2022-08-13,16.15,0.0,5.854e-08,17.345,0.0,0.015,0.044,4.738,0.0,223.399,5.834e-08,16.362,0.0,0.015,0.044,4.746,0.0,222.994,0.0,13.32,0.0,0.0,0.041,4.485,0.0,47.0
2022-08-14,17.35,0.0,5.684e-08,17.2,0.0,0.015,0.044,5.199,0.0,218.143,5.663e-08,17.094,0.0,0.014,0.044,5.208,0.0,217.729,0.0,13.913,0.0,0.0,0.038,4.559,0.0,42.404
2022-08-15,18.7,0.0,5.55e-08,17.208,0.0,0.014,0.044,4.108,0.0,213.979,5.53e-08,18.036,0.0,0.014,0.044,4.115,0.0,213.557,0.0,15.25,0.0,0.0,0.035,3.744,0.0,38.623
2022-08-16,19.7,0.0,5.444e-08,17.317,0.0,0.014,0.044,5.239,0.0,208.684,5.424e-08,18.865,0.0,0.014,0.043,5.248,0.0,208.253,0.0,15.752,0.0,0.0,0.032,4.179,0.0,34.524
2022-08-17,19.1,0.0,3.359e-06,17.34,0.004,0.014,0.043,2.573,0.0,207.55,3.359e-06,18.821,0.004,0.013,0.043,2.579,0.0,207.114,0.0,16.964,0.004,0.0,0.03,2.476,0.0,33.251
2022-08-18,16.85,0.0,1.989e-05,17.114,0.135,0.013,0.043,2.627,0.0,213.733,1.989e-05,17.613,0.135,0.013,0.043,2.632,0.0,213.292,0.0,15.953,0.135,0.0,0.028,3.044,0.0,36.062
2022-08-19,20.7,0.0,3.357e-06,17.338,0.004,0.013,0.043,3.104,0.0,212.069,3.357e-06,19.322,0.004,0.013,0.043,3.111,0.0,211.622,0.0,17.377,0.004,0.0,0.027,4.846,0.0,35.86
2022-08-20,22.2,0.0,5.132e-08,17.689,0.0,0.013,0.043,4.909,0.0,207.104,5.111e-08,20.67,0.0,0.013,0.043,4.918,0.0,206.649,0.0,17.797,0.0,0.0,0.028,4.095,0.0,32.209
2022-08-21,23.85,0.0,4.678e-06,18.154,0.01,0.013,0.043,3.982,0.0,205.157,4.678e-06,21.982,0.01,0.012,0.043,3.99,0.0,204.694,0.0,19.364,0.01,0.0,0.027,4.473,0.0,30.788
2022-08-22,22.1,0.0,1.107e-05,18.375,0.056,0.012,0.043,3.36,0.0,206.686,1.107e-05,21.484,0.056,0.012,0.043,3.367,0.0,206.216,0.0,19.296,0.056,0.0,0.027,4.064,0.0,30.821
2022-08-23,20.5,0.0,2.649e-05,18.395,0.198,0.012,0.043,3.096,0.0,215.337,2.649e-05,20.505,0.198,0.012,0.043,3.103,0.0,214.86,0.0,18.325,0.198,0.0,0.026,4.667,0.0,35.089
2022-08-24,21.45,0.0,7.103e-07,18.52,0.0,0.012,0.043,4.023,0.0,211.559,7.1e-07,20.752,0.0,0.012,0.043,4.03,0.0,211.076,0.0,17.973,0.0,0.0,0.027,5.894,0.0,32.589
2022-08-25,17.95,0.0,4.874e-08,18.273,0.0,0.012,0.043,6.09,0.0,205.415,4.853e-08,18.921,0.0,0.012,0.043,6.101,0.0,204.921,0.0,15.589,0.0,0.0,0.028,4.358,0.0,29.261
2022-08-26,17.65,0.0,3.379e-05,18.022,0.235,0.012,0.043,2.541,0.0,216.285,3.376e-05,18.187,0.235,0.012,0.043,2.546,0.0,215.787,0.0,16.455,0.235,0.0,0.027,3.566,0.0,35.705
2022-08-27,16.1,0.0,1.852e-06,17.65,0.0,0.012,0.043,3.526,0.0,212.705,1.838e-06,17.059,0.0,0.012,0.043,3.532,0.0,212.201,0.0,14.832,0.0,0.0,0.026,4.868,0.0,32.932
2022-08-28,18.15,0.0,9.635e-07,17.556,0.0,0.012,0.043,4.241,0.0,208.41,9.562e-07,17.796,0.0,0.011,0.043,4.248,0.0,207.9,0.0,15.81,0.0,0.0,0.027,3.492,0.0,29.526
2022-08-29,23.0,0.0,5.122e-07,17.953,0.0,0.012,0.043,6.899,0.0,201.457,5.084e-07,20.612,0.0,0.011,0.042,6.911,0.0,200.936,0.0,18.033,0.0,0.0,0.026,3.947,0.0,27.336
2022-08-30,22.8,0.0,2.199e-05,18.289,0.137,0.011,0.042,3.355,0.0,207.012,2.198e-05,21.379,0.137,0.011,0.042,3.362,0.0,206.485,0.0,19.902,0.137,0.0,0.025,3.736,0.0,29.343
2022-08-31,16.95,0.0,3.961e-05,17.976,0.261,0.011,0.042,3.618,0.0,217.98,3.96e-05,18.571,0.261,0.011,0.042,3.625,0.0,217.445,0.0,15.744,0.261,0.0,0.025,6.825,0.0,36.809
2022-09-01,11.9,0.0,6.146e-06,17.105,0.002,0.011,0.042,1.906,0.0,217.219,6.144e-06,14.862,0.002,0.011,0.042,1.911,0.0,216.68,0.0,12.794,0.002,0.0,0.027,3.468,0.0,35.579
2022-09-02,14.7,0.0,1.8e-06,16.584,0.0,0.011,0.042,3.205,0.0,213.961,1.799e-06,15.155,0.0,0.011,0.042,3.213,0.0,213.415,0.0,13.021,0.0,0.0,0.03,3.281,0.0,32.256
2022-09-03,19.7,0.0,9.357e-07,16.656,0.0,0.011,0.042,3.069,0.0,210.84,9.35e-07,17.924,0.0,0.011,0.042,3.078,0.0,210.285,0.0,16.061,0.0,0.0,0.03,2.776,0.0,29.62
2022-09-04,15.0,0.0,5.565e-06,16.258,0.013,0.011,0.042,1.887,0.0,211.188,5.564e-06,16.306,0.013,0.01,0.042,1.892,0.0,210.628,0.0,13.835,0.013,0.0,0.029,3.146,0.0,28.795
2022-09-05,13.25,0.0,1.816e-06,15.751,0.0,0.011,0.042,0.979,0.0,210.857,1.816e-06,14.791,0.0,0.01,0.042,0.982,0.0,210.295,0.0,13.438,0.0,0.0,0.028,1.434,0.0,28.287
2022-09-06,16.55,0.0,6.006e-07,15.633,0.0,0.01,0.042,0.986,0.0,210.019,6.003e-07,16.02,0.0,0.01,0.042,0.989,0.0,209.454,0.0,15.222,0.0,0.0,0.028,1.348,0.0,27.916
2022-09-07,17.7,0.0,1.02e-07,15.625,0.0,0.01,0.042,1.572,0.0,208.395,1.017e-07,17.041,0.0,0.01,0.042,1.579,0.0,207.823,0.0,15.095,0.0,0.0,0.027,2.572,0.0,27.0
2022-09-08,18.45,0.0,7.232e-08,15.68,0.0,0.01,0.042,2.408,0.0,205.935,7.206e-08,17.775,0.0,0.01,0.042,2.419,0.0,205.353,0.0,15.25,0.0,0.0,0.026,2.818,0.0,25.768
2022-09-09,19.05,0.0,5.689e-08,15.794,0.0,0.01,0.042,1.493,0.0,204.391,5.662e-08,18.345,0.0,0.01,0.041,1.499,0.0,203.803,0.0,17.036,0.0,0.0,0.025,1.33,0.0,24.796
2022-09-10,20.55,0.0,4.859e-08,16.045,0.0,0.01,0.041,1.872,0.0,202.469,4.833e-08,19.33,0.0,0.01,0.041,1.88,0.0,201.873,0.0,17.677,0.0,0.0,0.024,1.86,0.0,23.675
2022-09-11,20.9,0.0,2.644e-07,16.305,0.0,0.01,0.041,0.813,0.0,201.705,2.641e-07,19.874,0.0,0.009,0.041,0.816,0.0,201.106,0.0,19.264,0.0,0.0,0.023,0.354,0.0,23.153
2022-09-12,20.75,0.0,4.889e-06,16.53,0.011,0.009,0.041,0.894,0.0,202.95,4.889e-06,20.001,0.011,0.009,0.041,0.897,0.0,202.348,0.0,18.885,0.011,0.0,0.022,1.489,0.0,23.102
2022-09-13,19.25,0.0,2.807e-05,16.581,0.188,0.009,0.041,1.267,0.0,212.945,2.807e-05,19.279,0.188,0.009,0.041,1.272,0.0,212.338,0.0,17.4,0.188,0.0,0.022,3.696,0.0,26.942
2022-09-14,15.4,0.0,3.957e-05,16.205,0.257,0.009,0.041,0.837,0.0,226.501,3.957e-05,16.994,0.257,0.009,0.041,0.84,0.0,225.891,0.0,15.732,0.257,0.0,0.022,1.903,0.0,38.378
2022-09-15,10.65,0.0,3.664e-06,15.408,0.0,0.009,0.041,2.15,0.0,224.302,3.663e-06,13.623,0.0,0.009,0.041,2.158,0.0,223.683,0.0,10.119,0.0,0.0,0.024,4.634,0.0,33.67
2022-09-16,10.85,0.0,1.878e-06,14.725,0.0,0.009,0.041,1.309,0.0,222.943,1.878e-06,12.513,0.0,0.009,0.041,1.314,0.0,222.319,0.0,10.438,0.0,0.0,0.027,2.5,0.0,31.141
2022-09-17,11.25,0.0,9.717e-07,14.141,0.0,0.009,0.041,1.24,0.0,221.654,9.711e-07,12.314,0.0,0.009,0.041,1.245,0.0,221.025,0.0,10.435,0.0,0.0,0.026,2.49,0.0,28.654
2022-09-18,14.15,0.0,3.838e-05,13.972,0.263,0.01,0.041,0.82,0.0,235.517,3.838e-05,13.754,0.263,0.01,0.041,0.822,0.0,234.886,0.0,13.257,0.263,0.0,0.025,1.445,0.0,41.256
2022-09-19,13.3,0.0,9.246e-05,13.738,0.736,0.039,0.063,0.745,0.0,268.154,9.246e-05,13.782,0.736,0.039,0.062,0.747,0.0,267.521,0.0,12.876,0.692,0.0,0.027,2.015,0.0,72.823
2022-09-20,11.85,0.0,9.104,13.391,4.432,0.063,0.071,1.224,0.0,274.131,5.75e-05,12.998,4.05,0.063,0.07,1.228,0.0,273.886,0.0,10.984,0.203,0.0,0.076,3.915,0.0,80.838
2022-09-21,14.45,0.0,3.442e-05,13.316,3.766,0.079,0.069,1.3,0.0,274.228,3.441e-05,14.021,3.518,0.078,0.069,1.304,0.0,274.22,0.0,12.472,0.061,0.0,0.162,3.496,0.0,82.973
2022-09-22,12.8,0.0,0.0002538,13.059,37.9,0.092,0.071,0.775,0.0,275.04,9.386,13.546,37.889,0.091,0.071,0.777,0.0,275.04,0.0,12.899,0.87,0.0,0.292,1.604,0.0,121.847
2022-09-23,7.5,0.0,9.049,12.323,2.546,0.097,0.067,1.076,0.0,273.785,1.139e-05,10.568,2.545,0.097,0.067,1.08,0.0,273.781,0.0,8.877,0.0,0.0,0.743,3.038,0.0,118.701
2022-09-24,9.95,0.0,5.991e-06,11.887,0.25,0.1,0.066,1.741,0.0,271.87,5.991e-06,10.678,0.25,0.099,0.066,1.748,0.0,271.86,0.0,8.916,0.0,0.0,0.625,2.852,0.0,115.227
2022-09-25,10.95,0.0,8.125e-06,11.639,0.039,0.102,0.066,0.584,0.0,273.298,8.125e-06,11.241,0.039,0.102,0.066,0.586,0.0,273.286,0.0,10.747,0.011,0.0,0.521,1.203,0.0,115.445
2022-09-26,14.45,0.0,2.367e-05,11.775,2.15,0.107,0.069,0.889,0.0,274.681,2.365e-05,13.24,2.146,0.107,0.069,0.891,0.0,274.671,0.0,12.697,0.052,0.0,0.492,2.149,0.0,117.558
2022-09-27,12.45,0.0,2.091e-06,11.701,0.174,0.108,0.067,1.243,0.0,273.26,2.09e-06,12.953,0.174,0.108,0.067,1.247,0.0,273.245,0.0,10.736,0.0,0.0,0.484,2.695,0.0,114.614
2022-09-28,12.2,0.0,1.285e-06,11.607,0.017,0.107,0.066,1.495,0.0,271.593,1.285e-06,12.693,0.017,0.107,0.066,1.5,0.0,271.573,0.0,10.47,0.0,0.0,0.43,2.455,0.0,111.73
2022-09-29,7.3,0.0,8.728e-07,11.015,0.002,0.106,0.065,0.7,0.0,270.725,8.726e-07,10.055,0.002,0.106,0.065,0.702,0.0,270.703,0.0,8.699,0.0,0.0,0.378,1.782,0.0,109.572
2022-09-30,9.05,0.0,6.592e-07,10.647,0.0,0.104,0.064,1.275,0.0,269.286,6.591e-07,9.922,0.0,0.104,0.064,1.28,0.0,269.259,0.0,8.478,0.0,0.0,0.335,2.299,0.0,106.94
2022-10-01,10.25,0.0,5.456e-07,10.314,0.0,0.102,0.063,0.996,0.0,268.13,5.455e-07,10.502,0.0,0.102,0.063,0.999,0.0,268.101,0.0,8.756,0.0,0.0,0.297,1.4,0.0,105.243
2022-10-02,6.3,0.005354980146541528,4.823e-07,9.641,0.0,0.099,0.063,1.41,0.0,266.566,4.823e-07,8.585,0.0,0.099,0.063,1.415,0.0,266.532,0.0,5.817,0.0,0.0,0.27,2.036,0.0,102.936
2022-10-03,7.0,0.0,4.438e-07,9.066,0.0,0.096,0.062,1.167,0.0,265.25,4.437e-07,8.24,0.0,0.096,0.062,1.171,0.0,265.212,0.0,5.931,0.0,0.0,0.246,1.641,0.0,101.053
2022-10-04,8.55,0.0,4.184e-07,8.671,0.0,0.093,0.061,0.64,0.0,264.464,4.183e-07,8.911,0.0,0.093,0.061,0.642,0.0,264.425,0.0,7.445,0.0,0.0,0.225,0.861,0.0,99.965
2022-10-05,11.0,0.0,4.004e-07,8.559,0.0,0.09,0.06,0.684,0.0,263.637,4.003e-07,10.42,0.0,0.09,0.06,0.687,0.0,263.596,0.0,8.976,0.0,0.0,0.209,0.841,0.0,98.914
2022-10-06,14.5,0.0,3.854e-07,8.869,0.0,0.087,0.06,1.593,0.0,261.906,3.853e-07,12.8,0.0,0.087,0.06,1.598,0.0,261.86,0.0,10.217,0.0,0.0,0.197,1.776,0.0,96.943
2022-10-07,9.95,0.0,7.839e-05,8.703,6.674,0.101,0.072,0.751,0.0,273.791,7.835e-05,11.261,6.665,0.101,0.072,0.753,0.0,273.752,0.0,8.868,0.375,0.0,0.199,2.605,0.0,113.235
2022-10-08,4.85,1.3646295052601208e-05,3.093e-06,8.13,0.522,0.103,0.066,1.168,0.0,272.448,3.092e-06,7.953,0.521,0.103,0.066,1.171,0.0,272.406,0.0,5.156,0.0,0.0,0.277,2.44,0.0,111.15
2022-10-09,4.95,0.0,2.455e-06,7.599,0.052,0.104,0.066,0.421,0.0,272.154,2.455e-06,6.818,0.052,0.104,0.066,0.422,0.0,272.111,0.0,5.685,0.0,0.0,0.289,0.704,0.0,110.452
2022-10-10,4.95,0.0,1.135e-06,7.119,0.006,0.104,0.065,0.718,0.0,271.265,1.134e-06,6.378,0.006,0.104,0.065,0.72,0.0,271.221,0.0004558,5.062,0.0,0.0,0.28,1.152,0.0,109.025
2022-10-11,7.3,0.005852833157736218,7.971e-07,6.844,0.001,0.104,0.065,1.372,0.0,269.727,7.969e-07,7.433,0.001,0.103,0.065,1.376,0.0,269.678,0.0008642,5.464,0.0,0.0,0.263,1.714,0.0,107.044
2022-10-12,13.25,0.0,6.211e-07,7.254,0.0,0.102,0.064,1.029,0.0,268.536,6.21e-07,10.956,0.0,0.102,0.064,1.032,0.0,268.485,0.001231,9.066,0.0,0.0,0.248,0.998,0.0,105.801
2022-10-13,14.05,0.0,9.664e-06,7.771,0.038,0.103,0.065,0.377,0.0,271.949,9.663e-06,12.649,0.038,0.103,0.065,0.378,0.0,271.898,0.001574,11.346,0.038,0.0,0.239,0.336,0.0,108.553
2022-10-14,9.5,0.0,0.0002123,7.761,30.051,0.112,0.073,0.469,0.0,275.162,9.312,10.85,29.999,0.112,0.073,0.47,0.0,275.162,0.00207,9.106,0.737,0.0,0.306,1.456,0.0,142.359
2022-10-15,10.8,0.0,8.183e-06,7.798,2.121,0.112,0.067,0.989,0.0,273.993,8.183e-06,10.914,2.121,0.112,0.067,0.991,0.0,273.991,0.002995,8.957,0.0,0.0,0.69,2.038,0.0,140.261
2022-10-16,8.75,0.0,4.381e-06,7.665,0.208,0.112,0.067,0.655,0.0,273.162,4.381e-06,9.852,0.208,0.112,0.067,0.656,0.0,273.158,0.004141,7.951,0.0,0.0,0.781,1.19,0.0,138.292
2022-10-17,10.45,0.0,6.858e-06,7.726,0.035,0.112,0.067,0.331,0.0,274.538,6.857e-06,10.376,0.035,0.112,0.067,0.332,0.0,274.533,0.005225,9.492,0.008,0.0,0.76,0.427,0.0,138.751
2022-10-18,7.3,0.0,8.074e-06,7.541,0.581,0.113,0.068,0.322,0.0,274.999,8.07e-06,8.873,0.58,0.113,0.068,0.323,0.0,274.995,0.00625,7.7,0.005,0.0,0.752,1.007,0.0,138.675
2022-10-19,5.75,0.0011479820165963526,1.315e-06,7.163,0.049,0.113,0.067,1.242,0.0,273.578,1.315e-06,7.484,0.048,0.113,0.067,1.245,0.0,273.571,0.007196,5.377,0.0,0.0,0.73,1.902,0.0,136.204
2022-10-20,5.9,0.0,8.983e-07,6.938,0.005,0.112,0.066,0.507,0.0,272.896,8.983e-07,7.053,0.005,0.112,0.066,0.508,0.0,272.887,0.008016,5.209,0.0,0.0,0.675,0.909,0.0,134.619
2022-10-21,7.7,0.0,6.838e-07,6.82,0.001,0.111,0.066,0.755,0.0,271.968,6.837e-07,7.836,0.001,0.111,0.066,0.757,0.0,271.958,0.008711,6.331,0.0,0.0,0.622,0.998,0.0,133.0
2022-10-22,13.6,0.0,5.707e-07,7.277,0.0,0.109,0.065,1.245,0.0,270.555,5.707e-07,11.244,0.0,0.109,0.065,1.248,0.0,270.541,0.009295,9.176,0.0,0.0,0.576,1.252,0.0,131.169
2022-10-23,14.2,0.0,5.072e-07,7.754,0.0,0.106,0.064,2.16,0.0,268.232,5.071e-07,12.796,0.0,0.106,0.064,2.166,0.0,268.213,0.009777,9.076,0.0,0.0,0.531,2.339,0.0,128.304
2022-10-24,13.95,0.0,4.88e-06,8.183,0.009,0.104,0.064,0.359,0.0,269.703,4.88e-06,13.244,0.009,0.104,0.064,0.36,0.0,269.684,0.01017,11.328,0.009,0.0,0.489,0.274,0.0,129.253
2022-10-25,17.85,0.0,4.507e-07,8.945,0.0,0.101,0.063,1.882,0.0,267.663,4.506e-07,15.532,0.0,0.101,0.063,1.886,0.0,267.64,0.01051,11.967,0.0,0.0,0.474,2.195,0.0,126.86
2022-10-26,18.2,0.0,4.331e-07,9.648,0.0,0.099,0.062,1.183,0.0,266.327,4.33e-07,16.574,0.0,0.098,0.062,1.186,0.0,266.301,0.01079,13.084,0.0,0.0,0.445,1.123,0.0,125.289
2022-10-27,7.1,0.001556563161746704,4.179e-07,9.052,0.0,0.095,0.061,1.408,0.0,264.772,4.178e-07,11.079,0.0,0.095,0.061,1.411,0.0,264.743,0.011,6.898,0.0,0.0,0.414,2.333,0.0,122.549
2022-10-28,3.1,0.028668853615452353,4.039e-07,8.186,0.0,0.092,0.061,0.583,0.0,264.046,4.038e-07,7.002,0.0,0.092,0.061,0.585,0.0,264.016,0.01113,4.679,0.0,0.0,0.375,1.106,0.0,121.04
2022-10-29,7.4,0.0,3.918e-07,7.787,0.0,0.089,0.06,0.691,0.0,263.215,3.917e-07,7.803,0.0,0.089,0.06,0.692,0.0,263.183,0.01121,6.234,0.0,0.0,0.345,0.927,0.0,119.796
2022-10-30,10.35,0.0,3.807e-07,7.766,0.0,0.086,0.06,0.548,0.0,262.529,3.807e-07,9.614,0.0,0.086,0.06,0.55,0.0,262.496,0.01124,8.259,0.0,0.0,0.322,0.619,0.0,118.851
2022-10-31,10.8,0.0,1.032e-06,7.871,0.0,0.084,0.059,0.725,0.0,261.968,1.032e-06,10.472,0.0,0.084,0.059,0.726,0.0,261.934,0.01124,8.526,0.0,0.0,0.304,0.892,0.0,117.951
2022-11-01,10.5,0.0,1.023e-06,7.957,0.0,0.081,0.059,0.177,0.0,261.956,1.023e-06,10.61,0.0,0.081,0.059,0.177,0.0,261.922,0.01122,8.915,0.0,0.0,0.29,-0.045,0.0,117.907
2022-11-02,7.85,0.0,3.538e-07,7.641,0.0,0.08,0.059,0.63,0.0,261.194,3.537e-07,9.226,0.0,0.08,0.059,0.631,0.0,261.159,0.01117,6.792,0.0,0.0,0.281,0.934,0.0,116.797
2022-11-03,9.85,0.0,3.447e-07,7.423,0.0,0.077,0.058,1.866,0.0,259.199,3.447e-07,9.841,0.0,0.077,0.058,1.87,0.0,259.16,0.01111,6.068,0.0,0.0,0.269,1.941,0.0,114.591
2022-11-04,13.7,0.0,3.335e-07,7.744,0.0,0.075,0.057,0.827,0.0,258.247,3.334e-07,12.123,0.0,0.075,0.057,0.828,0.0,258.206,0.01103,9.235,0.0,0.0,0.253,0.526,0.0,113.805
2022-11-05,17.8,0.0,3.221e-07,8.52,0.0,0.072,0.057,1.209,0.0,256.916,3.22e-07,15.119,0.0,0.072,0.057,1.212,0.0,256.873,0.01093,10.738,0.0,0.0,0.24,0.951,0.0,112.614
2022-11-06,17.0,0.0,8.252e-06,9.173,0.031,0.072,0.058,0.446,0.0,259.912,8.252e-06,15.741,0.031,0.071,0.058,0.447,0.0,259.868,0.01082,12.421,0.031,0.0,0.231,0.709,0.0,115.105
2022-11-07,9.85,0.0,1.385e-05,8.887,0.076,0.076,0.061,0.166,0.0,265.619,1.385e-05,12.119,0.076,0.075,0.061,0.167,0.0,265.575,0.01073,9.435,0.076,0.0,0.238,0.25,0.0,120.15
2022-11-08,1.4,0.45881034477643867,3.884e-07,7.836,0.0,0.078,0.061,0.678,0.0,264.798,3.873e-07,6.319,0.0,0.078,0.061,0.679,0.0,264.752,0.01066,3.46,0.0,0.0,0.258,1.75,0.0,118.329
2022-11-09,2.3,1.8938618487723295,3.78e-07,6.871,0.0,0.08,0.06,1.101,0.0,263.552,3.774e-07,4.816,0.0,0.08,0.06,1.103,0.0,263.505,0.01061,2.144,0.0,0.0,0.261,1.373,0.0,115.294
2022-11-10,11.3,0.0,3.711e-07,7.101,0.0,0.08,0.06,0.956,0.0,262.456,3.707e-07,9.135,0.0,0.08,0.06,0.957,0.0,262.407,0.01054,5.786,0.0,0.0,0.246,0.676,0.0,116.219
2022-11-11,14.4,0.0,1.713e-05,7.627,0.088,0.085,0.063,0.189,0.0,268.716,1.713e-05,12.232,0.088,0.085,0.063,0.189,0.0,268.667,0.01049,9.057,0.088,0.0,0.249,-0.197,0.0,122.143
2022-11-12,11.75,0.0,9.484,7.686,38.231,0.102,0.075,0.637,0.0,275.114,9.229,11.858,38.181,0.102,0.075,0.638,0.0,275.114,0.01071,9.082,1.014,0.0,0.359,2.186,0.0,167.189
2022-11-13,1.95,0.00645673318935299,1.163e-05,6.836,2.802,0.105,0.068,0.093,0.0,274.993,1.163e-05,6.401,2.801,0.105,0.068,0.093,0.0,274.993,0.01263,4.311,0.0,0.0,1.429,0.51,0.0,165.512
2022-11-14,-1.45,4.436010657096343,5.904e-06,5.843,0.276,0.107,0.067,0.613,0.0,274.245,5.901e-06,2.671,0.275,0.106,0.067,0.614,0.0,274.248,0.01516,1.555,0.0,0.0,1.709,1.604,0.0,158.478
2022-11-15,-2.1,11.105607412604993,3.226e-06,4.875,0.03,0.108,0.067,0.538,0.0,273.53,3.221e-06,0.969,0.03,0.107,0.066,0.539,0.0,273.534,0.01713,0.638,0.0,0.0,1.445,0.975,0.0,149.594
2022-11-16,-0.95,10.615292633048673,1.42e-05,4.245,0.004,0.108,0.066,0.102,2.736,273.346,1.42e-05,1.974,0.004,0.107,0.066,0.102,2.736,273.351,0.01862,0.507,0.0,0.0,1.224,0.824,2.188,148.535
2022-11-17,-4.15,13.549843166248168,1.17e-06,3.228,0.0,0.108,0.066,1.054,5.472,272.153,1.167e-06,1.353,0.0,0.107,0.066,1.054,5.472,272.158,0.01983,0.332,0.0,0.0,1.123,1.147,4.29,144.189
2022-11-18,-5.25,15.19636536308247,6.104e-06,2.115,0.0,0.107,0.065,0.0,6.608,271.983,6.102e-06,1.01,0.0,0.106,0.066,0.0,6.608,271.987,0.02077,0.262,0.0,0.0,1.011,0.07,5.237,141.317
2022-11-19,-2.55,14.53521994785647,6.803e-06,1.517,0.0,0.104,0.063,0.0,9.144,271.823,6.801e-06,1.641,0.0,0.106,0.066,0.0,9.144,271.817,0.02145,0.247,0.002,0.0,0.897,0.003,7.687,140.931
2022-11-20,-6.55,16.484691740258974,5.384e-07,0.533,0.0,0.101,0.061,0.299,10.544,271.497,5.372e-07,1.028,0.0,0.105,0.065,0.299,10.544,271.475,0.02196,0.176,0.0,0.0,0.837,0.74,9.175,137.914
2022-11-21,-5.3,17.679567027268565,7.09e-07,-0.473,0.0,0.099,0.061,0.0,10.552,271.345,7.081e-07,0.909,0.0,0.104,0.065,0.0,10.552,271.307,0.02235,0.159,0.292,0.0,0.777,-0.051,9.259,135.777
2022-11-22,-3.0,18.86435581339799,3.858e-07,-0.845,0.0,0.081,0.049,0.461,10.56,270.888,4.603e-07,1.287,0.0,0.104,0.065,0.461,10.56,270.765,0.02256,0.15,0.023,0.0,0.693,0.237,9.253,133.732
2022-11-23,-2.35,19.041362774173017,7.563e-07,-0.993,0.0,0.068,0.049,0.0,10.598,270.808,8.85e-07,1.594,0.0,0.103,0.065,0.0,10.598,270.599,0.02265,0.156,0.002,0.0,0.637,-0.046,9.405,132.779
2022-11-24,-2.45,18.697085737435565,6.417e-06,-1.286,0.0,0.054,0.045,0.0,12.034,270.747,6.605e-06,1.851,0.0,0.102,0.065,0.0,12.034,270.435,9.064,0.163,0.529,0.0,0.605,-0.009,10.382,132.57
2022-11-25,1.95,15.990255415487274,9.055,-1.004,10.175,0.048,0.049,0.004,7.19,275.146,4.577e-05,2.535,9.538,0.114,0.074,0.004,7.19,275.359,0.02266,0.205,0.745,0.0,0.578,0.4,10.62,137.536
2022-11-26,2.95,14.382253387511886,6.029e-06,-0.694,1.285,0.044,0.049,0.39,0.473,275.166,5.928e-06,3.228,1.263,0.115,0.068,0.391,0.473,275.275,0.02269,0.226,0.225,0.0,0.606,0.62,9.451,139.591
2022-11-27,5.75,8.198530766460777,2.94e-05,-0.122,4.142,0.058,0.063,0.072,0.0,275.435,2.957e-05,4.991,4.212,0.117,0.069,0.072,0.0,275.435,0.02291,0.318,1.249,0.0,0.697,-0.489,5.415,155.325
2022-11-28,0.6,9.36849642069415,2.374e-05,-0.076,3.493,0.069,0.063,0.251,0.0,275.439,2.386e-05,2.783,3.463,0.118,0.069,0.252,0.0,275.438,0.02377,0.303,0.152,0.0,1.026,0.938,2.994,153.878
2022-11-29,-1.8,10.691752988907583,4.121e-06,-0.206,0.244,0.06,0.05,0.0,0.437,275.356,4.338e-06,1.068,0.243,0.116,0.067,0.0,0.437,275.261,0.02489,0.281,0.0,0.0,1.179,0.059,4.588,151.16
2022-11-30,3.1,8.420006329061419,9.792e-05,-0.108,15.212,0.071,0.064,0.043,0.437,275.558,9.109,2.842,15.095,0.118,0.07,0.043,0.437,275.557,0.02629,0.313,12.152,0.0,1.297,-0.154,6.058,153.136
2022-12-01,-2.15,9.355318100451097,4.627e-06,-0.348,1.007,0.061,0.05,0.011,0.081,275.474,4.836e-06,0.49,0.999,0.116,0.067,0.011,0.081,275.379,0.02718,0.291,0.877,0.0,1.201,-0.01,7.148,150.859
2022-12-02,-1.6,9.948917501706891,5.091e-06,-0.64,0.539,0.053,0.049,0.005,0.081,275.573,4.865e-06,-0.008,0.434,0.097,0.054,0.005,0.081,275.573,0.02804,0.274,0.28,0.0,1.162,-0.026,7.555,148.991
2022-12-03,4.1,7.5567452728113205,6.569e-05,-0.299,9.89,0.047,0.05,0.223,0.0,275.609,6.545e-05,2.93,9.779,0.104,0.07,0.224,0.0,275.609,0.02892,0.375,6.714,0.0,1.163,0.557,8.222,152.271
2022-12-04,-2.35,11.67423049635464,3.036e-06,-0.538,0.661,0.043,0.05,0.894,0.0,274.635,3.272e-06,0.334,0.653,0.106,0.067,0.901,0.0,274.533,0.02953,0.205,0.476,0.0,1.099,1.487,8.418,146.826
2022-12-05,1.85,10.551436275458055,1.623e-06,-0.373,0.065,0.041,0.05,0.611,0.0,273.941,1.883e-06,1.789,0.064,0.107,0.067,0.609,0.0,273.748,0.03011,0.288,1.724,0.0,1.058,0.241,7.15,146.788
2022-12-06,5.4,1.7422064546084866,2.641e-05,0.135,3.196,0.056,0.063,0.035,0.0,275.514,2.576e-05,4.209,2.858,0.111,0.069,0.035,0.0,275.645,0.03061,0.926,2.046,0.0,1.024,-0.492,4.81,160.139
2022-12-07,6.7,1.2647944990269429,9.049,0.746,8.565,0.074,0.07,0.485,0.0,275.556,5.805e-05,5.755,8.673,0.115,0.07,0.488,0.0,275.561,0.03171,2.48,0.309,0.0,1.378,1.563,3.311,167.442
2022-12-08,-0.2,7.30826836351617,3.002e-06,0.507,0.59,0.084,0.067,0.817,0.0,274.558,3.109e-06,2.516,0.59,0.114,0.067,0.824,0.0,274.557,0.03331,0.686,0.094,0.0,1.69,1.487,3.084,159.051
2022-12-09,-7.3,26.571449642381285,1.644e-06,-0.415,0.058,0.071,0.05,0.225,0.0,274.25,1.724e-06,-2.447,0.058,0.093,0.051,0.227,0.0,274.244,0.03435,-0.399,0.002,0.0,1.42,0.981,3.005,138.165
2022-12-10,-8.45,43.409849474731004,9.222e-07,-1.352,0.006,0.056,0.045,0.357,0.0,273.833,9.707e-07,-4.152,0.006,0.071,0.041,0.359,0.0,273.837,0.03462,-1.44,0.0,0.0,1.035,0.97,2.967,119.857
2022-12-11,-6.7,52.38138478972492,5.312e-07,-1.973,0.001,0.043,0.041,0.233,0.0,273.552,5.669e-07,-3.423,0.001,0.054,0.041,0.235,0.0,273.554,0.03435,-1.68,0.0,0.0,0.763,0.596,2.93,109.846
2022-12-12,-9.05,63.13553553861389,1.201e-06,-2.733,0.0,0.034,0.041,0.025,0.137,273.502,1.228e-06,-4.913,0.0,0.042,0.04,0.025,0.137,273.073,0.03373,-2.413,0.0,0.0,0.566,0.422,2.953,100.838
2022-12-13,-7.75,72.33289886065904,2.034e-07,-3.337,0.0,0.027,0.039,0.514,0.273,273.045,2.226e-07,-4.325,0.0,0.033,0.04,0.516,0.273,270.675,0.03293,-2.958,0.0,0.0,0.454,0.74,2.976,91.807
2022-12-14,-5.9,77.43958168860674,1.373e-07,-3.671,0.0,0.022,0.034,0.15,0.273,272.854,1.515e-07,-3.356,0.0,0.026,0.04,0.151,0.273,263.835,0.03197,-2.262,0.0,0.0,0.355,0.278,2.963,85.06
2022-12-15,0.65,74.9189449923285,9.803e-07,-3.258,0.001,0.018,0.04,0.245,0.137,273.232,1.053e-06,0.633,0.0,0.036,0.057,0.245,0.137,259.099,0.03092,-1.017,0.015,0.0,0.276,0.107,2.997,84.837
2022-12-16,0.0,72.46789668848811,1.463e-05,-2.818,0.002,0.015,0.04,0.0,2.899,273.858,1.474e-05,0.554,0.0,0.043,0.057,0.0,2.899,260.55,0.02986,-0.657,0.017,0.0,0.235,-0.091,5.22,88.601
2022-12-17,-2.1,71.01355417864978,2.849e-05,-2.676,0.0,0.013,0.04,0.247,12.248,273.689,2.864e-05,0.316,0.0,0.049,0.058,0.246,12.248,261.092,0.02882,-0.669,0.0,0.0,0.216,1.235,13.311,89.705
2022-12-18,-2.95,69.36297206482497,2.696e-06,-2.675,0.0,0.012,0.04,0.0,19.235,273.641,2.874e-06,0.239,0.0,0.054,0.058,0.0,19.235,261.402,0.02778,-0.63,0.0,0.0,0.212,-0.09,19.89,91.036
2022-12-19,-3.7,67.66445395517093,3.792e-06,-2.704,0.0,0.011,0.04,0.0,20.622,273.593,3.989e-06,0.203,0.0,0.058,0.058,0.0,20.622,261.596,0.02681,-0.586,0.0,0.0,0.211,-0.117,21.513,92.418
2022-12-20,-5.3,66.1906265283354,1.525e-05,-2.905,0.0,0.01,0.04,0.255,24.922,273.417,1.546e-05,0.104,0.0,0.06,0.058,0.253,24.922,261.606,0.0259,-0.567,0.0,0.0,0.21,1.149,25.382,93.567
2022-12-21,-5.3,64.51744439297929,3.564e-06,-3.192,0.0,0.009,0.04,0.294,29.109,273.202,3.788e-06,0.113,0.0,0.062,0.058,0.292,29.109,261.431,0.02501,-0.537,0.0,0.0,0.209,0.922,28.953,94.923
2022-12-22,-3.7,62.47096328939226,1.799e-06,-3.38,0.0,0.009,0.04,0.0,30.182,273.154,2.03e-06,0.323,0.0,0.064,0.058,0.0,30.182,261.436,0.02417,-0.49,0.0,0.0,0.208,-0.111,29.998,96.668
2022-12-23,-1.45,59.11570522952507,0.0001396,-3.624,9.848,0.009,0.04,0.0,46.4,275.461,9.888e-05,0.701,0.218,0.076,0.067,0.0,46.4,274.415,9.191,-0.383,13.852,0.0,0.21,-0.327,44.84,100.65
2022-12-24,-11.8,56.06358537047398,3.359e-06,-4.265,0.662,0.008,0.04,0.0,62.481,275.413,1.629e-06,-0.117,0.048,0.065,0.051,0.0,62.481,275.381,0.02264,-0.35,1.151,0.0,0.217,-0.087,59.422,103.409
2022-12-25,-8.65,54.17983857262771,1.273e-06,-4.674,0.065,0.008,0.034,0.57,62.681,274.93,5.634e-07,0.023,0.005,0.077,0.066,0.57,62.681,274.517,0.02195,-0.362,0.094,0.0,0.232,0.607,59.547,104.962
2022-12-26,-5.9,52.29193586351168,5.29e-06,-4.702,0.007,0.008,0.034,0.0,63.667,274.89,5.107e-06,0.331,0.001,0.085,0.066,0.0,63.667,274.33,0.02135,-0.361,0.01,0.0,0.252,0.252,60.416,106.512
2022-12-27,-7.55,50.43733892491869,1.454e-06,-4.921,0.001,0.007,0.033,0.0,64.903,274.85,1.548e-06,0.288,0.0,0.091,0.067,0.0,64.903,274.644,0.02081,-0.371,0.001,0.0,0.272,-0.041,61.573,108.007
2022-12-28,-3.75,48.65965371344239,9.009e-06,-4.771,0.0,0.007,0.034,0.0,67.153,274.81,9.255e-06,0.585,0.0,0.097,0.067,0.0,67.153,274.882,0.02035,-0.342,0.0,0.0,0.296,-0.162,63.761,109.417
2022-12-29,1.85,45.956653816322614,7.732e-05,-4.231,16.746,0.007,0.04,0.0,61.447,275.784,9.088,1.116,17.603,0.105,0.07,0.0,61.447,275.692,0.01995,-0.277,3.654,0.0,0.311,0.072,65.384,111.904
2022-12-30,7.3,41.949579035691194,9.246,-3.178,35.584,0.007,0.041,1.46,34.706,275.48,0.0001515,2.263,37.121,0.112,0.071,1.46,34.706,275.42,0.01964,-0.197,8.555,0.0,0.344,1.016,60.496,115.256
2022-12-31,8.0,37.56183045323976,8.804e-05,-2.079,19.751,0.007,0.041,0.032,7.836,275.947,9.183,5.437,23.019,0.119,0.072,0.032,7.836,275.935,0.0193,-0.135,13.816,0.0,0.319,-0.697,50.062,120.38
2023-01-01,3.35,33.51104291295633,4.044e-05,-1.567,6.182,0.007,0.041,0.001,0.0,276.006,4.845e-05,2.912,7.885,0.122,0.071,0.001,0.0,276.008,0.01896,-0.099,4.534,0.0,0.347,-0.023,44.027,125.852
2023-01-02,1.35,30.13866152938012,5.665e-06,-1.227,0.458,0.008,0.042,0.485,0.0,275.598,7.171e-06,1.562,0.602,0.12,0.068,0.489,0.0,275.757,0.01876,-0.058,0.386,0.0,0.412,0.677,43.385,129.516
2023-01-03,-0.75,27.871499712065862,1.05e-05,-1.266,0.901,0.008,0.041,0.248,0.0,275.972,1.194e-05,0.233,1.051,0.117,0.067,0.25,0.0,275.982,0.01872,-0.056,0.097,0.0,0.474,0.348,43.262,131.79
2023-01-04,0.5,26.525064340924057,3.31e-05,-1.032,2.864,0.01,0.046,0.442,2.749,275.97,3.31e-05,1.033,2.702,0.118,0.069,0.442,2.749,275.979,0.01879,0.035,0.031,0.0,0.522,2.025,46.95,132.612
2023-01-05,0.4,23.378415224357383,9.043,-0.908,3.984,0.012,0.046,0.0,10.696,276.112,5.008e-05,1.145,3.922,0.119,0.069,0.0,10.696,276.122,9.06,0.063,0.249,0.0,0.548,-0.098,55.173,139.722
2023-01-06,0.75,20.679192469983636,2.236e-05,-0.754,5.287,0.014,0.047,0.993,12.831,275.921,2.27e-05,1.193,5.231,0.121,0.07,0.993,12.831,275.932,0.01912,0.076,0.07,0.0,0.623,0.858,59.693,142.041
2023-01-07,-4.55,19.263468541918083,1.46e-05,-1.344,0.362,0.012,0.041,0.0,12.554,275.873,1.509e-05,0.274,0.358,0.118,0.067,0.0,12.554,275.834,0.01957,0.084,0.0,0.0,0.728,-0.016,61.953,142.68
2023-01-08,-7.55,18.582151610194366,1.052e-06,-1.981,0.036,0.011,0.041,0.078,15.34,275.818,1.435e-06,-0.376,0.035,0.096,0.051,0.078,15.34,275.705,0.02011,0.066,0.0,0.0,0.793,0.536,64.564,142.526
2023-01-09,-4.5,17.753239367651144,3.638e-06,-2.273,0.004,0.01,0.04,0.042,16.004,275.767,4.026e-06,0.097,0.004,0.099,0.066,0.042,16.004,275.414,0.02074,0.166,0.0,0.0,0.847,0.247,65.158,142.468
2023-01-10,-7.85,17.14196839572747,5.587e-06,-2.994,0.0,0.009,0.04,0.0,17.849,275.719,5.898e-06,-0.331,0.0,0.082,0.051,0.0,17.849,275.275,0.02139,0.19,0.0,0.0,0.867,-0.01,66.718,142.182
2023-01-11,-10.3,16.875973430742576,1.684e-07,-3.817,0.0,0.009,0.04,0.486,19.029,275.313,4.248e-07,-0.783,0.0,0.07,0.051,0.486,19.029,274.713,0.02196,0.193,0.0,0.0,0.848,0.638,67.632,141.576
2023-01-12,-2.3,15.625907735402556,3.225e-07,-3.723,0.0,0.009,0.04,0.0,19.037,275.265,6.208e-07,0.387,0.0,0.08,0.066,0.0,19.037,274.364,0.02246,0.227,0.0,0.0,0.822,-0.112,67.632,142.047
2023-01-13,-2.85,13.685959830585556,6.177e-05,-3.68,0.0,0.008,0.04,0.0,33.023,275.217,6.21e-05,0.671,0.0,0.087,0.066,0.0,33.023,274.188,0.02295,0.26,0.118,0.0,0.797,0.327,81.031,143.556
2023-01-14,-7.45,11.226080322941547,2.958e-05,-3.936,0.0,0.008,0.04,0.0,53.701,275.169,2.993e-05,0.399,0.0,0.093,0.066,0.0,53.701,274.042,0.02329,0.286,0.009,0.0,0.782,0.322,100.771,145.48
2023-01-15,-10.3,9.417920477826247,4.162e-08,-4.538,0.0,0.008,0.04,0.389,60.401,274.86,4.115e-07,0.111,0.0,0.096,0.066,0.389,60.401,273.597,0.02365,0.289,0.001,0.0,0.798,0.482,107.041,146.683
2023-01-16,-9.7,7.916230269238425,9.953e-06,-5.056,0.0,0.008,0.033,0.222,62.587,274.724,1.033e-05,0.108,0.0,0.099,0.066,0.222,62.587,273.283,0.02411,0.287,0.0,0.0,0.837,0.729,108.639,147.518
2023-01-17,-4.9,6.412575656797118,7.298e-06,-5.116,0.0,0.006,0.0,0.0,66.36,274.724,7.694e-06,0.47,0.0,0.1,0.066,0.0,66.36,273.069,0.02462,0.296,0.0,0.0,0.878,0.224,111.64,148.305
2023-01-18,-1.45,5.084263756019569,1.038e-05,-4.681,0.0,0.006,0.04,0.263,70.298,274.54,1.078e-05,0.834,0.0,0.101,0.066,0.263,70.298,272.765,0.02519,0.463,0.0,0.0,0.915,0.95,114.755,148.898
2023-01-19,-2.5,3.566965667728244,5.317e-06,-4.362,0.0,0.006,0.04,0.0,73.785,274.492,5.714e-06,1.144,0.0,0.102,0.065,0.0,73.785,272.641,0.02572,0.521,0.0,0.0,0.919,-0.042,117.625,149.701
2023-01-20,-3.95,2.092038602658162,3.242e-05,-4.338,0.0,0.007,0.04,0.0,82.271,274.444,3.282e-05,1.41,0.0,0.102,0.065,0.0,82.271,272.536,0.02625,0.548,0.0,0.0,0.917,-0.071,125.929,150.46
2023-01-21,-5.25,0.5509960567194225,3.114e-06,-4.375,0.0,0.007,0.04,0.0,90.321,274.397,3.51e-06,1.506,0.0,0.102,0.065,0.0,90.321,272.445,0.02674,0.572,0.0,0.0,0.939,-0.038,133.809,151.27
2023-01-22,-2.7,0.4475552087968997,8.183e-06,-4.114,0.0,0.007,0.04,0.323,92.871,274.154,8.578e-06,1.744,0.0,0.102,0.065,0.323,92.871,272.16,0.0273,0.803,0.0,0.0,0.965,1.033,135.347,151.552
2023-01-23,-2.85,0.38344531378377816,5.76e-06,-3.868,0.0,0.007,0.04,0.0,95.958,274.106,6.152e-06,1.937,0.0,0.101,0.065,0.0,95.958,272.096,0.02784,0.855,0.0,0.0,0.98,-0.127,136.758,152.059
2023-01-24,-4.55,0.3183308390920597,2.895e-06,-4.023,0.0,0.007,0.04,0.0,97.844,274.059,3.286e-06,1.984,0.0,0.101,0.065,0.0,97.844,272.028,0.0284,0.855,0.0,0.0,0.998,-0.007,137.086,152.707
2023-01-25,-9.05,0.2587328773015301,5.76e-06,-4.618,0.0,0.007,0.04,0.0,99.794,274.011,6.149e-06,1.739,0.0,0.101,0.065,0.0,99.794,271.956,0.02898,0.833,0.0,0.0,1.023,0.211,137.4,153.232
2023-01-26,-4.9,0.20490223790259704,6.862e-06,-4.655,0.0,0.007,0.04,0.0,102.644,273.964,7.249e-06,1.798,0.0,0.1,0.065,0.0,102.644,271.855,0.02958,0.832,0.0,0.0,1.045,-0.008,138.76,153.534
2023-01-27,-6.3,0.1613276076347118,1.573e-06,-4.887,0.0,0.007,0.04,0.0,104.544,273.917,1.959e-06,1.794,0.0,0.1,0.065,0.0,104.544,271.766,0.03017,0.838,0.0,0.0,1.06,0.101,139.36,153.836
2023-01-28,-1.45,0.11257433665147783,3.083e-08,-4.572,0.0,0.007,0.04,1.315,104.894,272.682,4.13e-07,2.09,0.0,0.099,0.064,1.315,104.894,270.49,0.03076,0.878,0.0,0.0,1.072,0.706,138.216,154.092
2023-01-29,-5.85,0.06064197441629082,1.766e-05,-4.775,0.0,0.007,0.04,0.24,108.83,272.521,1.804e-05,2.09,0.0,0.098,0.064,0.24,108.83,270.256,0.03138,0.929,0.0,0.0,1.085,0.767,140.111,154.418
2023-01-30,-10.15,0.008580345165801305,3.989e-06,-5.235,0.0,0.005,0.0,0.0,113.604,272.521,4.37e-06,1.805,0.0,0.097,0.064,0.0,113.604,270.097,0.03195,0.904,0.0,0.0,1.097,-0.042,143.057,154.783
2023-01-31,-14.05,0.0,1.339e-06,-6.184,0.0,0.004,0.0,0.0,114.741,272.521,1.722e-06,1.327,0.0,0.096,0.064,0.0,114.741,269.939,0.03254,1.004,0.0,0.0,1.113,-0.056,143.168,154.556
2023-02-01,-14.65,0.0,1.21e-08,-7.158,0.0,0.003,0.0,0.301,115.041,272.346,3.96e-07,0.899,0.0,0.096,0.063,0.301,115.041,269.606,0.0331,1.038,0.0,0.0,1.109,0.444,142.596,154.337
2023-02-02,-6.6,0.0,4.496e-07,-7.143,0.0,0.002,0.0,0.292,115.078,272.18,8.327e-07,1.058,0.0,0.095,0.063,0.292,115.078,269.282,0.0336,1.046,0.0,0.0,1.099,0.034,141.726,154.205
2023-02-03,-20.3,0.0,6.489e-09,-8.603,0.0,0.002,0.0,0.297,115.116,271.883,3.876e-07,0.415,0.0,0.094,0.063,0.297,115.116,268.83,0.03407,1.008,0.0,0.0,1.093,0.131,140.754,154.123
2023-02-04,-21.75,0.0,4.753e-09,-10.051,0.0,0.001,0.0,0.166,115.116,271.717,3.225e-07,-0.261,0.0,0.078,0.051,0.166,115.116,268.575,0.0345,0.973,0.0,0.0,1.088,0.039,139.886,153.592
2023-02-05,-6.05,0.0,4.411e-06,-9.787,0.0,0.001,0.0,0.235,116.052,271.608,4.742e-06,0.264,0.0,0.081,0.063,0.235,116.052,268.311,0.03487,0.973,0.0,0.0,1.069,0.325,140.174,153.008
2023-02-06,-6.65,0.0,1.325e-06,-9.607,0.0,0.001,0.0,0.0,117.225,271.608,1.665e-06,0.496,0.0,0.083,0.062,0.0,117.225,268.159,0.03518,0.958,0.0,0.0,1.047,-0.012,140.525,153.035
2023-02-07,-6.8,0.0,3.528e-06,-9.598,0.0,0.001,0.0,0.0,118.262,271.608,3.874e-06,0.788,0.0,0.084,0.062,0.0,118.262,268.008,0.03547,0.933,0.0,0.0,1.043,0.046,140.344,153.315
2023-02-08,0.8,0.0,6.872e-06,-8.486,1.861,0.0,0.0,0.0,116.3,275.255,6.704e-07,1.452,0.07,0.09,0.066,0.0,116.3,273.391,0.03576,0.922,0.067,0.0,1.052,0.069,139.574,154.018
2023-02-09,0.15,0.0,6.854e-05,-7.714,7.674,0.0,0.0,0.0,117.331,276.232,9.038,1.946,5.686,0.1,0.071,0.0,117.331,276.209,0.03612,0.879,0.137,0.0,1.076,0.546,144.431,157.16
2023-02-10,1.25,0.0,9.122e-05,-6.926,19.135,0.0,0.0,0.358,114.01,276.248,9.095e-05,2.354,18.799,0.107,0.07,0.358,114.01,276.226,0.03663,0.863,0.374,0.0,1.193,1.432,149.739,161.285
2023-02-11,-5.6,0.0,8.708e-06,-6.765,1.284,0.0,0.0,0.0,107.631,276.248,9.189e-06,2.241,1.257,0.109,0.068,0.0,107.631,276.044,0.03752,0.938,0.0,0.0,1.398,0.144,148.608,162.727
2023-02-12,-2.2,0.0,4.612e-06,-6.324,0.126,0.0,0.0,0.036,108.817,276.246,5.087e-06,2.363,0.123,0.11,0.068,0.036,108.817,275.86,0.03857,1.009,0.0,0.0,1.507,0.28,147.23,163.266
2023-02-13,0.95,0.0,9.085,-5.726,12.143,0.0,0.0,0.0,103.469,276.386,5.272e-05,2.694,11.624,0.114,0.07,0.0,103.469,276.365,0.03966,0.984,0.223,0.0,1.553,-0.205,145.042,166.265
2023-02-14,0.35,0.0,3.406e-05,-5.169,7.554,0.0,0.0,0.0,94.665,276.451,3.372e-05,2.902,7.338,0.117,0.07,0.0,94.665,276.431,0.04101,0.953,0.1,0.0,1.733,0.248,141.736,169.03
2023-02-15,4.05,0.0,0.0001271,-4.471,29.716,0.002,0.041,0.0,76.977,276.535,9.265,3.365,29.562,0.12,0.07,0.0,76.977,276.515,0.04268,0.896,0.629,0.0,1.945,0.077,136.921,174.48
2023-02-16,3.15,0.0,9.149,-3.796,20.413,0.004,0.041,0.628,52.161,276.471,8.357e-05,3.677,20.264,0.121,0.07,0.628,52.161,276.454,0.04504,0.936,0.371,0.0,2.409,0.314,130.282,178.767
2023-02-17,-6.6,0.0,2.937e-05,-4.226,1.416,0.005,0.041,0.0,46.712,276.423,2.983e-05,3.094,1.405,0.119,0.068,0.0,46.712,276.274,0.04809,0.959,0.0,0.0,2.83,0.146,129.689,178.9
2023-02-18,-8.2,0.0,4.294e-06,-4.782,0.141,0.005,0.041,0.173,51.398,276.327,4.756e-06,2.567,0.14,0.118,0.067,0.173,51.398,276.044,0.05104,0.959,0.0,0.0,2.844,0.428,131.613,178.174
2023-02-19,0.75,0.0,4.366e-05,-4.314,8.965,0.006,0.04,0.0,47.43,276.683,4.243e-05,2.955,8.582,0.12,0.07,0.0,47.43,276.665,0.05374,0.932,0.156,0.0,2.758,-0.074,130.048,178.346
2023-02-20,-2.5,0.0,1.149e-05,-4.354,2.165,0.006,0.041,0.165,42.961,276.706,9.042,2.938,2.008,0.12,0.069,0.165,42.961,276.689,0.05634,0.912,0.007,0.0,2.794,0.356,128.225,178.814
2023-02-21,-6.0,0.0,3.529e-06,-4.725,0.165,0.007,0.041,0.0,42.748,276.658,3.981e-06,2.614,0.153,0.118,0.068,0.0,42.748,276.507,0.0589,0.874,0.0,0.0,2.828,0.034,125.954,178.506
2023-02-22,-7.75,0.0,3.007e-06,-4.98,0.017,0.007,0.041,0.0,43.486,276.61,3.461e-06,2.228,0.016,0.117,0.068,0.0,43.486,276.324,0.06128,0.977,0.0,0.0,2.776,0.08,124.648,177.216
2023-02-23,-10.0,0.0,1.11e-05,-5.365,0.002,0.005,0.0,0.0,46.336,276.61,1.157e-05,1.802,0.002,0.116,0.067,0.0,46.336,276.141,0.06331,0.974,0.0,0.0,2.631,0.201,126.041,175.355
2023-02-24,-15.35,0.0,3.137e-06,-6.294,0.0,0.004,0.0,0.055,49.386,276.606,3.599e-06,1.037,0.0,0.115,0.067,0.055,49.386,275.957,0.0649,0.945,0.0,0.0,2.457,0.377,127.928,173.69
2023-02-25,-18.1,0.0,5.822e-07,-7.425,0.0,0.003,0.0,0.0,50.111,276.606,1.045e-06,0.226,0.0,0.113,0.067,0.0,50.111,275.776,0.06614,0.905,0.0,0.0,2.307,0.034,127.871,172.093
2023-02-26,-11.6,0.0,2.948e-07,-7.925,0.0,0.002,0.0,0.0,50.236,276.606,7.56e-07,0.198,0.0,0.112,0.067,0.0,50.236,275.596,0.06706,0.874,0.0,0.0,2.17,0.058,127.381,170.66
2023-02-27,-10.45,0.0,3.964e-08,-8.219,0.0,0.001,0.0,0.194,50.286,276.537,4.989e-07,0.262,0.0,0.111,0.066,0.194,50.286,275.349,0.06772,0.841,0.0,0.0,2.056,0.056,126.664,169.46
2023-02-28,-3.35,0.0,1.016e-05,-7.688,0.0,0.001,0.0,0.0,52.523,276.537,1.062e-05,0.903,0.0,0.111,0.067,0.0,52.523,275.169,0.06818,0.822,0.0,0.0,1.963,0.145,127.646,168.63
2023-03-01,-1.35,0.0,8.165e-06,-7.068,0.0,0.001,0.0,0.0,56.61,276.537,8.624e-06,1.512,0.0,0.111,0.067,0.0,56.61,274.993,9.11,0.851,0.0,0.0,1.905,0.165,129.87,168.651
2023-03-02,-1.1,0.0,2.271e-07,-6.431,0.0,0.001,0.0,0.0,58.51,276.537,6.843e-07,1.958,0.0,0.11,0.066,0.0,58.51,274.817,0.06878,0.88,0.0,0.0,1.906,0.368,129.302,169.689
2023-03-03,-6.45,0.0,3.982e-09,-6.525,0.0,0.0,0.0,0.167,58.56,276.495,4.592e-07,1.854,0.0,0.109,0.066,0.167,58.56,274.602,0.06918,0.872,0.0,0.0,1.974,0.093,126.678,170.141
2023-03-04,-2.65,0.0,2.226e-05,-6.069,0.0,0.0,0.0,0.214,63.548,276.406,2.271e-05,2.112,0.0,0.109,0.066,0.214,63.548,274.339,0.06969,0.862,0.0,0.0,2.015,1.175,128.593,170.232
2023-03-05,-1.8,0.0,4.188e-06,-5.68,0.0,0.0,0.0,0.03,69.423,276.405,4.639e-06,2.394,0.0,0.108,0.066,0.03,69.423,274.165,0.07014,0.929,0.0,0.0,2.015,0.771,131.791,169.724
2023-03-06,-1.85,0.0,4.417e-07,-5.308,0.0,0.0,0.0,0.029,70.396,276.403,8.894e-07,2.613,0.0,0.108,0.066,0.029,70.396,273.991,0.07053,0.908,0.0,0.0,1.986,0.002,130.962,169.686
2023-03-07,-4.5,0.0,5.289e-06,-5.13,0.0,0.0,0.0,0.0,71.668,276.403,5.734e-06,2.598,0.0,0.107,0.066,0.0,71.668,273.821,0.07091,0.862,0.0,0.0,1.985,0.246,129.971,169.935
2023-03-08,-4.45,0.0,5.298e-06,-4.99,0.0,0.002,0.04,0.0,74.054,276.355,5.731e-06,2.592,0.0,0.106,0.066,0.0,74.054,273.65,0.07129,0.916,0.0,0.0,1.994,0.253,130.15,169.287
2023-03-09,-4.35,0.0,1.037e-05,-4.889,0.0,0.004,0.04,0.0,77.604,276.307,1.08e-05,2.615,0.0,0.106,0.065,0.0,77.604,273.481,0.07156,0.981,0.0,0.0,1.948,0.279,131.993,168.6
2023-03-10,-5.75,0.0,2.003e-06,-4.969,0.0,0.005,0.04,0.202,80.404,276.182,2.42e-06,2.548,0.0,0.105,0.065,0.202,80.404,273.235,0.07171,0.967,0.0,0.0,1.898,0.646,133.168,168.125
2023-03-11,-4.9,0.0,4.549e-07,-5.057,0.0,0.003,0.0,0.0,80.892,276.182,8.745e-07,2.554,0.0,0.104,0.065,0.0,80.892,273.066,0.07179,0.939,0.0,0.0,1.862,-0.039,132.192,167.748
2023-03-12,-3.1,0.0,6.243e-07,-5.09,0.133,0.002,0.0,0.138,80.592,276.698,4.331e-07,2.692,0.0,0.104,0.066,0.138,80.592,273.558,0.07181,0.909,0.0,0.0,1.835,0.014,130.723,167.6
2023-03-13,0.7,0.0,3.062e-05,-4.537,7.219,0.004,0.041,0.0,76.454,276.783,1.783e-05,3.073,4.188,0.11,0.07,0.0,76.454,276.741,0.07182,0.87,0.112,0.0,1.829,-0.103,128.462,168.945
2023-03-14,0.05,0.0,2.725e-05,-3.982,0.482,0.005,0.041,0.0,78.455,276.735,2.746e-05,3.313,0.275,0.112,0.068,0.0,78.455,276.559,0.07202,0.846,0.0,0.0,1.918,0.428,129.239,173.369
2023-03-15,-0.75,0.0,7.896e-06,-3.663,0.351,0.006,0.041,0.306,85.273,276.742,7.107e-06,3.444,0.084,0.113,0.068,0.306,85.273,276.698,0.07281,0.917,0.0,0.0,2.251,1.053,130.425,175.148
2023-03-16,-0.8,0.0,2.478e-06,-3.386,0.346,0.006,0.041,0.0,86.154,276.801,2.293e-06,3.552,0.197,0.114,0.068,0.0,86.154,276.761,0.07395,0.889,0.0,0.0,2.438,-0.091,127.687,176.519
2023-03-17,2.7,0.0,9.116,-2.821,24.401,0.006,0.041,0.0,77.916,276.883,0.000122,3.883,24.252,0.117,0.07,0.0,77.916,276.845,0.07542,0.821,0.513,0.0,2.621,0.282,124.954,184.766
2023-03-18,-0.35,0.0,2.659e-05,-2.645,5.813,0.007,0.041,0.0,68.31,276.939,2.643e-05,3.904,5.669,0.119,0.069,0.0,68.31,276.902,0.07852,0.905,0.049,0.0,3.535,0.274,120.598,189.35
2023-03-19,-7.5,0.0,4.557e-06,-3.127,0.439,0.007,0.041,0.0,66.954,276.891,4.999e-06,3.422,0.428,0.118,0.068,0.0,66.954,276.72,0.08251,0.893,0.0,0.0,4.074,0.387,115.839,188.276
2023-03-20,-2.75,0.0,3.094e-06,-3.26,0.045,0.007,0.041,0.0,67.354,276.843,3.543e-06,3.416,0.044,0.117,0.068,0.0,67.354,276.537,0.08593,0.865,0.0,0.0,3.868,0.015,113.501,186.789
2023-03-21,0.75,0.0,3.959e-05,-2.942,8.92,0.007,0.04,0.238,63.118,276.98,3.834e-05,3.699,8.536,0.119,0.07,0.238,63.118,276.943,0.08898,0.806,0.151,0.0,3.771,0.168,109.359,190.081
2023-03-22,-0.95,0.0,2.654e-05,-2.91,6.146,0.007,0.041,0.244,55.726,277.037,9.108,3.749,5.985,0.12,0.069,0.244,55.726,277.0,0.09275,0.798,0.078,0.0,4.236,0.127,102.859,192.724
2023-03-23,2.6,0.0,9.68e-05,-2.379,19.936,0.007,0.041,0.0,45.507,277.148,9.665e-05,4.082,19.787,0.122,0.07,0.0,45.507,277.112,0.09764,0.829,0.4,0.0,4.945,0.216,94.956,202.437
2023-03-24,-0.65,0.03685000361291743,1.441e-05,-2.242,2.828,0.007,0.041,0.0,37.901,277.181,1.43e-05,3.985,2.687,0.121,0.069,0.0,37.901,277.146,0.1057,0.824,0.006,0.0,6.77,0.26,84.715,207.898
2023-03-25,-0.85,0.14670151514821284,9.065,-2.181,2.555,0.007,0.041,0.0,37.263,277.223,1.699e-05,3.915,2.413,0.121,0.069,0.0,37.263,277.189,0.1154,0.798,0.016,0.0,7.795,0.291,75.007,209.658
2023-03-26,1.65,1.0068744157614388e-05,4.751e-05,-1.775,10.092,0.007,0.041,0.0,32.588,277.295,4.737e-05,4.095,9.945,0.122,0.07,0.0,32.588,277.261,0.1267,0.788,0.187,0.0,8.674,0.415,65.011,214.459
2023-03-27,1.7,0.004847859337366638,5.626e-05,-1.519,13.415,0.007,0.041,0.0,21.507,277.37,9.079,4.072,13.267,0.123,0.07,0.0,21.507,277.338,0.1403,0.841,0.237,0.0,10.093,0.229,52.18,218.242
2023-03-28,-0.8,0.5295865905952669,5.537e-06,-1.456,0.912,0.007,0.041,0.321,14.957,277.128,5.998e-06,3.633,0.901,0.121,0.068,0.321,14.957,276.964,0.1545,0.72,0.0,0.0,10.652,0.53,40.991,215.741
2023-03-29,1.15,0.6539143185962696,5.95e-05,-1.435,14.084,0.007,0.041,0.533,7.597,277.272,5.876e-05,2.575,13.808,0.122,0.07,0.547,7.597,277.242,9.236,0.768,0.325,0.0,10.258,0.267,30.488,217.831
2023-03-30,-5.3,4.537617824419809,6.659e-06,-1.813,0.912,0.007,0.041,0.004,0.474,277.224,7.023e-06,-0.788,0.893,0.099,0.051,0.004,0.474,277.159,0.1779,0.588,0.0,0.0,9.567,0.493,23.899,205.589
2023-03-31,-1.65,5.315130213348191,1.875e-05,-1.966,1.382,0.008,0.041,0.0,2.614,277.477,1.845e-05,0.408,1.226,0.102,0.067,0.0,2.614,277.441,0.1837,0.521,3.862,0.0,7.402,0.376,22.988,198.535
2023-04-01,7.35,0.0,9.045,-1.26,8.644,0.008,0.041,0.681,2.159,277.306,4.848e-05,4.728,8.481,0.108,0.07,0.699,2.159,277.269,0.1879,3.79,1.695,0.0,6.771,1.029,19.027,206.688
2023-04-02,-3.4,2.972935111610203,2.992e-06,-1.397,0.585,0.008,0.041,0.342,0.008,277.0,3.4e-06,0.539,0.573,0.108,0.067,0.35,0.008,276.839,0.192,1.424,0.137,0.0,7.006,1.375,14.38,198.407
2023-04-03,1.4,0.19701163261834007,2.186e-05,-1.042,2.818,0.01,0.046,0.466,0.008,277.415,2.115e-05,1.504,2.561,0.112,0.069,0.478,0.008,277.387,0.1942,2.329,0.335,0.0,6.169,0.85,12.221,198.96
2023-04-04,4.0,0.020566473561388052,1.468e-06,-0.449,0.197,0.017,0.051,1.212,0.0,276.116,1.851e-06,3.254,0.179,0.112,0.067,1.254,0.0,275.955,0.1959,3.337,0.022,0.0,6.132,2.049,9.754,194.635
2023-04-05,1.8,0.0,0.0002818,-0.143,42.668,0.024,0.054,0.689,0.0,277.328,9.328,2.777,42.421,0.118,0.072,0.708,0.0,277.309,0.1992,1.679,0.998,0.001,6.98,1.387,13.685,221.526
2023-04-06,7.8,0.0,9.118,0.731,9.072,0.05,0.069,0.66,0.0,277.379,5.341e-05,5.705,9.037,0.12,0.069,0.678,0.0,277.364,0.2147,3.199,0.106,0.001,13.385,0.486,13.957,225.537
2023-04-07,0.4,0.30423841779069,6.973e-06,0.737,0.698,0.067,0.067,0.855,0.0,276.344,7.179e-06,3.01,0.695,0.118,0.067,0.884,0.0,276.313,0.2271,2.241,0.0,0.0,12.096,1.784,8.121,213.253
2023-04-08,-0.7,1.9650049382670594,3.725e-06,0.625,0.072,0.078,0.066,1.144,0.0,275.025,3.876e-06,1.383,0.071,0.115,0.066,1.182,0.0,274.958,9.277,1.708,0.0,0.0,8.572,1.498,6.54,203.462
2023-04-09,2.65,0.12960044594464806,2.085e-06,0.856,0.008,0.085,0.066,0.985,0.0,273.869,2.195e-06,2.515,0.008,0.113,0.066,1.018,0.0,273.77,0.234,2.85,0.0,0.0,7.106,1.214,4.079,199.955
2023-04-10,8.0,0.0028795574066756134,1.256e-06,1.587,0.001,0.09,0.065,1.261,0.0,272.44,1.336e-06,5.736,0.001,0.11,0.065,1.303,0.0,272.303,0.2349,5.949,0.0,0.0,6.597,1.581,1.287,194.461
2023-04-11,13.3,0.0,5.69e-06,2.829,0.011,0.093,0.065,0.95,0.0,273.51,5.748e-06,9.723,0.011,0.108,0.065,0.976,0.0,273.356,0.2335,10.421,0.011,0.0,5.364,1.409,0.003,189.832
2023-04-12,9.4,0.0,1.074e-06,3.515,0.0,0.095,0.065,1.289,0.0,272.255,1.116e-06,9.276,0.0,0.106,0.064,1.326,0.0,272.066,0.23,8.493,0.0,0.0,4.222,2.391,0.0,183.467
2023-04-13,17.1,0.0,5.25e-07,4.853,0.0,0.096,0.064,1.952,0.0,270.142,5.55e-07,13.107,0.0,0.103,0.063,2.014,0.0,269.892,0.2251,12.795,0.0,0.0,3.326,2.331,0.0,177.813
2023-04-14,15.5,0.0,4.649e-07,5.897,0.0,0.094,0.062,2.621,0.0,267.37,4.856e-07,13.826,0.0,0.1,0.062,2.703,0.0,267.038,0.2192,11.856,0.0,0.0,2.675,3.785,0.0,171.359
2023-04-15,18.15,0.0,4.271e-07,7.062,0.0,0.091,0.061,1.583,0.0,265.642,4.408e-07,15.498,0.0,0.095,0.061,1.629,0.0,265.266,0.2126,14.725,0.0,0.0,2.157,2.074,0.0,167.123
2023-04-16,18.25,0.0,3.998e-07,8.097,0.0,0.088,0.059,2.875,0.0,262.63,4.081e-07,16.259,0.0,0.09,0.059,2.952,0.0,262.179,0.2057,14.127,0.0,0.0,1.8,4.082,0.0,161.247
2023-04-17,11.35,0.0,1.996e-05,8.3,0.127,0.09,0.063,0.72,0.0,270.225,1.988e-05,13.059,0.127,0.091,0.063,0.734,0.0,269.762,0.1986,12.127,0.127,0.0,1.56,1.977,0.0,165.398
2023-04-18,5.0,0.0,7.117e-07,7.847,0.0,0.091,0.062,1.281,0.0,268.789,6.721e-07,8.551,0.0,0.091,0.062,1.313,0.0,268.296,0.192,7.394,0.0,0.0,1.63,3.034,0.0,161.523
2023-04-19,2.8,0.008938320539947019,5.602e-07,7.227,0.0,0.09,0.062,1.341,0.0,267.297,5.381e-07,5.73,0.0,0.09,0.061,1.374,0.0,266.773,0.1854,5.326,0.0,0.0,1.471,1.918,0.0,158.125
2023-04-20,3.2,0.010505098699094658,4.793e-07,6.72,0.0,0.089,0.061,1.23,0.0,265.92,4.653e-07,4.876,0.0,0.089,0.061,1.26,0.0,265.368,0.1789,5.062,0.0,0.0,1.297,1.627,0.0,155.199
2023-04-21,10.2,0.0,8.743e-07,6.964,0.0,0.088,0.061,1.314,0.0,264.663,8.639e-07,8.172,0.0,0.087,0.06,1.341,0.0,264.086,9.246,8.996,0.0,0.0,1.152,1.735,0.0,152.516
2023-04-22,13.25,0.0,1.067e-06,7.538,0.0,0.086,0.06,0.885,0.0,263.938,1.058e-06,10.992,0.0,0.085,0.06,0.902,0.0,263.347,0.166,11.92,0.0,0.0,1.039,0.922,0.0,150.774
2023-04-23,7.75,0.0,9.866e-05,7.48,9.567,0.103,0.074,1.002,0.0,274.603,9.624e-05,9.191,9.046,0.101,0.073,1.022,0.0,274.563,0.1599,8.928,0.424,0.0,1.058,3.12,0.0,167.751
2023-04-24,6.05,0.0,4.412e-06,7.264,0.758,0.104,0.066,1.42,0.0,273.01,4.391e-06,7.603,0.715,0.103,0.066,1.452,0.0,272.938,0.1552,7.125,0.0,0.0,1.601,2.996,0.0,163.959
2023-04-25,6.2,0.0,2.904e-06,7.07,0.075,0.103,0.065,1.358,0.0,271.684,2.892e-06,7.103,0.071,0.103,0.065,1.385,0.0,271.586,0.1506,6.842,0.0,0.0,1.569,2.144,0.0,160.443
2023-04-26,6.6,0.0,1.47e-06,6.927,0.008,0.102,0.064,1.919,0.0,269.604,1.463e-06,7.123,0.008,0.101,0.064,1.962,0.0,269.463,0.1459,6.459,0.0,0.0,1.384,2.878,0.0,156.186
2023-04-27,7.15,0.0,2.502e-06,6.87,0.001,0.1,0.063,1.091,0.0,269.057,2.498e-06,7.413,0.001,0.099,0.063,1.112,0.0,268.896,0.1411,7.74,0.0,0.0,1.205,1.769,0.0,153.899
2023-04-28,10.45,0.0,6.947e-07,7.138,0.0,0.097,0.062,2.253,0.0,266.653,6.912e-07,9.235,0.0,0.096,0.062,2.302,0.0,266.444,0.1363,8.504,0.0,0.0,1.075,3.213,0.0,149.624
2023-04-29,11.15,0.0,3.419e-06,7.483,0.003,0.094,0.061,1.303,0.0,266.501,3.415e-06,10.295,0.003,0.093,0.061,1.328,0.0,266.267,0.1315,10.127,0.003,0.0,0.938,2.123,0.0,147.837
2023-04-30,10.85,0.0,1.303e-05,7.756,0.063,0.095,0.064,0.726,0.0,270.949,1.299e-05,10.548,0.063,0.095,0.064,0.738,0.0,270.704,0.1268,10.669,0.063,0.0,0.874,1.698,0.0,149.807
